緯度,經度,南投縣政府警察局防空疏散避難設施清冊,"unnamed (1)","unnamed (2)","unnamed (3)","unnamed (4)","unnamed (5)","unnamed (6)","unnamed (7)","unnamed (8)","unnamed (9)","unnamed (10)","unnamed (11)","unnamed (12)","unnamed (13)"
,,製表日期：112年6月9日　,,,,,,,,,,,,,
,,主管核章：○○年○○月○○日○　　　,,,,,,,,,,,,,
,,電腦編號,建築物名稱,縣(市),鄉鎮市區,村里別,地址,避難樓層,"防空避難設備面積
(平方公尺)",是否兼作停車空間,"容量
（自動計算）",轄管分局,"建檔日期
（西元年/月/日）","最後修正日期
（西元年/月/日）",不設標誌牌
,,KMA00571,上毅建設,南投縣,南投市,平和里,南投市平和里信義街1號,1,2078.31,v,1443,南投分局,1997.6.20,12/31/2022,
,,KMA00593,通力國寶,南投縣,南投市,平和里,南投市平和里中興路466號,1,7533.2,v,5231,南投分局,1997.6.20,12/31/2022,
,,KMA00521,簡氏宗親會,南投縣,南投市,平和里,南投市平和里中興路510.516號,1,159.36,v,110,南投分局,1997.6.20,12/31/2022,
,,KMA00230,南投救國團,南投縣,南投市,三和里,南投市三和里中興路700號,1,277,v,192,南投分局,1997.6.20,12/31/2022,
,,KMA00286,台灣銀行,南投縣,南投市,三和里,南投市三和里復興路101號,1,1004,v,697,南投分局,1997.6.20,12/31/2022,不設
,,KMA00509,宏光隱形眼鏡,南投縣,南投市,三和里,南投市三和里彰南路一段966號,1,157.47,v,109,南投分局,1997.6.20,12/31/2022,
,,KMA00364,華南銀行,南投縣,南投市,彰仁里,南投市彰仁里復興路236號,1,359.77,v,249,南投分局,1997.6.20,12/31/2022,
,,KMA00598,南崗國中,南投縣,南投市,嘉和里,南投市嘉和里大庄路94號,1,205,v,142,南投分局,1998.8.17,12/31/2022,
,,KMA00601,南基醫院,南投縣,南投市,嘉和里,南投市嘉和里中興路870號,1,736.72,v,511,南投分局,1997.6.20,12/31/2022,
,,KMA00644,南投國宅,南投縣,南投市,嘉和里,南投市嘉和里樂利路201號,1,1908.8,v,1325,南投分局,1999.7.21,12/31/2022,
,,KMA00625,許陳梅雀,南投縣,南投市,三和里,南投市三和里公園南街97號,1,563.5,v,391,南投分局,1997.7.11,12/31/2022,
,,KMA00607,南投縣政府稅務局,南投縣,南投市,三和里,南投市三和里復興路2號,1,1936.43,v,1344,南投分局,1997.6.20,12/31/2022,
,,KMA00310,南投縣衛生局,南投縣,南投市,三和里,南投市三和里復興路6號,1,75.35,v,52,南投分局,1997.6.20,12/31/2022,
,,KMA00358,南投郵局,南投縣,南投市,三和里,南投市三和里三和二路30號,1,670.11,v,465,南投分局,1997.6.20,12/31/2022,不設
,,KMA00603,遠東銀行,南投縣,南投市,三和里,南投市三和里三和二路11號,1,590.64,v,410,南投分局,1997.6.20,12/31/2022,不設
,,KMA00595,通力建設,南投縣,南投市,南投里,南投市彰南路二段16號,1,170.21,v,118,南投分局,1997.6.20,12/31/2022,
,,KMA00376,楊明勳民宅,南投縣,南投市,南投里,南投市彰南路二段9號,1,219.05,v,152,南投分局,1997.6.20,12/31/2022,
,,KMA00414,百事特童裝,南投縣,南投市,南投里,南投市南投里民族路276號,1,175.82,v,122,南投分局,1997.6.20,12/31/2022,
,,KMA00413,TS髮型沙龍,南投縣,南投市,南投里,南投市南投里民族路274號,1,65.53,v,45,南投分局,1997.6.20,12/31/2022,
,,KMA00131,南投酒廠,南投縣,南投市,軍功里,南投市軍功里東山路82號,1,179,v,124,南投分局,1997.6.20,12/31/2022,
,,KMA00645,交通部電信總局,南投縣,南投市,平和里,南投市平和里民族路160號,2,1430,v,993,南投分局,1999.7.21,12/31/2022,不設
,,KMA00583,錦繡官邸,南投縣,南投市,嘉和里,南投市嘉和里忠孝八街12號,1,1028.52,v,714,南投分局,1997.6.20,12/31/2022,
,,KMA00563,金山建設公司,南投縣,南投市,嘉和里,南投市嘉和里彰南路一段674巷29號,1,554.09,v,384,南投分局,1997.6.20,12/31/2022,
,,KMA00070,觀音寺,南投縣,南投市,東山里,南投市東山里東山路13號,1,64,v,44,南投分局,1997.6.20,12/31/2022,
,,KMA00637,康壽國小,南投縣,南投市,康壽里,南投市康壽里南陽路26-9號,1,1149.11,v,797,南投分局,1998.9.11,12/31/2022,
,,KMA00359,林華騰民宅,南投縣,南投市,康壽里,南投市康壽里中山街214號,1,50.12,v,34,南投分局,1997.6.20,12/31/2022,
,,KMA00285,南投醫院,南投縣,南投市,康壽里,南投市康壽里復興路478號,1,1113,v,772,南投分局,1997.6.20,12/31/2022,
,,KMA00596,美滿天廈,南投縣,南投市,康壽里,南投市康壽里南陽路343號,1,1546,v,1073,南投分局,1997.6.20,12/31/2022,
,,KMA00283,南投市文化中心,南投縣,南投市,三興里,南投市三興里建國路201號,1,2783,v,1932,南投分局,1997.6.20,12/31/2022,
,,KMA00616,台灣中小企業銀行,南投縣,南投市,崇文里,南投市崇文里復興路139號,1,178.12,v,123,南投分局,1997.6.20,12/31/2022,不設
,,KMA00615,南投市農會,南投縣,南投市,崇文里,南投市崇文里文昌街45號,1,800.38,v,555,南投分局,1997.6.20,12/31/2022,不設
,,KMA00614,霖谷建設,南投縣,南投市,崇文里,南投市崇文里中山街38號,1,286.36,v,198,南投分局,1997.6.20,12/31/2022,
,,KMA00503,南投國小,南投縣,南投市,崇文里,南投市崇文里彰南路二段1059號,1,76.24,v,52,南投分局,1997.6.20,12/31/2022,
,,KMA00012,移民署,南投縣,南投市,崇文里,南投市崇文里文昌街87號,1,150,v,104,南投分局,1997.6.20,12/31/2022,
,,KMA00575,南投地方法院,南投縣,南投市,三和里,南投市三和里中興路759號,1,1860,v,1291,南投分局,1997.6.20,12/31/2022,
,,KMA00640,南投市公所,南投縣,南投市,龍泉里,南投市龍泉里玉井街5號,1,1761.6,v,1223,南投分局,1999.01.16,12/31/2022,
,,KMA00582,尚品建設,南投縣,南投市,平和里,南投市平和里信義街250號,1,753.75,v,523,南投分局,1997.6.20,12/31/2022,
,,KMA00565,陳淑芳民宅,南投縣,南投市,平和里,南投市平和里信義街169號,1,125.03,v,86,南投分局,1997.6.20,12/31/2022,
,,KMA00328,中華電信,南投縣,南投市,三民里,南投市三民里中山一街3號,1,328.33,v,228,南投分局,1997.6.20,12/31/2022,不設
,,KMA00590,中友建設,南投縣,南投市,軍功里,南投市軍功里東山路443巷2號,1,2949,v,2047,南投分局,1997.6.20,12/31/2022,
,,KMA00628,中友建設,南投縣,南投市,軍功里,南投市軍功里東山路443巷27號,1,2573.93,v,1787,南投分局,1997.6.20,12/31/2022,
,,KMA00329,趙明森民宅,南投縣,南投市,三興里,南投市三興里建國路88號,1,40.8,v,28,南投分局,1997.6.20,12/31/2022,
,,KMA00602,南投縣政府消防局,南投縣,南投市,三興里,南投市三興里民族路494號,1,828.35,v,575,南投分局,1997.6.20,12/31/2022,
,,KMA00604,廖來進民宅,南投縣,南投市,三興里,南投市三里里文化路17號,1,3096.56,v,2150,南投分局,1997.6.20,12/31/2022,
,,KMA00618,南投高商,南投縣,南投市,三興里,南投市三興里彰南路一段963號,1,507.79,v,352,南投分局,1997.6.20,12/31/2022,
,,KMA00619,霖谷建設,南投縣,南投市,三興里,南投市三興里建國路97號,1,1031.97,v,716,南投分局,1997.6.20,12/31/2022,
,,KMA00639,名人世家,南投縣,南投市,三興里,南投市三興里建國路18號,1,1117.31,v,775,南投分局,1998.11.18,12/31/2022,
,,KMA00630,南投高中,南投縣,南投市,三興里,南投市三興里建國路137號,1,507,v,352,南投分局,1999.7.21,12/31/2022,
,,KMA00635,台灣電力公司,南投縣,南投市,三興里,南投市三興里民族路436號,1,33.9,v,23,南投分局,1999.7.21,12/31/2022,不設
,,KMA00674,南投縣立圖書館,南投縣,南投市,三和里,南投市三和里中興路669號,2,1746.33,v,1212,南投分局,2018.1.3,12/31/2022,
,,KMA00675,彰化客運,南投縣,南投市,三和里,南投市三和里三和三路21號,2,10352.88,v,7189,南投分局,2018.1.3,12/31/2022,
,,KMA00676,台灣自來水公司,南投縣,南投市,三興里,南投市彰南路一段550號,2,199.35,v,138,南投分局,2018.1.3,12/31/2022,
,,KMA00677,南投縣家畜防治所,南投縣,南投市,三興里,南投市三興里民族路499號,2,645.34,v,448,南投分局,2018.1.3,12/31/2022,
,,KMA00678,國泰人壽保險公司,南投縣,南投市,三和里,南投市三和里三和三路13號,2,267.48,v,185,南投分局,2018.1.3,12/31/2022,
,,KMA00679,南投縣政府,南投縣,南投市,三和里,南投市三和里中興路660號,2,12328.61,v,8561,南投分局,2018.1.3,12/31/2022,
,,KMA00680,南投縣地政事務所,南投縣,南投市,三和里,南投市三和里三和二路60號,1,708.17,v,491,南投分局,2018.1.3,12/31/2022,
,,KMA00681,千秋國小,南投縣,南投市,千秋里,南投市千秋里千秋路13巷1號,1,283.04,v,196,南投分局,2018.1.3,12/31/2022,
,,KMA00682,公園大廈,南投縣,南投市,平和里,南投市平和里南陽路142號,1,825.2,v,573,南投分局,2018.1.3,12/31/2022,
,,KMA00683,仁和里活動中心,南投縣,南投市,仁和里,南投市仁和里民生街33之3號,1,199.16,v,138,南投分局,2018.1.3,12/31/2022,
,,KMA00684,集合住宅,南投縣,南投市,平和里,南投市平和里南陽路150巷1號,1,342.42,v,237,南投分局,2018.1.3,12/31/2022,
,,KMA00685,行政院水土保護局,南投縣,南投市,康壽里,南投市康壽里復興路350號,1,1460.8,v,1014,南投分局,2018.1.3,12/31/2022,
,,KMA00686,集合住宅,南投縣,南投市,嘉和里,南投市嘉和里樂利路197巷2號,1,997.26,v,692,南投分局,2018.1.3,12/31/2022,
,,KMA00687,台灣電力公司,南投縣,南投市,三和里,南投市三和里中興路671號,1,1312.9,v,911,南投分局,2018.1.3,12/31/2022,
,,KMA00688,偉達補習班,南投縣,南投市,康壽里,南投市康壽里玉井街48號,1,130.95,v,90,南投分局,2018.1.3,12/31/2022,
,,KMA00700,財政部國稅局南投分局,南投縣,南投市,三和里,南投市三和里中興路667號,1,1257.3,v,873,南投分局,2000.1.3,12/31/2022,
,,KMA00705,南投縣政府警察局,南投縣,南投市,三興里,南投市三興里南崗二路133號,1,7990.5,v,5549,南投分局,2000.1.3,12/31/2022,
,,KMA00706,南投縣政府警察局南投分局,南投縣,南投市,三民里,南投市三民里彰南路二段109號,1,1376.64,v,956,南投分局,2000.1.3,12/31/2022,
,,KMA00689,西嶺國小,南投縣,南投市,鳳鳴里,南投縣南投市鳳鳴里八卦路894號,1,694.92,v,482,南投分局,2018.1.3,12/31/2022,
,,KMA00693,鳳鳴國中,南投縣,南投市,鳳鳴里,南投縣南投市鳳鳴里八卦路896號,1,705.63,v,490,南投分局,2019.1.3,12/31/2022,
,,KMA00690,文山國小,南投縣,南投市,鳳鳴里,南投縣南投市鳳鳴里八卦路349號,1,1121.75,v,778,南投分局,2018.1.3,12/31/2022,
,,KMA00643,名間郵局,南投縣,名間鄉,南雅村,名間鄉南雅村南雅街65號,1,739.74,v,513,南投分局,1999.6.15,12/31/2022,不設
,,KMA00570,陳李素琼,南投縣,名間鄉,濁水村,名間鄉濁水村員集路89號,1,158.21,v,109,南投分局,1997.6.20,12/31/2022,
,,KMA00347,名間農會,南投縣,名間鄉,中正村,名間鄉中正村彰南路26號,1,12.5,v,8,南投分局,1997.6.20,12/31/2022,不設
,,KMA00519,楊中龍民宅,南投縣,名間鄉,中正村,名間鄉中正村彰南路董門巷21-43號,1,655.06,v,454,南投分局,1997.6.20,12/31/2022,
,,KMA00346,名間鄉公所,南投縣,名間鄉,中正村,名間鄉中正村彰南路40號,1,211,v,146,南投分局,1997.6.20,12/31/2022,
,,KMA00654,欣美食業公司,南投縣,南投市,新興里,南投市新興里彰南路三段329巷1號,1,100,v,69,南投分局,2018.1.3,12/31/2022,
,,KMA00107,南崗家具,南投縣,南投市,平山里,南投市平山里南崗三路28號,1,84,v,58,南投分局,1997.6.20,12/31/2022,
,,KMA00174,員鑫有限公司,南投縣,南投市,平山里,南投市平山里仁和路28號,1,24,v,16,南投分局,1997.6.20,12/31/2022,
,,KMA00626,原廣公司,南投縣,南投市,平山里,南投市平山里南崗三路18號,1,148.5,v,103,南投分局,1997.6.20,12/31/2022,
,,KMA00100,南興水泥製品廠,南投縣,南投市,平山里,南投市平山里南崗三路19號,1,32,v,22,南投分局,1997.6.20,12/31/2022,
,,KMA00362,佳保工業公司,南投縣,南投市,平山里,南投市平山里南崗三路13號,1,675,v,468,南投分局,1997.6.20,12/31/2022,
,,KMA00550,合默麟開發公司,南投縣,南投市,新興里,南投市新興里仁和路143-1號,1,1200,v,833,南投分局,1997.6.20,12/31/2022,
,,KMA00141,全興化工公司,南投縣,南投市,平山里,南投市平山里仁和路25號,1,60,v,41,南投分局,1997.6.20,12/31/2022,
,,KMA00385,中永實業公司,南投縣,南投市,平山里,南投市平山里自強三路16號,1,353.4,v,245,南投分局,1997.6.20,12/31/2022,
,,KMA00671,泰谷光電,南投縣,南投市,平山里,南投市平山里自強三路22號,1,1622.6,v,1126,南投分局,2018.1.3,12/31/2022,
,,KMA00667,泰谷光電,南投縣,南投市,永豐里,南投市永豐里自強三路18號,1,1209.17,v,839,南投分局,2018.1.3,12/31/2022,
,,KMA00659,彩楊塑膠工業公司,南投縣,南投市,平山里,南投市平山里仁和路5號,1,1586,v,1101,南投分局,2018.1.3,12/31/2022,
,,KMA00247,臺臂工業,南投縣,南投市,平山里,南投市平山里仁和路19號,1,112.5,v,78,南投分局,1997.6.20,12/31/2022,
,,KMA00524,賢泰實業公司,南投縣,南投市,平山里,南投市平山里仁和路135號,1,3032.83,v,2106,南投分局,1997.6.20,12/31/2022,
,,KMA00480,樺林公司,南投縣,南投市,平山里,南投市平山里工業路5號,1,1440,v,1000,南投分局,1997.6.20,12/31/2022,
,,KMA00282,吉安車業,南投縣,南投市,新興里,南投市南崗三路29號,1,972,v,675,南投分局,1987.7.14,12/31/2022,
,,KMA00055,經濟部工業局南崗工業區,南投縣,南投市,新興里,南投市南崗三路21號,1,548.68,v,381,南投分局,1985.9.2,12/31/2022,
,,KMA00108,輝達公司,南投縣,南投市,平山里,南投市平山里南崗三路23號,1,325,v,225,南投分局,1997.6.20,12/31/2022,
,,KMA00520,三力達有限公司,南投縣,南投市,永豐里,南投市永豐里工業北五路12號,1,162.21,v,112,南投分局,1997.6.20,12/31/2022,
,,KMA00650,大漢窗簾,南投縣,南投市,永豐里,南投市永豐里成功三路154號,1,148.5,v,103,南投分局,1998.8.17,12/31/2022,
,,KMA00652,火鶴工業,南投縣,南投市,永豐里,南投市成功三路150號,1,1586,v,1101,南投分局,2018.1.3,12/31/2022,
,,KMA00669,和昌大廈,南投縣,南投市,永豐里,南投市永豐里自立一路3巷43號,1,189.91,v,131,南投分局,2018.1.3,12/31/2022,
,,KMA00215,光大鋼鐵工業,南投縣,南投市,永豐里,南投市永豐里成功三路134號,1,97.5,v,67,南投分局,1997.6.20,12/31/2022,
,,KMA00655,有侑實業公司,南投縣,南投市,永豐里,南投市永豐里工業路61號,1,1290.12,v,895,南投分局,2018.1.3,12/31/2022,
,,KMA00560,系統電子,南投縣,南投市,永豐里,南投市永豐里工業北路26號,1,2491.22,v,1730,南投分局,1997.6.20,12/31/2022,
,,KMA00409,亞麥開發,南投縣,南投市,永豐里,南投市永豐里工業北一路5號,1,810,v,562,南投分局,1997.6.20,12/31/2022,
,,KMA00448,固品塑膠工業,南投縣,南投市,永豐里,南投市永豐里工業北三路9號,1,32,v,22,南投分局,1997.6.20,12/31/2022,
,,KMA00417,松和工業谷份,南投縣,南投市,永豐里,南投市永豐里南崗三路61號,1,1049.19,v,728,南投分局,1997.6.20,12/31/2022,
,,KMA00438,松贊油封,南投縣,南投市,永豐里,南投市永豐里工業東路11號,1,1693,v,1175,南投分局,1997.6.20,12/31/2022,
,,KMA00090,俊侑股份公司,南投縣,南投市,平山里,南投市南崗三路11號,1,190,v,131,南投分局,1997.6.20,12/31/2022,
,,KMA00668,柏諦企業,南投縣,南投市,永豐里,南投市永豐里成功三路186-1號,1,1265,v,878,南投分局,2018.1.3,12/31/2022,
,,KMA00642,唐州工業,南投縣,南投市,永豐里,南投市永豐里工業北路57號,1,1202.86,v,835,南投分局,1998.8.17,12/31/2022,
,,KMA00549,家盟電機,南投縣,南投市,永豐里,南投市成功三路190號,1,2286.37,v,1587,南投分局,1997.6.20,12/31/2022,
,,KMA00533,啟台企業,南投縣,南投市,永豐里,南投市永豐里工業北路4號,1,1752.39,v,1216,南投分局,1997.6.20,12/31/2022,
,,KMA00446,逢陽精密股份有限公司,南投縣,南投市,永豐里,南投市工業東路25號,1,1452.13,v,1008,南投分局,1997.6.20,12/31/2022,
,,KMA00441,華博企業,南投縣,南投市,永豐里,南投市永豐里工業路37號,1,128.75,v,89,南投分局,1997.6.20,12/31/2022,
,,KMA00658,崧贊油封工業,南投縣,南投市,永豐里,南投市永豐里工業東路6號,1,245.18,v,170,南投分局,2018.1.3,12/31/2022,
,,KMA00145,新能電器股份公司,南投縣,南投市,永豐里,南投市永豐里中華路305號,1,100,v,69,南投分局,1997.6.20,12/31/2022,
,,KMA00450,臺勵福股份有限公司,南投縣,南投市,永豐里,南投市永豐里成功三路176號,1,3937.2,v,2734,南投分局,1997.6.20,12/31/2022,
,,KMA00518,樺昌工業,南投縣,南投市,永豐里,南投市永豐里成功三路198號,1,3082.28,v,2140,南投分局,1997.6.20,12/31/2022,
,,KMA00657,環隆電氣,南投縣,南投市,永豐里,南投市永豐里工業路330號,1,7826.5,v,5435,南投分局,2018.1.3,12/31/2022,
,,KMA00101,鎂上鎂科技有限公司,南投縣,南投市,永豐里,南投市永豐里南崗三路256號,1,118,v,81,南投分局,1997.6.20,12/31/2022,
,,KMA00388,元宙化學公司,南投縣,南投市,永豐里,南投市永豐里南崗三路272號,1,892,v,619,南投分局,1997.6.20,12/31/2022,
,,KMA00400,鉅欣公司,南投縣,南投市,永豐里,南投市永豐里中華路326號,1,1177.62,v,817,南投分局,1997.6.20,12/31/2022,
,,KMA00178,臺鍛公司,南投縣,南投市,永豐里,南投市自立一路8號,1,329,v,228,南投分局,1997.6.20,12/31/2022,
,,KMA00302,台灣赫克利化學,南投縣,南投市,永豐里,南投市南崗三路278號,1,75,v,52,南投分局,1997.6.20,12/31/2022,
,,KMA00152,南崗汙水處理廠,南投縣,南投市,永豐里,南投市彰南路三段840號,1,75,v,52,南投分局,1997.6.20,12/31/2022,
,,KMA00662,僑建國小,南投縣,南投市,永豐里,南投市永豐里彰南路三段847號,1,873.88,v,606,南投分局,2018.1.3,12/31/2022,
,,KMA00197,久允工業公司,南投縣,南投市,永豐里,南投市永豐里永興路19號,1,583,v,404,南投分局,1997.6.20,12/31/2022,
,,KMA00672,昱盛工業,南投縣,南投市,福興里,南投市永興路11號,1,3811.33,v,2646,南投分局,2018.1.3,12/31/2022,
,,KMA00163,圖騰包裝,南投縣,南投市,福興里,南投市永興路16號,1,201,v,139,南投分局,1997.6.20,12/31/2022,
,,KMA00418,寶田企業,南投縣,南投市,福興里,南投市福興里南崗三路77號,1,1256.93,v,872,南投分局,1997.6.20,12/31/2022,
,,KMA00121,竹洲工業,南投縣,南投市,福興里,南投市南崗三路99號,1,126,v,87,南投分局,1997.6.20,12/31/2022,
,,KMA00277,羽鮮化學,南投縣,南投市,福興里,南投市南崗三路282號,1,245.63,v,170,南投分局,1997.6.20,12/31/2022,
,,KMA00580,固品股份,南投縣,南投市,福興里,南投市南崗三路296號,1,1499.76,v,1041,南投分局,1997.6.20,12/31/2022,
,,KMA00627,長慶汽車,南投縣,南投市,福興里,南投市南崗三路288號,1,2268,v,1575,南投分局,1997.11.13,12/31/2022,
,,KMA00185,南陽實業,南投縣,南投市,福興里,南投市南崗三路298號,1,141,v,97,南投分局,1997.6.20,12/31/2022,
,,KMA00638,眾成工業,南投縣,南投市,福興里,南投市南崗三路280號,1,148.5,v,103,南投分局,1998.8.17,12/31/2022,
,,KMA00707,鑫永銓股份有限公司,南投縣,南投市,福興里,南投市南崗三路294號,1,73.89,v,51,南投分局,1997.6.20,12/31/2022,
,,KMA00209,義成工廠,南投縣,南投市,福興里,南投市南崗三路103號,1,132,v,91,南投分局,1997.6.20,12/31/2022,
,,KMA00157,元大鋼鐵,南投縣,南投市,福興里,南投市南崗三路290號,1,245,v,170,南投分局,1997.6.20,12/31/2022,
,,KMA00216,楊鐵公司,南投縣,南投市,福興里,南投市南崗三路284號,1,201,v,139,南投分局,1997.6.20,12/31/2022,
,,KMA00111,裕民汽車,南投縣,南投市,永豐里,南投市南崗三路276號,1,172,v,119,南投分局,1997.6.20,12/31/2022,
,,KMA00663,富鈞公司,南投縣,南投市,新興里,南投市自強一路22號,1,1257.43,v,873,南投分局,2018.1.3,12/31/2022,
,,KMA00632,范至延民宅,南投縣,南投市,平山里,南投市平山一路三街46號,1,617,v,428,南投分局,1998.5.11,12/31/2022,
,,KMA00309,林水波民宅,南投縣,南投市,彰和里,南投市彰和里彰南路二段340號,1,60.01,v,41,南投分局,1997.6.20,12/31/2022,
,,KMA00015,邱炳宏民宅,南投縣,南投市,彰和里,南投市彰和里彰南路二段342號,1,40,v,27,南投分局,1997.6.20,12/31/2022,
,,KMA00016,梁明巧民宅,南投縣,南投市,彰和里,南投市彰和里彰南路二段344號,1,66,v,45,南投分局,1997.6.20,12/31/2022,
,,KMA00343,聯合文具,南投縣,南投市,彰和里,南投市彰和里彰南路二段256號,1,382.15,v,265,南投分局,1997.6.20,12/31/2022,
,,KMA00694,唯心聖教功德基金會,南投縣,南投市,彰和里,南投市彰和里文化路705巷667號,1,2252.58,v,1564,南投分局,2017.5.3,12/31/2022,
,,KMA00691,富錸建設,南投縣,南投市,彰興里,南投市彰興里復興路711巷2號,1,5010,v,3479,南投分局,2018.1.3,12/31/2022,
,,KMA00617,彰興國小,南投縣,南投市,彰興里,南投市彰興里復興路711號,1,1264.47,v,878,南投分局,1997.6.20,12/31/2022,
,,KMA00666,南投縣審計室,南投縣,南投市,彰興里,南投市彰興里復興路480巷36號,1,413.42,v,287,南投分局,2018.1.3,12/31/2022,
,,KMA00014,陳威彤民宅,南投縣,南投市,彰和里,南投市彰和里彰南路二段279號,1,17.25,v,11,南投分局,1997.6.20,12/31/2022,
,,KMA00665,南投國中,南投縣,南投市,彰和里,南投市彰和里祖祠路361號,1,2154,v,1495,南投分局,2018.1.3,12/31/2022,
,,KMA00307,李秋宗民宅,南投縣,南投市,彰和里,南投市彰和里南崗二路346號,1,10,v,6,南投分局,1997.6.20,12/31/2022,
,,KMA00308,林金德民宅,南投縣,南投市,彰和里,南投市彰和里南崗二路348號,1,10,v,6,南投分局,1997.6.20,12/31/2022,
,,KMA00109,名辰公司,南投縣,南投市,平山里,南投市南崗三路39號,1,86,v,59,南投分局,1997.6.20,12/31/2022,
,,KMA00701,道隆道路標誌器材公司,南投縣,南投市,平山里,南投市自強三路6號,1,709.87,v,492,南投分局,2020.6.20,12/31/2022,
,,KMA00703,僑馥建築,南投縣,南投市,平山里,南投市竹林路10號,1,709.73,v,492,南投分局,2020.10.7,12/31/2022,
,,KMA00704,寬心開發,南投縣,南投市,永豐里,南投市彰南路三段540號,1,982.15,v,682,南投分局,2018.1.3,12/31/2022,
,,KMA00702,樹德企業,南投縣,南投市,永豐里,南投市工業南六路6號,1,9157.35,v,6359,南投分局,2020.8.19,12/31/2022,
,,KMA00664,郁正企業,南投縣,南投市,平山里,南投市平山里自強一路11號,1,1401.62,v,973,南投分局,2018.1.3,12/31/2022,
,,KMA00647,俊侑企業,南投縣,南投市,半山里,南投市自立三路18號,1,190,v,131,南投分局,1997.6.20,12/31/2022,
,,KMA00522,梁蒙公司,南投縣,南投市,永豐里,南投市工業南七路7號,1,40,v,27,南投分局,1997.6.20,12/31/2022,
,,KMA00531,柏諦企業,南投縣,南投市,永豐里,南投市成功三路186號,1,1265,v,878,南投分局,2018.1.3,12/31/2022,
,,KMA00526,順德工業,南投縣,南投市,新興里,南投市工業南一路16號,1,2400,v,1666,南投分局,1997.6.20,12/31/2022,
,,KMA00620,福而建設,南投縣,南投市,漳和里,南投市彰南路二段571巷38號,1,1140.25,v,791,南投分局,1997.6.20,12/31/2022,
,,KMA00585,日勝化工,南投縣,南投市,新興里,南投市成功三路331-1號,1,2087.44,v,1449,南投分局,1997.6.20,12/31/2022,
,,KMA00455,台灣陶氏化學,南投縣,南投市,新興里,南投市工業南一路9號,1,1117,v,775,南投分局,1997.6.20,12/31/2022,
,,KMA00692,全宏開發建設,南投縣,南投市,新興里,南投市同源路8街18號,1,272,v,188,南投分局,2018.1.3,12/31/2022,
,,KMA00673,百晟建設,南投縣,南投市,新興里,南投市同源路10街19號,1,46.9,v,32,南投分局,2018.1.3,12/31/2022,
,,KMA00514,冠好公司,南投縣,南投市,新興里,南投市工業路27號,1,1531,v,1063,南投分局,1997.6.20,12/31/2022,
,,KMA00387,詠承企業,南投縣,南投市,新興里,南投市工業路21號,1,600,v,416,南投分局,1997.6.20,12/31/2022,
,,KMA00656,順德工業,南投縣,南投市,新興里,南投市工業南一路16號,1,2400,v,1666,南投分局,1997.6.20,12/31/2022,
,,KMA00493,鴻利鑄造,南投縣,南投市,新興里,南投市成功三路331號,1,1160,v,805,南投分局,1997.6.20,12/31/2022,
,,KMA00651,鉅鋐油封,南投縣,南投市,新興里,南投市工業南三路5號,1,100,v,69,南投分局,2018.1.3,12/31/2022,
,,KMA00622,榮豐工業,南投縣,南投市,平和里,南投市仁和路148號,1,1277,v,886,南投分局,1997.6.20,12/31/2022,
,,KMA00317,泰億機械,南投縣,南投市,新興里,南投市自強二路23號,1,196.62,v,136,南投分局,1997.6.20,12/31/2022,
,,KMA00212,超吉工業,南投縣,南投市,新興里,南投市自強三路23號,1,271,v,188,南投分局,1997.6.20,12/31/2022,
,,KMA00339,中華電信,南投縣,南投市,新興里,南投市南崗三路26號,1,1241.77,v,862,南投分局,1997.6.20,12/31/2022,
,,KMA00510,百晟工業,南投縣,南投市,新興里,南投市工業路15號,1,1443.56,v,1002,南投分局,1997.6.20,12/31/2022,
,,KNA00014,水保局,南投縣,南投市,光華里,南投市光華里光華路6號,1,564.1,,626,中興分局,5/25/1991,12/31/2022,
,,KNA00017,中興圖書館,南投縣,南投市,光華里,南投市光華里光華路123號,1,801.15,,890,中興分局,8/27/1991,12/31/2022,
,,KNA00018,水保局,南投縣,南投市,光華里,南投市光華里光華四路57號之8,1,89.52,,99,中興分局,6/19/1992,12/31/2022,
,,KNA00019,署立中興醫院,南投縣,南投市,光華里,南投市光華里環山路57號,1,1572.35,v,1091,中興分局,12/17/1992,12/31/2022,
,,KNA00023,中興分局,南投縣,南投市,光華里,南投市光華里光華路115號,1,624.5,v,433,中興分局,8/5/1994,12/31/2022,不設
,,KNA00026,中興郵局,南投縣,南投市,光華里,南投市光華里中學路4號,1,359.69,v,249,中興分局,2/15/1996,12/31/2022,不設
,,KNA00028,員工消費合作社,南投縣,南投市,光華里,南投市光華里光華路66號,1,1899.17,,2110,中興分局,8/14/1996,12/31/2022,
,,KNA00029,中興高中,南投縣,南投市,光華里,南投市光華里中學路2號,1,1716.24,,1906,中興分局,11/27/1997,12/31/2022,
,,KNA00033,光榮國小,南投縣,南投市,光華里,南投市光營里光榮北路19之1號,1,593.62,,659,中興分局,1/3/2002,12/31/2022,
,,KNA00031,中興大學中區綜合大樓,南投縣,南投市,光輝里,南投市光輝里虎山路3號,2,3045.37,v,2114,中興分局,2/12/1997,12/31/2022,
,,KNA00012,經濟部中部辦公室,南投縣,南投市,光輝里,南投市光輝里省府路4號,1,19,v,13,中興分局,6/20/1997,12/31/2022,
,,KNA00032,水保局,南投縣,南投市,光輝里,南投市光輝里府西路71號,1,1443.38,v,1002,中興分局,10/28/1998,12/31/2022,
,,KNA00009,聖徒教會,南投縣,南投市,營北里,南投市營北里中正路220之6號,1,148.57,,165,中興分局,6/20/1997,12/31/2022,
,,KNA00013,檔案管理局,南投縣,南投市,營北里,南投市營北里中正路2號,2,148,v,102,中興分局,6/20/1997,12/31/2022,
,,KNA00041,一般住宅,南投縣,南投市,營北里,南投市營北里中學西路55號,1,259.65,v,180,中興分局,1/3/2018,12/31/2022,
,,KNA00042,福龍宮,南投縣,南投市,營北里,南投市營北里向上路217號,1,234.53,,260,中興分局,1/3/2018,12/31/2022,
,,KNA00043,營北國中,南投縣,南投市,營北里,南投市營北里向上路2號,1,199.66,,221,中興分局,1/3/2018,12/31/2022,
,,KNA00044,營北國中,南投縣,南投市,營北里,南投市營北里向上路2號,1,234.53,,260,中興分局,1/3/2018,12/31/2022,
,,KNA00022,原住民委員會,南投縣,南投市,光明里,南投市光明里光明路27號,1,739.28,,821,中興分局,7/17/1993,12/31/2022,
,,KNA00003,交通部公路總局中部訓練中心,南投縣,南投市,內興里,南投市內興里光明一路300號,1,1002,v,695,中興分局,6/20/1997,12/31/2022,
,,KNA00004,主計處中部辦公室,南投縣,南投市,光明里,南投市光明里光明路25號,1,274,,304,中興分局,6/20/1997,12/31/2022,
,,KNA00007,役政署,南投縣,南投市,光明里,南投市光明里光榮東路二街34、36號,1,1491.48,,1657,中興分局,6/20/1997,12/31/2022,
,,KNA00008,光明派出所,南投縣,南投市,光明里,南投市光明里光明路35號,1,85.35,,94,中興分局,6/20/1997,12/31/2022,不設
,,KNA00011,光明郵局,南投縣,南投市,光明里,南投市光明里中正路648號,1,103.08,,114,中興分局,6/12/1983,12/31/2022,不設
,,KNA00016,國家發展委員會,南投縣,南投市,光明里,南投市光明里光榮東路二街38、40,1,506.2,,562,中興分局,7/16/1991,12/31/2022,
,,KNA00020,國家發展委員會,南投縣,南投市,光明里,南投市光明里光榮東路二街42號至48號,1,1227.7,,1364,中興分局,12/28/1992,12/31/2022,
,,KNA00040,公務人力發展學院,南投縣,南投市,光明里,南投市光明里光明路1號,1,2614.25,v,1815,中興分局,1/3/2018,12/31/2022,
,,KNA00038,光復國小,南投縣,南投市,內興里,南投市內興里光明一路67號,1,297.58,,330,中興分局,1/3/2018,12/31/2022,
,,KNA00039,國家發展委員會,南投縣,南投市,光明里,南投市光明里光榮東路二街4巷1號至8號,1,202.01,,224,中興分局,1/3/2018,12/31/2022,
,,KNA00002,中科管理局,南投縣,南投市,內興里,南投市內興里中興路201號,1,179,,198,中興分局,6/20/1997,12/31/2022,
,,KNA00035,中興國中,南投縣,南投市,內興里,南投市內興里中興路309號,1,624.78,,694,中興分局,1/3/2018,12/31/2022,
,,KNA00036,集合式住宅,南投縣,南投市,內興里,南投市內興里中興路182巷32號,1,725.9,v,504,中興分局,1/3/2018,12/31/2022,
,,KNA00037,集合式住宅,南投縣,南投市,內興里,南投市內興里中興路182巷26號,1,531.57,v,369,中興分局,1/3/2018,12/31/2022,
,,KNA00024,文獻委員會,南投縣,南投市,內興里,南投市內興里光明一路256號,1,1654.36,v,1148,中興分局,8/21/1995,12/31/2022,
,,KNA00030,德興國小,南投縣,南投市,內興里,南投市內興里中興路200號,1,1344.67,,1494,中興分局,3/18/1998,12/31/2022,
,,KNA00021,社區管理委員會,南投縣,南投市,內興里,南投市內興里南新路159巷1號,1,326.93,v,227,中興分局,5/18/1993,12/31/2022,
,,KNA00027,集合式住宅,南投縣,南投市,內興里,南投市內興里南新路360號一樓之2,1,298.47,v,207,中興分局,4/1/2020,12/31/2022,
,,KNA00034,營盤國小,南投縣,南投市,營南里,南投市營南里營盤路136號,1,321.58,,357,中興分局,1/3/2018,12/31/2022,
,,KRA00281,環隆電子公司,南投縣,草屯鎮,上林里,南投縣草屯鎮上林里太平路1段351巷141號,1,1508,,1675,草屯分局,7/12/1983,12/31/2022,
,,KRA00381,環隆電子公司,南投縣,草屯鎮,上林里,南投縣草屯鎮上林里太平路1段351巷153號,1,1221,v,847,草屯分局,9/12/1985,12/31/2022,
,,KRA00294,舜邦建設,南投縣,草屯鎮,上林里,南投縣草屯鎮上林里太平路1段537號,1,660,v,458,草屯分局,10/16/1984,12/31/2022,
,,KRA00230,上毅建設,南投縣,草屯鎮,上林里,南投縣草屯鎮上林里太平路1段307號,1,1073,,1192,草屯分局,10/16/1984,12/31/2022,
,,KRA00318,環隆電子公司,南投縣,草屯鎮,上林里,南投縣草屯鎮上林里太平路1段351巷153號,1,6389,,7098,草屯分局,11/9/1986,12/31/2022,
,,KRA00357,一般住宅-星航企業,南投縣,草屯鎮,上林里,南投縣草屯鎮上林里太平路1段443巷53號,1,206,,228,草屯分局,11/12/1984,12/31/2022,
,,KRA00308,美慶建設-秀山佳園二期,南投縣,草屯鎮,山腳里,"南投縣草屯鎮山腳里虎山路332巷23號 ",1,3200,v,2222,草屯分局,7/12/1984,12/31/2022,
,,KRA00238,一般住宅,南投縣,草屯鎮,山腳里,南投縣草屯鎮山腳里虎山路438號,1,953,v,661,草屯分局,11/12/1985,12/31/2022,
,,KRA00257,"漢鯨建設-水稻之歌第三期 ",南投縣,草屯鎮,山腳里,南投縣草屯鎮山腳里虎山路256號,1,423,v,293,草屯分局,7/12/1984,12/31/2022,
,,KRA00322,鴻銘建設,南投縣,草屯鎮,山腳里,南投縣草屯鎮山腳里虎山路437號,1,743,v,515,草屯分局,9/12/1984,12/31/2022,
,,KRA00215,一般住宅,南投縣,草屯鎮,山腳里,"南投縣草屯鎮山腳里虎山路494號 ",1,76,v,52,草屯分局,11/12/1984,12/31/2022,
,,KRA00251,"水稻之歌  第二期",南投縣,草屯鎮,山腳里,"南投縣草屯鎮山腳里富林路1段658號 ",1,1091,v,757,草屯分局,8/11/1983,12/31/2022,
,,KRA00298,和康6期,南投縣,草屯鎮,山腳里,"南投縣草屯鎮山腳里嘉興街51號 ",1,266,v,184,草屯分局,8/12/1984,12/31/2022,
,,KRA00293,甜蜜家庭,南投縣,草屯鎮,山腳里,南投縣草屯鎮山腳里正氣街78號,1,433,v,300,草屯分局,7/22/1982,12/31/2022,
,,KRA00094,佑民醫院-A棟醫療大樓,南投縣,草屯鎮,山腳里,南投縣草屯鎮山腳里太平路1段200號,1,845,,938,草屯分局,9/12/1982,12/31/2022,
,,KRA00246,佑民醫院-B棟婦幼大樓,南投縣,草屯鎮,山腳里,"南投縣草屯鎮山腳里太平路1段200號 ",1,272,,302,草屯分局,11/18/1984,12/31/2022,
,,KRA00249,佑民醫院-A棟醫療大樓,南投縣,草屯鎮,山腳里,南投縣草屯鎮山腳里太平路1段202號,1,504,,560,草屯分局,9/22/1984,12/31/2022,
,,KRA00096,台電公司-業務大樓B2,南投縣,草屯鎮,山腳里,南投縣草屯鎮山腳里太平路1段42號,1,2102,v,1459,草屯分局,9/12/1982,12/31/2022,不設
,,KRA00108,台電公司-調度大樓,南投縣,草屯鎮,山腳里,南投縣草屯鎮山腳里太平路1段42號,1,495,v,343,草屯分局,7/22/1983,12/31/2022,不設
,,KRA00116,台電公司-材料大樓,南投縣,草屯鎮,山腳里,南投縣草屯鎮山腳里太平路1段42號,1,852,v,591,草屯分局,3/12/1984,12/31/2022,不設
,,KRA00117,台電公司-檢修大樓,南投縣,草屯鎮,山腳里,南投縣草屯鎮山腳里太平路1段42號,1,1752,v,1216,草屯分局,4/22/1982,12/31/2022,不設
,,KRA00239,一般住宅,南投縣,草屯鎮,山腳里,南投縣草屯鎮山腳里正興街245號,1,1091,v,757,草屯分局,4/18/1985,12/31/2022,
,,KRA00286,宏柱建設,南投縣,草屯鎮,山腳里,南投縣草屯鎮山腳里正興街187號,1,540,v,375,草屯分局,11/28/1985,12/31/2022,
,,KRA00278,孟慎建設（陽光大地）,南投縣,草屯鎮,山腳里,"南投縣草屯鎮山腳里民生二街43號 ",1,2414,v,1676,草屯分局,7/22/1985,12/31/2022,
,,KRA00289,"水稻之歌 第六期",南投縣,草屯鎮,山腳里,南投縣草屯鎮山腳里虎山路153號,1,996,v,691,草屯分局,11/18/1986,12/31/2022,
,,KRA00345,養慧樓,南投縣,草屯鎮,山腳里,南投縣草屯鎮山腳里民權東街106號,1,1537,v,1067,草屯分局,1/3/2012,12/31/2022,
,,KRA00353,台電公司-業務大樓B1,南投縣,草屯鎮,山腳里,南投縣草屯鎮山腳里太平路一段42號,2,2662,v,1848,草屯分局,11/26/2004,12/31/2022,
,,KRA00366,光慧文教-教學樓,南投縣,草屯鎮,山腳里,南投縣草屯鎮山腳里05鄰民權東街102巷6號2樓,1,755,,838,草屯分局,1/3/2017,12/31/2022,
,,KRA00118,一般住宅,南投縣,草屯鎮,中山里,南投縣草屯鎮中山里草溪路1048號,1,42,,46,草屯分局,9/18/1983,12/31/2022,
,,KRA00126,台灣聖教會,南投縣,草屯鎮,中山里,南投縣草屯鎮中山里中山街2號,1,143,,158,草屯分局,8/17/1982,12/31/2022,
,,KRA00180,一般住宅,南投縣,草屯鎮,中山里,南投縣草屯鎮中山里中山街25號,1,21,,23,草屯分局,8/27/1982,12/31/2022,
,,KRA00181,一般住宅,南投縣,草屯鎮,中山里,南投縣草屯鎮中山里中山街21號,1,21,,23,草屯分局,4/17/1984,12/31/2022,
,,KRA00313,一般住宅-如憶新貴,南投縣,草屯鎮,中山里,南投縣草屯鎮中山里太平路2段99號,1,80,v,55,草屯分局,3/17/1983,12/31/2022,
,,KRA00183,一般住宅,南投縣,草屯鎮,中山里,南投縣草屯鎮中山里太平路2段67號,1,36,,40,草屯分局,6/7/1983,12/31/2022,
,,KRA00184,一般住宅-清雄漆料公司,南投縣,草屯鎮,中山里,南投縣草屯鎮中山里太平路2段69號,1,48,,53,草屯分局,7/11/1985,12/31/2022,
,,KRA00192,草屯菸葉廠配銷處,南投縣,草屯鎮,中山里,南投縣草屯鎮中山里成功路1段194號,1,321,,356,草屯分局,9/14/1982,12/31/2022,
,,KRA00361,一般住宅,南投縣,草屯鎮,中山里,南投縣草屯鎮中山里明賢街112號,2,834,v,579,草屯分局,6/7/2018,12/31/2022,
,,KRA00360,一般住宅-幸福天空,南投縣,草屯鎮,中山里,南投縣草屯鎮中山里草溪路1070號1樓之1,2,450,v,312,草屯分局,5/2/2018,12/31/2022,
,,KRA00347,草屯鎮公所,南投縣,草屯鎮,中山里,南投縣草屯鎮中山里草鞋墩一街8號,2,4049,v,2811,草屯分局,5/20/1999,12/31/2022,
,,KRA00349,草屯鎮公所,南投縣,草屯鎮,中山里,南投縣草屯鎮中山里草鞋墩一街8號,1,4049,v,2811,草屯分局,5/20/1999,12/31/2022,
,,KRA00356,中原國小,南投縣,草屯鎮,中原里,南投縣草屯鎮中原里坪腳巷20號,1,1440,,1600,草屯分局,8/17/2006,12/31/2022,
,,KRA00355,一般住宅,南投縣,草屯鎮,北投里,南投縣草屯鎮北投里北投路文教巷43號,1,200,v,138,草屯分局,6/30/2012,12/31/2022,
,,KRA00034,中寮國中,南投縣,中寮鄉,永平村,南投縣中寮鄉永平村初中巷16號,1,124,,137,草屯分局,2/6/1982,12/31/2022,
,,KRA00124,草屯國小,南投縣,草屯鎮,玉峰里,南投縣草屯鎮玉峰里玉屏路210號,1,762,,846,草屯分局,6/22/1988,12/31/2022,
,,KRA00304,廣大天下,南投縣,草屯鎮,玉峰里,南投縣草屯鎮玉峰里自由街55號,1,1473,v,1022,草屯分局,9/22/1986,12/31/2022,
,,KRA00165,欣林瓦斯公司,南投縣,草屯鎮,玉峰里,"南投縣草屯鎮玉峰里博愛路684號 ",1,578,,642,草屯分局,7/14/1982,12/31/2022,不設
,,KRA00240,合作金庫,南投縣,草屯鎮,炎峰里,"南投縣草屯鎮炎峰里中正路864號 ",1,647,,718,草屯分局,7/17/1982,12/31/2022,不設
,,KRA00253,鼎山建設公司天下王朝,南投縣,草屯鎮,玉峰里,南投縣草屯鎮玉峰里儒林街112號,1,824,v,572,草屯分局,7/16/1988,12/31/2022,
,,KRA00020,華南銀行,南投縣,草屯鎮,和平里,南投縣草屯鎮和平里太平路二段331號,1,33,,36,草屯分局,12/14/1984,12/31/2022,不設
,,KRA00015,惠德宮,南投縣,草屯鎮,和平里,南投縣草屯鎮和平里太平路二段287號,1,80,,88,草屯分局,2/11/1986,12/31/2022,
,,KRA00213,一般住宅,南投縣,草屯鎮,和平里,南投縣草屯鎮和平里太平路二段339號,1,142,v,98,草屯分局,1/11/1984,12/31/2022,
,,KRA00005,第一銀行,南投縣,草屯鎮,和平里,南投縣草屯鎮和平里太平路二段256號,1,60,,66,草屯分局,12/17/1979,12/31/2022,不設
,,KRA00006,王外科,南投縣,草屯鎮,和平里,南投縣草屯鎮和平里太平路二段231號,1,13,,14,草屯分局,12/14/1984,12/31/2022,
,,KRA00346,草屯公有市場,南投縣,草屯鎮,和平里,南投縣草屯鎮和平里碧山路80號,2,3705,v,2572,草屯分局,11/19/2003,12/31/2022,
,,KRA00348,草屯公有立體停車場,南投縣,草屯鎮,和平里,南投縣草屯鎮和平里虎山路819號,2,3969,v,2756,草屯分局,8/6/1999,12/31/2022,
,,KRA00195,中國醫藥學院草屯院區,南投縣,草屯鎮,明正里,南投縣草屯鎮明正里平等街140號,1,592,,657,草屯分局,3/12/1984,12/31/2022,
,,KRA00198,華麗大樓,南投縣,草屯鎮,明正里,南投縣草屯鎮明正里博愛路451號,1,276,v,191,草屯分局,3/16/1982,12/31/2022,
,,KRA00154,一般住宅,南投縣,草屯鎮,明正里,南投縣草屯鎮明正里中正路889號,1,27,,30,草屯分局,10/18/1982,12/31/2022,
,,KRA00153,一般住宅,南投縣,草屯鎮,明正里,南投縣草屯鎮明正里中正路891號,1,27,,30,草屯分局,11/16/1982,12/31/2022,
,,KRA00152,一般住宅,南投縣,草屯鎮,明正里,南投縣草屯鎮明正里中正路893號,1,27,,30,草屯分局,12/18/1982,12/31/2022,
,,KRA00155,一般住宅,南投縣,草屯鎮,明正里,"南投縣草屯鎮明正里中正路887號 ",1,56,,62,草屯分局,7/25/1982,12/31/2022,
,,KRA00154,一般住宅,南投縣,草屯鎮,明正里,南投縣草屯鎮明正里中正路893-1號,1,41,,45,草屯分局,3/22/1982,12/31/2022,
,,KRA00306,中正家園,南投縣,草屯鎮,明正里,南投縣草屯鎮明正里中正路1130-1號,1,1065,v,739,草屯分局,9/12/1992,12/31/2022,
,,KRA00243,上毅天下,南投縣,草屯鎮,明正里,"南投縣草屯鎮明正里成功路1段459號 ",1,226,v,156,草屯分局,11/18/1985,12/31/2022,
,,KRA00291,大園道,南投縣,草屯鎮,明正里,"南投縣草屯鎮明正里成功路1段265號 ",1,1486,v,1031,草屯分局,10/14/1984,12/31/2022,
,,KRA00123,一般住宅,南投縣,草屯鎮,明正里,南投縣草屯鎮明正里中山街322號,1,228,v,158,草屯分局,7/28/1989,12/31/2022,
,,KRA00148,曾漢棋醫院,南投縣,草屯鎮,炎峰里,南投縣草屯鎮炎峰里虎山路915號,1,182,,202,草屯分局,12/19/1987,12/31/2022,
,,KRA00158,一般住宅,南投縣,草屯鎮,炎峰里,南投縣草屯鎮炎峰里虎山路792號,1,36,,40,草屯分局,12/10/1983,12/31/2022,
,,KRA00241,草屯國中,南投縣,草屯鎮,炎峰里,南投縣草屯鎮炎峰里虎山路808號,1,225,,250,草屯分局,10/22/1983,12/31/2022,
,,KRA00248,草屯國中,南投縣,草屯鎮,炎峰里,南投縣草屯鎮炎峰里虎山路808號,1,91,,101,草屯分局,10/23/1983,12/31/2022,
,,KRA00324,草屯國中,南投縣,草屯鎮,炎峰里,南投縣草屯鎮炎峰里虎山路808號,1,597,,663,草屯分局,10/24/1983,12/31/2022,
,,KRA00299,台灣土地銀行,南投縣,草屯鎮,炎峰里,南投縣草屯鎮炎峰里中正路601-7號,1,2714,v,1884,草屯分局,11/10/1985,12/31/2022,不設
,,KRA00305,皇家特區,南投縣,草屯鎮,炎峰里,南投縣草屯鎮炎峰里碧山路14號,1,1398,v,970,草屯分局,7/22/1986,12/31/2022,
,,KRA00310,高明世家,南投縣,草屯鎮,炎峰里,南投縣草屯鎮炎峰里明賢街1段52弄15號,1,3163,v,2196,草屯分局,9/22/1988,12/31/2022,
,,KRA00138,國泰人壽,南投縣,草屯鎮,炎峰里,南投縣草屯鎮炎峰里中正路613號,1,438,,486,草屯分局,8/30/1983,12/31/2022,
,,KRA00040,草屯鎮立游泳池,南投縣,草屯鎮,炎峰里,南投縣草屯鎮炎峰里中正路571-1號,1,91,,101,草屯分局,2/18/1982,12/31/2022,
,,KRA00264,總慶建設公司,南投縣,草屯鎮,炎峰里,"南投縣草屯鎮炎峰里和興街94號 ",1,1606,v,1115,草屯分局,11/12/1984,12/31/2022,
,,KRA00297,一般住宅,南投縣,草屯鎮,炎峰里,南投縣草屯鎮炎峰里中正路602號,1,1418,,1575,草屯分局,7/22/1984,12/31/2022,
,,KRA00297,草屯郵局,南投縣,草屯鎮,炎峰里,南投縣草屯鎮炎峰里中正路606號,1,201,,223,草屯分局,7/18/1985,12/31/2022,不設
,,KRA00036,新光人壽,南投縣,草屯鎮,炎峰里,"南投縣草屯鎮炎峰里中正路610號 ",1,318,,353,草屯分局,8/22/1984,12/31/2022,
,,KRA00147,"中華電信草屯服務處 ",南投縣,草屯鎮,炎峰里,南投縣草屯鎮炎峰里中正路629號,1,124,,137,草屯分局,5/26/1985,12/31/2022,不設
,,KRA00110,研習中心,南投縣,草屯鎮,南埔里,南投縣草屯鎮南埔里南平路528號,1,328,,364,草屯分局,9/19/1982,12/31/2022,
,,KRA00287,將軍廟文教中心,南投縣,草屯鎮,南埔里,南投縣草屯鎮南埔里中正路344-44號,1,1168,,1297,草屯分局,9/18/1984,12/31/2022,
,,KRA00342,崧源濾材,南投縣,草屯鎮,御史里,南投縣草屯鎮御史里中正路權郎巷9號,1,2764,,3071,草屯分局,4/23/2013,12/31/2022,
,,KRA00343,寶旺萊6號花園酒店,南投縣,草屯鎮,御史里,南投縣草屯鎮御史里中正路1747號,2,1590,v,1104,草屯分局,4/15/2016,12/31/2022,
,,KRA00268,中正龍庭,南投縣,草屯鎮,御史里,南投縣草屯鎮御史里中正路1182號,1,1359,v,943,草屯分局,3/28/1983,12/31/2022,
,,KRA00052,草屯療養院,南投縣,草屯鎮,御史里,南投縣草屯鎮御史里玉屏路161號,1,3124,,3471,草屯分局,9/12/1979,12/31/2022,
,,KRA00053,草屯療養院-行政大樓,南投縣,草屯鎮,御史里,"南投縣草屯鎮御史里玉屏路161號 ",1,1477,,1641,草屯分局,9/13/1979,12/31/2022,
,,KRA00054,草屯療養院,南投縣,草屯鎮,御史里,南投縣草屯鎮御史里玉屏路161號,1,417,,463,草屯分局,9/14/1979,12/31/2022,
,,KRA00055,草屯療養院,南投縣,草屯鎮,御史里,南投縣草屯鎮御史里玉屏路161號,1,198,,220,草屯分局,9/15/1979,12/31/2022,
,,KRA00364,大乘寶塔納骨塔,南投縣,草屯鎮,御史里,"南投縣草屯鎮御史里18鄰大覺路976 號",1,453,,503,草屯分局,3/13/2021,12/31/2022,
,,KRA00365,大樓,南投縣,草屯鎮,御史里,南投縣草屯鎮御史里28鄰中正路權郎巷7號,1,1168,,1297,草屯分局,3/14/2021,12/31/2022,
,,KRA00057,國立手工藝研究所設計館,南投縣,草屯鎮,富寮里,南投縣草屯鎮富寮里中正路572號,1,1050,,1166,草屯分局,12/20/1984,12/31/2022,
,,KRA00144,南開科技大學圖書館,南投縣,草屯鎮,富寮里,南投縣草屯鎮富寮里中正路568號,1,1388,,1542,草屯分局,11/16/1985,12/31/2022,
,,KRA00330,南開科技大學南新館,南投縣,草屯鎮,富寮里,南投縣草屯鎮富寮里中正路568號,1,1699,,1887,草屯分局,11/17/1985,12/31/2022,
,,KRA00258,南開科技大學商學館,南投縣,草屯鎮,富寮里,南投縣草屯鎮富寮里中正路568號,1,409,,454,草屯分局,11/18/1985,12/31/2022,
,,KRA00331,南開科技大學工業工程館,南投縣,草屯鎮,富寮里,南投縣草屯鎮富寮里中正路569號,1,224,,248,草屯分局,11/19/1985,12/31/2022,
,,KRA00137,南開科技大學商學館,南投縣,草屯鎮,富寮里,南投縣草屯鎮富寮里中正路568號,1,1191,,1323,草屯分局,11/16/1985,12/31/2022,
,,KRA00196,草屯鎮立青少年活動中心,南投縣,草屯鎮,富寮里,南投縣草屯鎮富寮里中正路571-1號,1,1248,,1386,草屯分局,11/18/1986,12/31/2022,
,,KRA00217,富功國小星雲館,南投縣,草屯鎮,富寮里,南投縣草屯鎮富寮里中正路567號,1,89,v,61,草屯分局,8/22/1982,12/31/2022,
,,KRA00332,一般住宅,南投縣,草屯鎮,富寮里,南投縣草屯鎮富寮里中正路559巷1號,1,4886,v,3393,草屯分局,3/23/2004,12/31/2022,
,,KRA00333,總統官邸,南投縣,草屯鎮,富寮里,南投縣草屯鎮富寮里中正路567-5號,1,1657,v,1150,草屯分局,3/23/2004,12/31/2022,
,,KRA00334,寬心成家,南投縣,草屯鎮,富寮里,南投縣草屯鎮富寮里富春路48巷26號,1,1734,v,1204,草屯分局,10/16/2005,12/31/2022,
,,KRA00338,工藝研究中心地方工藝館,南投縣,草屯鎮,富寮里,南投縣草屯鎮富寮里中正路574號,1,49,,54,草屯分局,9/23/2010,12/31/2022,
,,KRA00339,工藝研究中心生活館,南投縣,草屯鎮,富寮里,南投縣草屯鎮富寮里中正路574號,1,211,v,146,草屯分局,1/17/2012,12/31/2022,
,,KRA00340,草屯地政事務所,南投縣,草屯鎮,富寮里,南投縣草屯鎮富寮里中正路579-1號,1,1210,v,840,草屯分局,10/15/2002,12/31/2022,
,,KRA00341,南開會館,南投縣,草屯鎮,富寮里,南投縣草屯鎮富寮里富中正路71號,1,3018,v,2095,草屯分局,1/30/2015,12/31/2022,
,,KRA00109,中寮開閉所,南投縣,中寮鄉,復興村,南投縣中寮鄉復興村復興巷10號,1,866,,962,草屯分局,8/17/1983,12/31/2022,
,,KRA00277,惠慶建設-忠孝傳家,南投縣,草屯鎮,敦和里,"南投縣草屯鎮敦和里忠孝街287巷1號 ",1,2334,v,1620,草屯分局,7/22/1985,12/31/2022,
,,KRA00367,上廣建設公司-上毅皇宮,南投縣,草屯鎮,敦和里,南投縣草屯鎮敦和里碧山路342號,1,2312,v,1605,草屯分局,9/12/1984,12/31/2022,
,,KRA00056,千葉茶行,南投縣,草屯鎮,敦和里,南投縣草屯鎮敦和里碧山路122號,1,36,,40,草屯分局,9/12/1984,12/31/2022,
,,KRA00237,豐閣建設,南投縣,草屯鎮,敦和里,南投縣草屯鎮敦和里仁愛街59號,1,338,v,234,草屯分局,9/7/1987,12/31/2022,
,,KRA00237,一般住宅,南投縣,草屯鎮,敦和里,南投縣草屯鎮敦和里碧山南路112號,1,21,v,14,草屯分局,8/17/1984,12/31/2022,
,,KRA00125,敦和國小-第3棟教學大樓,南投縣,草屯鎮,敦和里,"南投縣草屯鎮敦和里敦和路72-6號 ",1,119,,132,草屯分局,11/12/1982,12/31/2022,
,,KRA00235,敦和國小-第3棟教學大樓,南投縣,草屯鎮,敦和里,南投縣草屯鎮敦和里敦和路72-6號,1,94,,104,草屯分局,10/12/1983,12/31/2022,
,,KRA00300,敦和國小-第2棟教學大樓,南投縣,草屯鎮,敦和里,南投縣草屯鎮敦和里敦和路72-6號,1,50,,55,草屯分局,11/12/1982,12/31/2022,
,,KRA00121,一般住宅,南投縣,草屯鎮,敦和里,南投縣草屯鎮敦和里仁愛街267號,1,183,,203,草屯分局,7/12/1985,12/31/2022,
,,KRA00344,愛丁堡大樓,南投縣,草屯鎮,敦和里,南投縣草屯鎮敦和里仁愛街76巷8號,1,322,v,223,草屯分局,7/12/1985,12/31/2022,
,,KRA00350,水稻之歌第11期,南投縣,草屯鎮,敦和里,南投縣草屯鎮敦和里信義街139號,1,557,v,386,草屯分局,12/20/1999,12/31/2022,
,,KRA00351,敦和國小-第1棟教學大樓,南投縣,草屯鎮,敦和里,南投縣草屯鎮敦和里敦和路72-6號,1,956,,1062,草屯分局,11/12/1982,12/31/2022,
,,KRA00352,璞仁建設-美麗,南投縣,草屯鎮,敦和里,南投縣草屯鎮敦和里敦和路133號,1,819,v,568,草屯分局,3/20/2017,12/31/2022,
,,KRA00354,一般住宅,南投縣,草屯鎮,新庄里,南投縣草屯鎮新庄里芬草路二段417號,2,534,v,370,草屯分局,12/14/2018,12/31/2022,
,,KRA00363,一般住宅,南投縣,草屯鎮,新庄里,南投縣草屯鎮新庄里芬草路二段417號1樓之1,2,534,v,370,草屯分局,12/14/2018,12/31/2022,
,,KRA00292,一般住宅-洪豐田,南投縣,草屯鎮,新厝里,南投縣草屯鎮新厝里中興路210號,1,295,,327,草屯分局,9/18/1986,12/31/2022,
,,KRA00260,一般住宅,南投縣,草屯鎮,新厝里,"南投縣草屯鎮新厝里中興路212號 ",1,441,v,306,草屯分局,2/11/1986,12/31/2022,
,,KRA00283,洋洋大觀管委會-李金水,南投縣,草屯鎮,新厝里,南投縣草屯鎮新厝里中興路230號,1,441,v,306,草屯分局,2/12/1986,12/31/2022,
,,KRA00272,一般住宅,南投縣,草屯鎮,新厝里,南投縣草屯鎮新厝里中興路178號,1,92,v,63,草屯分局,7/11/1986,12/31/2022,
,,KRA00362,一般住宅,南投縣,草屯鎮,新厝里,南投縣草屯鎮新厝里新富二街50號,1,389,v,270,草屯分局,8/6/2018,12/31/2022,
,,KRA00335,僑光國小,南投縣,草屯鎮,新豐里,南投縣草屯鎮新豐里稻香路20-2號,1,1125,v,781,草屯分局,12/11/2002,12/31/2022,
,,KRA00336,日新國中,南投縣,草屯鎮,新豐里,南投縣草屯鎮新豐里稻香路45號,1,768,v,533,草屯分局,8/25/2014,12/31/2022,
,,KRA00337,金福華食品公司,南投縣,草屯鎮,新豐里,南投縣草屯鎮新豐里新豐路96巷100號,1,607,v,421,草屯分局,6/7/2017,12/31/2022,
,,KRA00182,豐田汽車,南投縣,草屯鎮,新豐里,"南投縣草屯鎮新豐里中正路1203號 ",1,117,v,81,草屯分局,9/14/1982,12/31/2022,
,,KRA00358,一般住宅,南投縣,草屯鎮,碧峰里,南投縣草屯鎮碧峰里碧山路1126-2號,1,547,,607,草屯分局,3/7/2017,12/31/2022,
,,KRA00170,龍安郵局,南投縣,中寮鄉,龍安村,南投縣中寮鄉龍安村龍南路45-12號,1,111,,123,草屯分局,9/17/1982,12/31/2022,不設
,,KRA00359,雙冬國小,南投縣,草屯鎮,雙冬里,南投縣草屯鎮雙冬里中正路34號,1,200,v,138,草屯分局,12/28/2007,12/31/2022,
,,KRA00368,鳥嘴潭人工湖管理中心,南投縣,草屯鎮,北勢里,南投縣草屯鎮北勢里18鄰玉屏巷1-6號,1,380,v,263,草屯分局,,4/21/2023,
,,KQA00056,一般住宅,南投縣,埔里鎮,北門里,南投縣埔里鎮北門里中山路2段289號,1,2170.36,,2411,埔里分局,5/8/1991,12/31/2022,
,,KQA00070,一般住宅,南投縣,埔里鎮,北門里,南投縣埔里鎮北門里北環路2段90號,1,102.52,,113,埔里分局,5/7/1993,12/31/2022,
,,KQA00020,一般住宅,南投縣,埔里鎮,北門里,南投縣埔里鎮北門里中山路2段294號,1,99,,110,埔里分局,6/20/1997,12/31/2022,
,,KQA00037,飯店,南投縣,埔里鎮,南門里,南投縣埔里鎮南門里中山路2段399號,1,2822.22,v,1959,埔里分局,7/6/1989,12/31/2022,
,,KQA00045,飯店,南投縣,埔里鎮,南門里,南投縣埔里鎮南門里西安路1段89號,2,679.26,v,471,埔里分局,7/4/1990,12/31/2022,
,,KQA00053,一般住宅,南投縣,埔里鎮,薰化里,南投縣埔里鎮薰化里南興街415號,1,25.35,,28,埔里分局,4/10/1991,12/31/2022,
,,KQA00052,一般住宅,南投縣,埔里鎮,薰化里,南投縣埔里鎮薰化里中山一路50號之1,1,43.9,,48,埔里分局,4/10/1991,12/31/2022,
,,KQA00054,一般住宅,南投縣,埔里鎮,薰化里,南投縣埔里鎮薰化里南興街417號,1,25.35,,28,埔里分局,4/10/1991,12/31/2022,
,,KQA00055,一般住宅,南投縣,埔里鎮,薰化里,南投縣埔里鎮薰化里南興街419號,1,25.35,,28,埔里分局,4/10/1991,12/31/2022,
,,KQA00058,一般住宅,南投縣,埔里鎮,薰化里,南投縣埔里鎮薰化里南興街2段413號,1,44.11,,49,埔里分局,7/6/1991,12/31/2022,
,,KQA00089,金鶯山建設,南投縣,埔里鎮,杷城里,南投縣埔里鎮杷城里東興二街36號,1,373.01,,414,埔里分局,6/13/1995,12/31/2022,
,,KQA00079,一般住宅,南投縣,埔里鎮,東門里,南投縣埔里鎮東門里中正路399號,1,103.95,,115,埔里分局,8/12/1994,12/31/2022,
,,KQA00084,一般住宅,南投縣,埔里鎮,東門里,南投縣埔里鎮東門里中正路369號,1,847.61,v,588,埔里分局,11/15/1994,12/31/2022,
,,KQA00087,郵政總局,南投縣,埔里鎮,西門里,南投縣埔里鎮西門里南昌街284號,1,1108.8,,1232,埔里分局,3/14/1995,12/31/2022,不設
,,KQA00017,一般住宅,南投縣,埔里鎮,枇杷里,南投縣埔里鎮枇杷里東興三街266號,1,65.5,,72,埔里分局,6/20/1997,12/31/2022,
,,KQA00033,中華電信線路中心,南投縣,埔里鎮,北安里,南投縣埔里鎮北安里六合路177號,1,426.33,,473,埔里分局,2/10/1990,12/31/2022,不設
,,KQA00023,中興保全,南投縣,埔里鎮,北安里,南投縣埔里鎮北安里中華路211號,1,967,,1074,埔里分局,6/20/1997,12/31/2022,
,,KQA00073,一般住宅,南投縣,埔里鎮,北安里,南投縣埔里鎮北安里北安路70號,1,459.61,,510,埔里分局,9/9/1993,12/31/2022,
,,KQA00030,公賣局埔里配銷所,南投縣,埔里鎮,北安里,南投縣埔里鎮北安里北安路61號,1,491.53,,546,埔里分局,12/7/1988,12/31/2022,
,,KQA00097,一般住宅,南投縣,埔里鎮,北梅里,南投縣埔里鎮北梅里中華路261巷11號,1,1108.8,v,770,埔里分局,12/12/1995,12/31/2022,
,,KQA00061,日茂證劵,南投縣,埔里鎮,北梅里,南投縣埔里鎮北梅里西安路1段299號,1,440,,488,埔里分局,11/4/1991,12/31/2022,
,,KQA00032,郵局,南投縣,埔里鎮,北梅里,南投縣埔里鎮北安里和平東路490號,1,79.86,,88,埔里分局,10/7/1986,12/31/2022,不設
,,KQA00022,埔里高工,南投縣,埔里鎮,枇杷里,南投縣埔里鎮枇杷里中山路1段435號,1,500,,555,埔里分局,6/20/1997,12/31/2022,
,,KQA00096,埔里高工,南投縣,埔里鎮,枇杷里,南投縣埔里鎮枇杷里中山路1段435號,1,375.63,,417,埔里分局,11/9/1995,12/31/2022,
,,KQA00107,埔里高工,南投縣,埔里鎮,枇杷里,南投縣埔里鎮枇杷里中山路1段435號,1,1067.87,,1186,埔里分局,9/11/1997,12/31/2022,
,,KQA00019,埔里高工,南投縣,埔里鎮,枇杷里,南投縣埔里鎮枇杷里中山路1段436號,1,1018.49,,1131,埔里分局,6/20/1997,12/31/2022,
,,KQA00106,殘障大樓,南投縣,埔里鎮,北梅里,南投縣埔里鎮北梅里八德路179號,1,373.01,,414,埔里分局,6/13/1995,12/31/2022,
,,KQA00111,一般住宅,南投縣,埔里鎮,枇杷里,南投縣埔里鎮枇杷里樹人三街137巷6號,2,2498,v,1734,埔里分局,1/16/1999,12/31/2022,
,,KQA00025,農田水利會福興站,南投縣,埔里鎮,北安里,南投縣埔里鎮北安里六合路141號,1,49,,54,埔里分局,6/20/1997,12/31/2022,
,,KQA00092,一般住宅,南投縣,埔里鎮,蜈蚣里,南投縣埔里鎮蜈蚣里鯉魚路37號,1,976.24,v,677,埔里分局,10/11/1995,12/31/2022,
,,KQA00057,藝文中心,南投縣,埔里鎮,北安里,南投縣埔里鎮北安里中華路239號,1,2170.36,,2411,埔里分局,5/8/1991,12/31/2022,
,,KQA00065,中華電信愛蘭機房,南投縣,埔里鎮,鐵山里,南投縣埔里鎮鐵山里鐵山路23號,1,48.6,,54,埔里分局,3/28/1991,12/31/2022,不設
,,KQA00063,一般住宅,南投縣,埔里鎮,大城里,南投縣埔里鎮大城里安四街163號,1,671.32,v,466,埔里分局,10/13/1996,12/31/2022,
,,KQA00001,埔里酒廠,南投縣,埔里鎮,大城里,南投縣埔里鎮大城里中山路3段219號,1,150,,166,埔里分局,2/25/1987,12/31/2022,
,,KQA00100,埔里基督教醫院,南投縣,埔里鎮,鐵山里,南投縣埔里鎮鐵山里鐵山路1號,3,19277.17,v,13386,埔里分局,5/8/1987,12/31/2022,
,,KQA00086,一般住宅,南投縣,埔里鎮,大城里,南投縣埔里鎮大城里中山路246號,1,1540.08,,1711,埔里分局,3/23/1995,12/31/2022,
,,KQA00029,暨大附中,南投縣,埔里鎮,鐵山里,南投縣埔里鎮鐵山里鐵山路1-6號,1,350.51,,389,埔里分局,5/22/1986,12/31/2022,
,,KQA00074,暨大附中,南投縣,埔里鎮,鐵山里,南投縣埔里鎮鐵山里鐵山路1-6號,1,350.51,,389,埔里分局,12/16/1984,12/31/2022,
,,KQA00102,地藏寶塔,南投縣,埔里鎮,溪南里,南投縣埔里鎮溪南里溪南巷10號,2,2356.54,,2618,埔里分局,8/14/1998,12/31/2022,
,,KQA00014,台灣佳美工公司,南投縣,埔里鎮,水頭里,南投縣埔里鎮水頭里隆生路87-1號,1,54.81,,60,埔里分局,8/1/1980,12/31/2022,
,,KQA00060,一般住宅,南投縣,埔里鎮,水頭里,南投縣埔里鎮水頭里東潤路67-4號,1,29.88,,33,埔里分局,6/5/1990,12/31/2022,
,,KQA00021,中華電信,南投縣,國姓鄉,國姓村,南投縣國姓鄉國姓村國姓路462號,1,252,,280,埔里分局,11/6/1995,12/31/2022,不設
,,KQA00042,水利會,南投縣,國姓鄉,國姓村,南投縣國姓鄉國姓村國姓路460之1號,1,65.36,,72,埔里分局,11/6/1995,12/31/2022,
,,KQA00104,"國姓國小 ",南投縣,國姓鄉,國姓村,南投縣國姓鄉國姓村國姓路211號,1,256.72,,285,埔里分局,8/2/1996,12/31/2022,
,,KSA00002,中山里老人活動中心,南投縣,竹山鎮,中山里,南投縣竹山鎮中山里新生路346號,1,225.38,,250,竹山分局,1992/7/7,2022/12/31,
,,KSA00003,永和旅社,南投縣,竹山鎮,中正里,南投縣竹山鎮中正里橫街38號,0,14.76,,16,竹山分局,1981/4/1,2022/12/31,
,,KSA00004,阿生旅社,南投縣,竹山鎮,中正里,南投縣竹山鎮中正里橫街8號,0,10,,11,竹山分局,1997/6/20,2022/12/31,
,,KSA00005,竹山郵局,南投縣,竹山鎮,中山里,南投縣竹山鎮竹山里前山路一段2號,1,792.13,,880,竹山分局,1992/1/7,2022/12/31,不設
,,KSA00006,仁濟診所,南投縣,竹山鎮,中山里,南投縣竹山鎮中山里竹山路179號,0,15,,16,竹山分局,1997/6/20,2022/12/31,
,,KSA00007,陳婦產科,南投縣,竹山鎮,中山里,南投縣竹山鎮中山里竹山路187號,0,15,,16,竹山分局,1997/6/20,2022/12/31,
,,KSA00008,"慶懋建設公司 （龍郡社區）",南投縣,竹山鎮,硘磘里,南投縣竹山鎮硘磘里鯉南路116-72及116-84號,1,811.86,,902,竹山分局,1993/4/28,2022/12/31,
,,KSA00010,一般住宅,南投縣,竹山鎮,中山里,南投縣竹山鎮中山里頂林路51號,1,10,,11,竹山分局,1997/6/20,2022/12/31,
,,KSA00011,一般住宅,南投縣,竹山鎮,中山里,南投縣竹山鎮中山里頂林路49號,1,10,,11,竹山分局,1997/6/20,2022/12/31,
,,KSA00012,一般住宅,南投縣,竹山鎮,中山里,南投縣竹山鎮中山里頂林路53號,1,10,,11,竹山分局,1997/6/20,2022/12/31,
,,KSA00013,一般住宅,南投縣,竹山鎮,中山里,南投縣竹山鎮中山里頂林路55號,1,10,,11,竹山分局,1997/6/20,2022/12/31,
,,KSA00014,一般住宅,南投縣,竹山鎮,中山里,南投縣竹山鎮中山里頂林路57號,1,10,,11,竹山分局,1997/6/20,2022/12/31,
,,KSA00015,台灣中小企業銀行,南投縣,竹山鎮,雲林里,南投縣竹山鎮雲林里集山路三段919號,1,10,,11,竹山分局,1997/6/20,2022/12/31,不設
,,KSA00018,一般住宅,南投縣,竹山鎮,雲林里,南投縣竹山鎮雲林里集山路三段1112號,1,10,,11,竹山分局,1997/6/20,2022/12/31,
,,KSA00019,秀山園旅社,南投縣,竹山鎮,雲林里,南投縣竹山鎮雲林里埔頭街86號,1,75,,83,竹山分局,1997/6/20,2022/12/31,
,,KSA00020,一般住宅,南投縣,竹山鎮,中山里,南投縣竹山鎮中山里頂林路59號,1,10,,11,竹山分局,1997/6/20,2022/12/31,
,,KSA00021,一般住宅,南投縣,竹山鎮,中正里,南投縣竹山鎮中正里橫街28號,1,10,,11,竹山分局,1997/6/20,2022/12/31,
,,KSA00022,中華電信竹山服務處,南投縣,竹山鎮,中山里,南投縣竹山鎮中山里竹山路138號,1,245,,272,竹山分局,1975/2/10,2022/12/31,不設
,,KSA00023,竹山高中禮堂,南投縣,竹山鎮,竹圍里,南投縣竹山鎮竹圍里下橫街253-1號,1,477.419,,530,竹山分局,1994/8/17,2022/12/31,
,,KSA00024,一般住宅,南投縣,竹山鎮,竹山里,南投縣竹山鎮竹山里集山路三段885號,1,10,,11,竹山分局,1997/6/20,2022/12/31,
,,KSA00025,一般住宅,南投縣,竹山鎮,竹山里,南投縣竹山鎮竹山里集山路三段883號,1,10,,11,竹山分局,1997/6/20,2022/12/31,
,,KSA00026,台西客運竹山站,南投縣,竹山鎮,中山里,南投縣竹山鎮中山里菜園路27號,1,85,,94,竹山分局,1997/6/20,2022/12/31,
,,KSA00028,"盈婚事業有限公司 ",南投縣,竹山鎮,竹山里,南投縣竹山鎮竹山里前山路一段橫巷24號,1,1457,,1618,竹山分局,1995/4/7,2022/12/31,
,,KSA00029,國泰人壽保險公司,南投縣,竹山鎮,雲林里,南投縣竹山鎮雲林里集山路三段1146號,1,234.26,,260,竹山分局,1981/1/9,2022/12/31,
,,KSA00030,竹山鎮公所零售市場,南投縣,竹山鎮,竹山里,南投縣竹山鎮竹山里橫街90號後棟1樓,0,775.83,,862,竹山分局,1986/1/6,2022/12/31,
,,KSA00031,展頌公司,南投縣,竹山鎮,延平里,南投縣竹山鎮延平里延平三路20號,1,120,,133,竹山分局,1987/6/26,2022/12/31,
,,KSA00032,竹山分局,南投縣,竹山鎮,竹山里,南投縣竹山鎮竹山里集山路三段968號,1,237.07,,263,竹山分局,1987/1/24,2022/12/31,不設
,,KSA00033,一般住宅,南投縣,竹山鎮,中崎里,南投縣竹山鎮中崎里沉潭巷1-5號,1,45,,50,竹山分局,1977/8/30,2022/12/31,
,,KSA00034,郵局延平支局,南投縣,竹山鎮,延祥里,南投縣竹山鎮延祥里集山路三段99號,1,76.44,,84,竹山分局,1991/3/14,2022/12/31,不設
,,KSA00035,台灣增格公司,南投縣,竹山鎮,延平里,南投縣竹山鎮延平里延平五路8號,1,43.08,,47,竹山分局,1992/12/8,2022/12/31,
,,KSA00036,"俊東建設公司            ",南投縣,竹山鎮,延平里,南投縣竹山鎮延平里東鄉路12-19巷1號,1,917.7,v,637,竹山分局,1996/3/21,2022/12/31,
,,KSA00037,丞基建設公司,南投縣,竹山鎮,延祥里,南投縣竹山鎮延祥里瑞竹巷25弄1號,1,1374.7,v,954,竹山分局,1996/4/9,2022/12/31,
,,KSA00038,慈山醫院,南投縣,竹山鎮,延祥里,南投縣竹山鎮延祥里集山路三段272巷16號,2,1391.36,v,966,竹山分局,1996/11/20,2022/12/31,
,,KSA00039,賢山企業公司,南投縣,竹山鎮,延平里,南投縣竹山鎮延平里延平五路23號,1,45,,50,竹山分局,1997/6/20,2022/12/31,
,,KSA00040,翔偉公司,南投縣,竹山鎮,延平里,南投縣竹山鎮延平里延平二路9號,1,92.09,,102,竹山分局,1986/12/15,2022/12/31,
,,KSA00041,竹山秀傳醫院,南投縣,竹山鎮,山崇里,南投縣竹山鎮山崇里集山路二段75號,1,1789.88,,1988,竹山分局,1997/3/4,2022/12/31,
,,KSA00043,杉原公司,南投縣,竹山鎮,延平里,南投縣竹山鎮延平里延平路20號,1,45,,50,竹山分局,1997/6/20,2022/12/31,
,,KSA00044,"竹山國中-禮堂 ",南投縣,竹山鎮,中山里,南投縣竹山鎮中山里竹山路217號,1,448.85,,498,竹山分局,1995/8/21,2022/12/31,
,,KSA00046,鹿谷電信局,南投縣,鹿谷鄉,鹿谷村,南投縣鹿谷鄉鹿谷村中正路二段164號,1,97.73,,108,竹山分局,1982/8/19,2022/12/31,不設
,,KSA00047,衛民建設有限公司,南投縣,竹山鎮,下坪里,南投縣竹山鎮下坪里枋坪巷2-36及2-37號,1,2104.92,,2338,竹山分局,1995/3/8,2022/12/31,
,,KSA00048,"至德山產股份有限公司 ",南投縣,竹山鎮,桂林里,南投縣竹山鎮桂林里中山路2-41號,1,944.56,,1049,竹山分局,1996/3/19,2022/12/31,
,,KSA00049,鹿谷鄉農會門市部,南投縣,鹿谷鄉,彰雅村,南投縣鹿谷鄉彰雅村中正路一段231號,1,319.85,,355,竹山分局,1988/11/5,2022/12/31,
,,KSA00050,茶之鄉,南投縣,鹿谷鄉,初鄉村,南投縣鹿谷鄉初鄉村中正路三段2號,1,150,,166,竹山分局,1997/6/20,2022/12/31,
,,KSA00051,"龍翔茶行  ",南投縣,鹿谷鄉,廣興村,南投縣鹿谷鄉廣興村中正一路148號,1,160,,177,竹山分局,1997/6/20,2022/12/31,
,,KSA00052,鹿谷村活動中心,南投縣,鹿谷鄉,鹿谷村,南投縣鹿谷鄉鹿谷村興農巷50-6號,1,54.63,,60,竹山分局,1997/6/20,2022/12/31,
,,KSA00053,久林建設公司,南投縣,鹿谷鄉,初鄉村,南投縣鹿谷鄉初鄉村中正路三段558（576）號,1,2421.47,,2690,竹山分局,1994/11/2,2022/12/31,
,,KSA00055,一般住宅,南投縣,鹿谷鄉,永隆村,南投縣鹿谷鄉永隆村堀邊巷4-1號,1,46.75,,51,竹山分局,1982/8/18,2022/12/31,
,,KSA00056,一般住宅,南投縣,鹿谷鄉,永隆村,南投縣鹿谷鄉永隆村仁義路80-32號,1,303.24,,336,竹山分局,1985/7/30,2022/12/31,
,,KSA00057,一般住宅,南投縣,鹿谷鄉,永隆村,南投縣鹿谷鄉永隆村堀邊巷3-5號,1,96.43,,107,竹山分局,1985/3/23,2022/12/31,
,,KSA00058,鳳凰農會辦事處,南投縣,鹿谷鄉,永隆村,南投縣鹿谷鄉新進巷1號-5,1,126.72,,140,竹山分局,1988/6/16,2022/12/31,不設
,,KSA00059,溪頭自然教育園區,南投縣,鹿谷鄉,內湖村,南投縣鹿谷鄉內湖村森林巷9號,1,246,,273,竹山分局,1997/6/20,2022/12/31,
,,KSA00060,救國團青/活動中心,南投縣,鹿谷鄉,內湖村,南投縣鹿谷鄉內湖村森林巷15號,1,402,,446,竹山分局,1997/6/20,2022/12/31,
,,KSA00061,員林客運溪頭站,南投縣,鹿谷鄉,內湖村,南投縣鹿谷鄉內湖村興產路1-21號,1,32,,35,竹山分局,1997/6/20,2022/12/31,
,,KSA00062,"明山別館     ",南投縣,鹿谷鄉,內湖村,南投縣鹿谷鄉內湖村興產路2-3號,1,341,,378,竹山分局,1997/6/20,2022/12/31,
,,KSA00063,向強公司,南投縣,鹿谷鄉,延平里,南投縣竹山鎮延平里延平五路11號,1,48,,53,竹山分局,1989/11/24,2022/12/31,
,,KSA00065,交通部電信總局,南投縣,竹山鎮,延和里,南投縣竹山鎮延和里安定巷61號,1,372.64,,414,竹山分局,1989/12/12,2022/12/31,
,,KSA00066,明山別館,南投縣,鹿谷鄉,內湖村,南投縣鹿谷鄉內湖村興產路2-3號,1,563.96,,626,竹山分局,1997/3/27,2022/12/31,
,,KSA00067,米堤大飯店,南投縣,鹿谷鄉,內湖村,南投縣鹿谷鄉內湖村米堤街1號,1,3987.94,,4431,竹山分局,1993/8/5,2022/12/31,
,,KSA00068,鹿谷鄉凍頂茶直銷中心,南投縣,鹿谷鄉,彰雅村,南投縣鹿谷鄉彰雅村中正路一段92號,1,156.41,,173,竹山分局,1988/5/11,2022/12/31,
,,KSA00069,一般住宅,南投縣,鹿谷鄉,永隆村,南投縣鹿谷鄉永隆村鳳園路293號,1,89.17,,99,竹山分局,1988/9/26,2022/12/31,
,,KSA00070,"茂證卷股份有限公司 ",南投縣,竹山鎮,竹山里,南投縣竹山鎮竹山里大明路292號,1,584.9,,649,竹山分局,1998/8/29,2022/12/31,
,,KSA00071,"豪隆建設股份有限公司  ",南投縣,竹山鎮,竹圍里,南投縣竹山鎮竹圍里大禮路227號,1,2749.46,,3054,竹山分局,1998/11/17,2022/12/31,
,,KSA00072,"黃呈玉 ",南投縣,竹山鎮,延平里,南投縣竹山鎮延平里延平路23號,1,1386.91,v,963,竹山分局,1998/3/23,2022/12/31,
,,KSA00073,一般住宅,南投縣,竹山鎮,竹山里,南投縣竹山鎮竹山里昭德街66號,1,264.73,,294,竹山分局,1997/6/20,2022/12/31,
,,KTA0001,行政院特有生物保育中心,南投縣,集集鎮,永昌里,南投縣集集鎮永昌里民生東1號,1,1522.87,v,1057,集集分局,12/19/1986,12/31/2022,
,,KTA0002,中華電信公司南投營運處,南投縣,集集鎮,玉映里,南投縣集集鎮玉映里民生路110號之2,1,48,,53,集集分局,6/20/1986,12/31/2022,不設
,,KTA0007,一般住宅,南投縣,魚池鄉,魚池村,南投縣魚池鄉魚池村19鄰魚池街555號,1,47.79,,53,集集分局,9/9/1978,12/31/2022,
,,KTA0009,基督教安息會台灣區會,南投縣,魚池鄉,魚池村,南投縣魚池鄉魚池村9鄰瓊文巷39號之2,1,845.88,v,587,集集分局,9/9/1980,12/31/2022,
,,KTA0012,魚池郵局,南投縣,魚池鄉,魚池村,南投縣魚池鄉魚池村16鄰魚池街364號,1,40,v,27,集集分局,6/20/1986,12/31/2022,不設
,,KTA0013,一般住宅,南投縣,水里鄉,農富村,南投縣水里鄉農富村中正路26號,1,58.48,,64,集集分局,10/8/1981,12/31/2022,
,,KTA0014,一般住宅,南投縣,水里鄉,農富村,南投縣水里鄉農富村中正路25號,1,58.48,,64,集集分局,10/8/1981,12/31/2022,
,,KTA0015,一般住宅,南投縣,水里鄉,農富村,南投縣水里鄉農富村民生路340號,1,75.47,,83,集集分局,10/24/1975,12/31/2022,
,,KTA0017,一般住宅,南投縣,水里鄉,農富村,南投縣水里鄉農富村中正路27號,1,58.48,,64,集集分局,10/8/1981,12/31/2022,
,,KTA0018,一般住宅,南投縣,水里鄉,農富村,南投縣水里鄉農富村民生路320號,1,43.5,,48,集集分局,7/6/1991,12/31/2022,
,,KTA0020,一般住宅,南投縣,水里鄉,農富村,南投縣水里鄉農富村民生路298號,1,15,,16,集集分局,6/20/1997,12/31/2022,
,,KTA0021,一般住宅,南投縣,水里鄉,農富村,南投縣水里鄉農富村民生路300號,1,15,,16,集集分局,6/20/1997,12/31/2022,
,,KTA0022,一般住宅,南投縣,水里鄉,農富村,南投縣水里鄉農富村民生路302號,1,15,,16,集集分局,6/20/1997,12/31/2022,
,,KTA0023,一般住宅,南投縣,水里鄉,農富村,南投縣水里鄉農富村民生路306號,1,15,,16,集集分局,6/20/1997,12/31/2022,
,,KTA0024,一般住宅,南投縣,水里鄉,農富村,南投縣水里鄉農富村民生路308號,1,15,,16,集集分局,6/20/1997,12/31/2022,
,,KTA0025,一般住宅,南投縣,水里鄉,農富村,南投縣水里鄉農富村民生路310號,1,15,,16,集集分局,6/20/1997,12/31/2022,
,,KTA0026,一般住宅,南投縣,水里鄉,農富村,南投縣水里鄉農富村民生路318號,1,40,,44,集集分局,6/20/1997,12/31/2022,
,,KTA0027,一般住宅,南投縣,水里鄉,農富村,南投縣水里鄉農富村民生路326號,1,15,,16,集集分局,6/20/1997,12/31/2022,
,,KTA0029,水里鄉農會,南投縣,水里鄉,農富村,南投縣水里鄉農富村民生路358號,1,40,,44,集集分局,6/20/1997,12/31/2022,不設
,,KTA0030,一般住宅,南投縣,水里鄉,中央村,南投縣水里鄉中央村民生路383號,1,20,,22,集集分局,6/20/1997,12/31/2022,
,,KTA0031,一般住宅,南投縣,水里鄉,農富村,南投縣水里鄉農富村民生路370號,1,50,,55,集集分局,6/20/1997,12/31/2022,
,,KTA0032,天聖宮,南投縣,水里鄉,城中村,南投縣水里鄉城中村市場街102號,1,85,,94,集集分局,6/20/1997,12/31/2022,
,,KTA0033,中華電信公司水里服務中心,南投縣,水里鄉,北埔村,南投縣水里鄉北埔村博愛路35號,1,600,,666,集集分局,6/20/1997,12/31/2022,
,,KTA0034,鉅工保線斑,南投縣,水里鄉,鉅工村,南投縣水里鄉鉅工村二坪路2號,1,62.5,,69,集集分局,6/20/1997,12/31/2022,不設
,,KTA0035,水里鄉農會,南投縣,水里鄉,農富村,南投縣水里鄉農富村民生路362號,1,122,,135,集集分局,6/20/1997,12/31/2022,不設
,,KTA0036,抽蓄工程處,南投縣,水里鄉,鉅工村,南投縣水里鄉鉅工村民生路290號,1,500,,555,集集分局,6/20/1997,12/31/2022,不設
,,KTA0037,國泰保險公司水里展業處,南投縣,水里鄉,北埔村,南投縣水里鄉北埔村民族路277號,1,326.5,,362,集集分局,6/20/1997,12/31/2022,
,,KTA0038,水里鄉公所,南投縣,水里鄉,中央村,南投縣水里鄉中央村民生路363號,1,2747,v,1907,集集分局,6/20/1997,12/31/2022,
,,KTA0039,水里鄉公所,南投縣,水里鄉,中央村,南投縣水里鄉中央村民生路361號,1,1585,v,1100,集集分局,6/20/1997,12/31/2022,
,,KTA0040,玉山國家公園管理處,南投縣,水里鄉,北埔村,南投縣水里鄉北埔村中山路515號,1,1851,v,1285,集集分局,6/20/1997,12/31/2022,
,,KTA0041,玉山國家公園管理處,南投縣,水里鄉,北埔村,南投縣水里鄉北埔村中山路517號,1,723,v,502,集集分局,6/20/1997,12/31/2022,
,,KTA0043,頭社郵局,南投縣,魚池鄉,武登村,南投縣魚池鄉武登村集里路4號,1,47,v,32,集集分局,3/28/1991,12/31/2022,不設
,,KTA0044,台電水社服務所,南投縣,魚池鄉,水社村,南投縣魚池鄉水社村中山路281號,1,186.23,v,129,集集分局,6/18/1991,12/31/2022,不設
,,KTA0045,台灣銀行休閒中心,南投縣,魚池鄉,水社村,南投縣魚池鄉水社村名勝街24號,1,82.9,,92,集集分局,2/25/1995,12/31/2022,
,,KTA0046,涵碧樓飯店,南投縣,魚池鄉,水社村,南投縣魚池鄉水社村中興路142號,3,926.895,v,643,集集分局,5/8/1994,12/31/2022,
,,KTA0047,一般住宅,南投縣,魚池鄉,水社村,南投縣魚池鄉水社村名勝街3號,1,50,,55,集集分局,3/23/1997,12/31/2022,
,,KTA0052,日月潭電信局,南投縣,魚池鄉,水社村,南投縣魚池鄉水社村中興路120號,1,115,,127,集集分局,5/22/1986,12/31/2022,
,,KTA0053,水沙蓮大飯店,南投縣,魚池鄉,水社村,南投縣魚池鄉水社村名勝街5號,1,19,,21,集集分局,12/16/1984,12/31/2022,
,,KTA0054,名勝大飯店,南投縣,魚池鄉,水社村,南投縣魚池鄉水社村名勝街4號,2,56,,62,集集分局,8/14/1998,12/31/2022,
,,KTA0055,教師會館,南投縣,魚池鄉,水社村,南投縣魚池鄉水社村中興路136號,1,230,,255,集集分局,8/1/1980,12/31/2022,
,,KTA0057,國立水里高職,南投縣,水里鄉,永豐村,南投縣水里鄉永豐村南湖1號,1,2639,v,1832,集集分局,6/5/1990,12/31/2022,
,,KTA0058,基督教復臨日安息會,南投縣,魚池鄉,魚池村,南投縣魚池鄉魚池村瓊文巷39號,1,767,v,532,集集分局,7/6/1999,12/31/2022,
,,KOA000001,國立仁愛高農,南投縣,仁愛鄉,大同村,南投縣仁愛鄉大同村山農巷28號,1,32,,35,仁愛分局,7/1/1997,2022/13/31,
,,KOA000002,台電服務所,南投縣,仁愛鄉,大同村,南投縣仁愛鄉大同村仁和路50號,1,239,v,165,仁愛分局,7/1/1997,2022/13/31,不設
,,KOA000003,中華電信,南投縣,仁愛鄉,大同村,南投縣仁愛鄉大同村仁和路12號,1,114,,126,仁愛分局,7/1/1997,2022/13/31,不設
,,KOA000004,霧櫻大飯店,南投縣,仁愛鄉,大同村,南投縣仁愛鄉大同村仁和路69號,1,114,,126,仁愛分局,7/1/1997,2022/13/31,
,,KOA000005,天廬大飯店,南投縣,仁愛鄉,精英村,南投縣仁愛鄉精英村榮華巷24號,2,291,,323,仁愛分局,7/1/1997,2022/13/31,
,,KOA000006,太魯閣國家公園管理處,南投縣,仁愛鄉,榮興村,南投縣仁愛鄉榮興村公園巷11號,1,462.62,,514,仁愛分局,3/11/2021,2022/13/31,
,,KPA0003,信義分局,南投縣,信義鄉,明德村,南投縣信義鄉明德村玉山路49號,1,697.97,v,484,信義分局,1/23/1998,12/31/2022,不設
,,KPA0001,東埔山莊,南投縣,信義鄉,東埔村,南投縣信義鄉東埔村開高巷70號之2,1,947.78,,1053,信義分局,11/13/1986,12/31/2022,
,,KPA0002,勝華大飯店,南投縣,信義鄉,東埔村,南投縣信義鄉東埔村開高巷60號,1,471.15,,523,信義分局,12/23/1983,12/31/2022,
,,KPA0004,玉山氣象站,南投縣,信義鄉,東埔村,南投縣信義鄉東埔村玉山北峰1號,1,10.06,,11,信義分局,1/1/2002,12/31/2022,
,,"備註：
一、各警察機關應於每月10日前彙整轄內防空疏散避難設施清冊，並經各警察機關主管核定後，免備文，掃描檔及電子檔傳送至內政部警政署（民防指揮管制所）承辦人（無異動者免報）。
二、承辦人：技士黃瑞晟，警用724-3093，公務信箱：rueicheng@cdo.npa.gov.tw。",,,,,,,,,,,,,
