類別,村里別,地址,緯經度,地下樓層數,可容納人數,轄管分局,備註,placemark_address
金源大廈,入船里,基隆市中正區中船路134號,"25.13828, 121.75105",1.0,231,第二分局,,"金源大廈 入船002 入船里 基隆市中正區中船路134號 231 第二分局"
5樓公寓,八斗里,基隆市中正區漁港三街168號,"25.15097, 121.76584",1.0,1248,第二分局,,"5樓公寓 八斗002 八斗里 基隆市中正區漁港三街168號 1248 第二分局"
忠孝國小,中正里,基隆市中正區中正路656巷150號,"25.14902, 121.76714",1.0,137,第二分局,,"忠孝國小 中正001 中正里 基隆市中正區中正路656巷150號 137 第二分局"
7-11漁港門市,中正里,基隆市中正區中正路672號,"25.15143, 121.77099",1.0,204,第二分局,,"7-11漁港門市 中正002 中正里 基隆市中正區中正路672號 204 第二分局"
原中正區公所(戶政所),中正里,基隆市中正區中正路674號,"25.15143, 121.77099",1.0,192,第二分局,,"原中正區公所(戶政所) 中正003 中正里 基隆市中正區中正路674號 192 第二分局"
吉興名人大廈,中砂里,基隆市中正區豐稔街132號之1,"25.13789, 121.75975",2.0,289,第二分局,,"吉興名人大廈 中砂001 中砂里 基隆市中正區豐稔街132號之1 289 第二分局"
正豐名邸,中砂里,基隆市中正區正豐街36之1號2樓,"25.14062, 121.7602",1.0,363,第二分局,,"正豐名邸 中砂002 中砂里 基隆市中正區正豐街36之1號2樓 363 第二分局"
豐稔京棧,中砂里,基隆市中正區豐稔街104號五樓,"25.13932, 121.76134",1.0,103,第二分局,,"豐稔京棧 中砂003 中砂里 基隆市中正區豐稔街104號五樓 103 第二分局"
蔚來家,中砂里,基隆市中正區豐稔街118號,"25.14243, 121.76088",3.0,805,第二分局,,"蔚來家 中砂004 中砂里 基隆市中正區豐稔街118號 805 第二分局"
中正區公所,中砂里,基隆市中正區中正路236號,"25.14086, 121.75903",2.0,1319,第二分局,,"中正區公所 中砂005 中砂里 基隆市中正區中正路236號 1319 第二分局"
萬國大廈,中船里,基隆市中正區中正路102號,"25.13747, 121.74934",1.0,411,第二分局,,"萬國大廈 中船001 中船里 基隆市中正區中正路102號 411 第二分局"
7樓華廈(東方實業行),中船里,基隆市中正區中正路90號,"25.13703, 121.75039",1.0,138,第二分局,,"7樓華廈(東方實業行) 中船002 中船里 基隆市中正區中正路90號 138 第二分局"
中正國民小學,中船里,基隆市中正區中船路36巷4號,"25.13607, 121.75087",1.0,979,第二分局,,"中正國民小學 中船003 中船里 基隆市中正區中船路36巷4號 979 第二分局"
海景名門(中船鵝肉店),中船里,基隆市中正區中船路22號,"25.13692, 121.7501",1.0,273,第二分局,,"海景名門(中船鵝肉店) 中船004 中船里 基隆市中正區中船路22號 273 第二分局"
中正國民中學,中船里,基隆市中正區中船路36巷59號,"25.13537, 121.75398",1.0,1133,第二分局,,"中正國民中學 中船005 中船里 基隆市中正區中船路36巷59號 1133 第二分局"
中正國民中學,中船里,基隆市中正區中船路36巷59號,"25.13537, 121.75398",1.0,811,第二分局,,"中正國民中學 中船006 中船里 基隆市中正區中船路36巷59號 811 第二分局"
10樓電梯,中濱里,基隆市中正區中正路510號,"25.14912, 121.76363",1.0,175,第二分局,,"10樓電梯 中濱001 中濱里 基隆市中正區中正路510號 175 第二分局"
小西湖漁網行,中濱里,基隆市中正區中正路381號,"25.15035, 121.76522",1.0,427,第二分局,,"小西湖漁網行 中濱004 中濱里 基隆市中正區中正路381號 427 第二分局"
7樓華廈,仁義里,基隆市信義區義六路25號,"25.13527, 121.74738",2.0,187,第二分局,,"7樓華廈 仁義004 仁義里 基隆市信義區義六路25號 187 第二分局"
信義區公所,仁義里,基隆市信義區信二路179號,"25.12937, 121.7508",1.0,824,第二分局,,"信義區公所 仁義005 仁義里 基隆市信義區信二路179號 824 第二分局"
信義公教華廈,仁義里,基隆市信義區義六路15號,"25.12984, 121.75103",1.0,203,第二分局,,"信義公教華廈 仁義006 仁義里 基隆市信義區義六路15號 203 第二分局"
海港樓餐廳,仁義里,基隆市信義區信二路181號,"25.12921, 121.74977",1.0,310,第二分局,,"海港樓餐廳 仁義007 仁義里 基隆市信義區信二路181號 310 第二分局"
信義延吉,仁義里,基隆市信義區信一路96巷7號,"25.12883, 121.74872",2.0,252,第二分局,,"信義延吉 仁義008 仁義里 基隆市信義區信一路96巷7號 252 第二分局"
基隆極樂寺,仁壽里,基隆市信義區信二路270號,"25.131, 121.74728",1.0,1123,第二分局,,"基隆極樂寺 仁壽002 仁壽里 基隆市信義區信二路270號 1123 第二分局"
公寓大樓,仁壽里,基隆市信義區信二路265號,"25.13021, 121.74758",1.0,153,第二分局,,"公寓大樓 仁壽003 仁壽里 基隆市信義區信二路265號 153 第二分局"
華廈,仁壽里,基隆市信義區信一路141巷25號,"25.13004, 121.7479",1.0,173,第二分局,,"華廈 仁壽004 仁壽里 基隆市信義區信一路141巷25號 173 第二分局"
大三大樓,仁壽里,基隆市信義區信一路133之6號,"25.12919, 121.74754",2.0,705,第二分局,,"大三大樓 仁壽008 仁壽里 基隆市信義區信一路133之6號 705 第二分局"
全家、好樂迪,仁壽里,基隆市信義區信一路148號,"25.12959, 121.74692",3.0,1834,第二分局,,"全家、好樂迪 仁壽009 仁壽里 基隆市信義區信一路148號 1834 第二分局"
基隆市教會第一聚會所,仁壽里,基隆市信義區信二路225號,"25.13004, 121.7479",1.0,416,第二分局,,"基隆市教會第一聚會所 仁壽010 仁壽里 基隆市信義區信二路225號 416 第二分局"
海頓華廈,仁壽里,基隆市信義區信一路111號,"25.13004, 121.7479",1.0,71,第二分局,,"海頓華廈 仁壽011 仁壽里 基隆市信義區信一路111號 71 第二分局"
華爾街名廈,仁壽里,基隆市信義區信一路141巷26號,"25.13013, 121.74768",1.0,181,第二分局,,"華爾街名廈 仁壽012 仁壽里 基隆市信義區信一路141巷26號 181 第二分局"
私宅,仁壽里,基隆市信義區義五路13巷25號,"25.12911, 121.74863",3.0,362,第二分局,,"私宅 仁壽013 仁壽里 基隆市信義區義五路13巷25號 362 第二分局"
基隆市議會,仁壽里,基隆市信義區壽山路5號,"25.13137, 121.74886",2.0,2861,第二分局,,"基隆市議會 仁壽014 仁壽里 基隆市信義區壽山路5號 2861 第二分局"
勝佳生活百貨,仁壽里,基隆市信義區信一路130之1號,"25.12907, 121.74784",1.0,124,第二分局,,"勝佳生活百貨 仁壽016 仁壽里 基隆市信義區信一路130之1號 124 第二分局"
陽信銀行,仁壽里,基隆市信義區信一路117號,"25.13004, 121.7479",2.0,207,第二分局,,"陽信銀行 仁壽017 仁壽里 基隆市信義區信一路117號 207 第二分局"
華廈,仁壽里,基隆市信義區義三路12巷9號,"25.1302, 121.74712",2.0,120,第二分局,,"華廈 仁壽018 仁壽里 基隆市信義區義三路12巷9號 120 第二分局"
台灣造船股份有限公司,平寮里,基隆市中正區和一路224號,"25.15562, 121.76231",1.0,1777,第二分局,,"台灣造船股份有限公司 平寮001 平寮里 基隆市中正區和一路224號 1777 第二分局"
台灣造船股份有限公司,平寮里,基隆市中正區和一路224號,"25.15562, 121.76231",1.0,1144,第二分局,,"台灣造船股份有限公司 平寮002 平寮里 基隆市中正區和一路224號 1144 第二分局"
農委會水產試驗所,平寮里,基隆市中正區和一路199號,"25.15489, 121.76387",1.0,199,第二分局,,"農委會水產試驗所 平寮004 平寮里 基隆市中正區和一路199號 199 第二分局"
基隆港務局,平寮里,基隆市中正區平一路480號,"25.16079, 121.76395",1.0,584,第二分局,,"基隆港務局 平寮005 平寮里 基隆市中正區平一路480號 584 第二分局"
公寓,正砂里,基隆市中正區正榮街77巷53號,"25.147, 121.76232",4.0,282,第二分局,,"公寓 正砂001 正砂里 基隆市中正區正榮街77巷53號 282 第二分局"
7樓電梯大樓,正砂里,基隆市中正區正榮街28之4號,"25.14471, 121.76197",2.0,245,第二分局,,"7樓電梯大樓 正砂004 正砂里 基隆市中正區正榮街28之4號 245 第二分局"
7樓電梯大樓,正砂里,基隆市中正區正榮街28之1號,"25.14471, 121.76197",2.0,222,第二分局,,"7樓電梯大樓 正砂005 正砂里 基隆市中正區正榮街28之1號 222 第二分局"
安瀾一品,正砂里,基隆市中正區中正路213號,"25.14312, 121.76098",1.0,298,第二分局,,"安瀾一品 正砂006 正砂里 基隆市中正區中正路213號 298 第二分局"
大觀園,正砂里,基隆市中正區正榮街59號,"25.14586, 121.76218",1.0,163,第二分局,,"大觀園 正砂007 正砂里 基隆市中正區正榮街59號 163 第二分局"
中正公教住宅,正砂里,基隆市中正區中正路400之3號,"25.15143, 121.77099",1.0,982,第二分局,,"中正公教住宅 正砂008 正砂里 基隆市中正區中正路400之3號 982 第二分局"
7樓電梯大樓,正砂里,基隆市中正區中正路97號,"25.15143, 121.77099",2.0,318,第二分局,,"7樓電梯大樓 正砂009 正砂里 基隆市中正區中正路97號 318 第二分局"
海玉,正砂里,基隆市中正區中正路335號,"25.14813, 121.76174",3.0,489,第二分局,,"海玉 正砂010 正砂里 基隆市中正區中正路335號 489 第二分局"
正濱國民中學,正砂里,基隆市中正區正榮街88號,"25.14633, 121.76302",1.0,621,第二分局,,"正濱國民中學 正砂012 正砂里 基隆市中正區正榮街88號 621 第二分局"
豐澤華廈,正砂里,基隆市中正區中正路315號,"25.14324, 121.76094",2.0,510,第二分局,,"豐澤華廈 正砂013 正砂里 基隆市中正區中正路315號 510 第二分局"
星海灣,正砂里,基隆市中正區中正路331號,"25.15143, 121.77099",2.0,384,第二分局,,"星海灣 正砂014 正砂里 基隆市中正區中正路331號 384 第二分局"
中正華城,正砂里,基隆市中正區中正路464號,"25.14821, 121.7621",2.0,349,第二分局,,"中正華城 正砂015 正砂里 基隆市中正區中正路464號 349 第二分局"
萬金樓,正義里,基隆市中正區義二路162號,"25.13382, 121.74732",2.0,144,第二分局,,"萬金樓 正義001 正義里 基隆市中正區義二路162號 144 第二分局"
萬金樓,正義里,基隆市中正區義二路164號之1,"25.13387, 121.74738",1.0,348,第二分局,,"萬金樓 正義002 正義里 基隆市中正區義二路164號之1 348 第二分局"
汾陽郭,正濱里,基隆市中正區中正路742號,"25.15143, 121.77099",1.0,179,第二分局,,"汾陽郭 正濱001 正濱里 基隆市中正區中正路742號 179 第二分局"
基隆市原住民文化會館,正濱里,基隆市中正區正濱路116巷75號,"25.1537, 121.77163",1.0,523,第二分局,,"基隆市原住民文化會館 正濱002 正濱里 基隆市中正區正濱路116巷75號 523 第二分局"
基隆海大會館,正濱里,基隆市中正區中正路607號,"25.15167, 121.77099",1.0,515,第二分局,,"基隆海大會館 正濱003 正濱里 基隆市中正區中正路607號 515 第二分局"
公寓,孝岡里,基隆市信義區深澳坑路133之2號,"25.12449, 121.79015",1.0,178,第二分局,,"公寓 孝岡001 孝岡里 基隆市信義區深澳坑路133之2號 178 第二分局"
川欣冷凍廠,孝岡里,基隆市信義區深澳坑路277號,"25.12029, 121.79738",1.0,164,第二分局,,"川欣冷凍廠 孝岡003 孝岡里 基隆市信義區深澳坑路277號 164 第二分局"
麗景江山,孝忠里,基隆市信義區深溪路36巷50弄18號,"25.13045, 121.78111",2.0,2281,第二分局,,"麗景江山 孝忠001 孝忠里 基隆市信義區深溪路36巷50弄18號 2281 第二分局"
麗景江山,孝忠里,基隆市信義區深溪路36巷42號,"25.13178, 121.78249",2.0,1182,第二分局,,"麗景江山 孝忠002 孝忠里 基隆市信義區深溪路36巷42號 1182 第二分局"
麗景江山,孝忠里,基隆市信義區深溪路36巷50弄1號,"25.13177, 121.78265",3.0,5443,第二分局,,"麗景江山 孝忠003 孝忠里 基隆市信義區深溪路36巷50弄1號 5443 第二分局"
麗景江山,孝忠里,基隆市信義區深溪路36巷74號,"25.13045, 121.78111",1.0,2562,第二分局,,"麗景江山 孝忠004 孝忠里 基隆市信義區深溪路36巷74號 2562 第二分局"
麗景江山,孝忠里,基隆市信義區深溪路36巷102弄11號,"25.13288, 121.78444",1.0,2183,第二分局,,"麗景江山 孝忠005 孝忠里 基隆市信義區深溪路36巷102弄11號 2183 第二分局"
麗景江山,孝忠里,基隆市信義區深溪路36巷51號,"25.13045, 121.78111",1.0,17089,第二分局,,"麗景江山 孝忠006 孝忠里 基隆市信義區深溪路36巷51號 17089 第二分局"
麗景江山,孝忠里,基隆市信義區深溪路36巷70弄8號,"25.13175, 121.78399",2.0,3971,第二分局,,"麗景江山 孝忠007 孝忠里 基隆市信義區深溪路36巷70弄8號 3971 第二分局"
深美國小,孝忠里,基隆市信義區深美街198號,"25.13743, 121.77813",1.0,1254,第二分局,,"深美國小 孝忠008 孝忠里 基隆市信義區深美街198號 1254 第二分局"
信義城,孝忠里,基隆市信義區深溪路38巷3號,"25.13218, 121.78262",3.0,5227,第二分局,,"信義城 孝忠009 孝忠里 基隆市信義區深溪路38巷3號 5227 第二分局"
玉品園,孝忠里,基隆市信義區教忠街58號,"25.13482, 121.77781",1.0,628,第二分局,,"玉品園 孝忠010 孝忠里 基隆市信義區教忠街58號 628 第二分局"
凱撒大地,孝深里,基隆市信義區深澳坑路166之17號,"25.12652, 121.78501",2.0,2868,第二分局,,"凱撒大地 孝深001 孝深里 基隆市信義區深澳坑路166之17號 2868 第二分局"
深澳國小,孝深里,基隆市信義區深澳坑路55之1號,"25.12858, 121.78301",1.0,1218,第二分局,,"深澳國小 孝深003 孝深里 基隆市信義區深澳坑路55之1號 1218 第二分局"
微笑臺北,孝深里,基隆市信義區孝東路88號,"25.1282, 121.77949",4.0,17223,第二分局,,"微笑臺北 孝深004 孝深里 基隆市信義區孝東路88號 17223 第二分局"
七樓電梯,孝深里,基隆市信義區深澳坑路132號,"25.12682, 121.78385",1.0,339,第二分局,,"七樓電梯 孝深005 孝深里 基隆市信義區深澳坑路132號 339 第二分局"
榮華富貴,孝深里,基隆市信義區深澳坑路109巷13弄7號,"25.12843, 121.7863",1.0,494,第二分局,,"榮華富貴 孝深006 孝深里 基隆市信義區深澳坑路109巷13弄7號 494 第二分局"
住安城堡,孝深里,基隆市信義區孝東路27號,"25.12831, 121.77646",1.0,776,第二分局,,"住安城堡 孝深007 孝深里 基隆市信義區孝東路27號 776 第二分局"
港都天下,孝德里,基隆市信義區福民街71巷3號,"25.13146, 121.77716",2.0,1177,第二分局,,"港都天下 孝德001 孝德里 基隆市信義區福民街71巷3號 1177 第二分局"
七樓電梯,孝德里,基隆市信義區東峰街22號,"25.13233, 121.77435",1.0,230,第二分局,,"七樓電梯 孝德002 孝德里 基隆市信義區東峰街22號 230 第二分局"
五樓公寓地下室,孝德里,基隆市信義區福民街55巷42號,"25.13283, 121.77626",1.0,297,第二分局,,"五樓公寓地下室 孝德003 孝德里 基隆市信義區福民街55巷42號 297 第二分局"
翡翠宮廷,孝德里,基隆市信義區深澳坑路6巷143號,"25.13376, 121.77461",1.0,1096,第二分局,,"翡翠宮廷 孝德004 孝德里 基隆市信義區深澳坑路6巷143號 1096 第二分局"
翡翠宮廷,孝德里,基隆市信義區深澳坑路6巷304號,"25.13378, 121.77453",1.0,1569,第二分局,,"翡翠宮廷 孝德005 孝德里 基隆市信義區深澳坑路6巷304號 1569 第二分局"
主恩兒童之家,孝德里,基隆市信義區深澳坑路8號,"25.13317, 121.77695",1.0,637,第二分局,,"主恩兒童之家 孝德006 孝德里 基隆市信義區深澳坑路8號 637 第二分局"
田園調布,孝德里,基隆市信義區福民街17之1號,"25.13306, 121.77477",2.0,2414,第二分局,,"田園調布 孝德007 孝德里 基隆市信義區福民街17之1號 2414 第二分局"
田園調布,孝德里,基隆市信義區福民街150號,"25.13184, 121.7764",2.0,1412,第二分局,,"田園調布 孝德008 孝德里 基隆市信義區福民街150號 1412 第二分局"
五樓公寓地下室,孝德里,基隆市信義區福民街55巷3號,"25.13229, 121.77632",1.0,3084,第二分局,,"五樓公寓地下室 孝德009 孝德里 基隆市信義區福民街55巷3號 3084 第二分局"
港都天下,孝德里,基隆市信義區深澳坑路10之6號,"25.13146, 121.77716",1.0,583,第二分局,,"港都天下 孝德010 孝德里 基隆市信義區深澳坑路10之6號 583 第二分局"
彩虹山莊,孝賢里,基隆市信義區東美二街73之1號,"25.1359, 121.77257",1.0,616,第二分局,,"彩虹山莊 孝賢001 孝賢里 基隆市信義區東美二街73之1號 616 第二分局"
乾隆皇第,孝賢里,基隆市信義區教孝街2號,"25.1365, 121.77407",1.0,421,第二分局,,"乾隆皇第 孝賢002 孝賢里 基隆市信義區教孝街2號 421 第二分局"
港都傳奇,孝賢里,基隆市信義區教孝街75號,"25.13779, 121.77586",2.0,2685,第二分局,,"港都傳奇 孝賢003 孝賢里 基隆市信義區教孝街75號 2685 第二分局"
港都經典華廈,孝賢里,基隆市信義區深澳坑路2之47號,"25.13656, 121.77335",1.0,858,第二分局,,"港都經典華廈 孝賢004 孝賢里 基隆市信義區深澳坑路2之47號 858 第二分局"
三樓透天群,孝賢里,基隆市信義區深澳坑路2之36號,"25.13656, 121.77335",2.0,1152,第二分局,,"三樓透天群 孝賢005 孝賢里 基隆市信義區深澳坑路2之36號 1152 第二分局"
富麗居,孝賢里,基隆市信義區深澳坑路2之19號,"25.13656, 121.77335",1.0,190,第二分局,,"富麗居 孝賢007 孝賢里 基隆市信義區深澳坑路2之19號 190 第二分局"
發樓,孝賢里,基隆市信義區深澳坑路2之9號,"25.13656, 121.77335",2.0,1665,第二分局,,"發樓 孝賢008 孝賢里 基隆市信義區深澳坑路2之9號 1665 第二分局"
大香港,孝賢里,基隆市信義區深澳坑路2之5號,"25.13656, 121.77335",2.0,2506,第二分局,,"大香港 孝賢009 孝賢里 基隆市信義區深澳坑路2之5號 2506 第二分局"
港都傳奇,孝賢里,基隆市信義區教孝街79號,"25.13777, 121.77598",1.0,1580,第二分局,,"港都傳奇 孝賢010 孝賢里 基隆市信義區教孝街79號 1580 第二分局"
信義福邸,東光里,基隆市信義區東信路156號,"25.1279, 121.76532",1.0,146,第二分局,
信義之心,東光里,基隆市信義區崇法街89巷1號,"25.13309, 121.76621",3.0,3466,第二分局,,"信義之心 東光004 東光里 基隆市信義區崇法街89巷1號 3466 第二分局"
5樓公寓,東安里,基隆市信義區東信路2巷9號,"25.12832, 121.76844",1.0,163,第二分局,,"5樓公寓 東安001 東安里 基隆市信義區東信路2巷9號 163 第二分局"
7樓電梯,東安里,基隆市信義區培德路17號,"25.12226, 121.77629",1.0,84,第二分局,,"7樓電梯 東安004 東安里 基隆市信義區培德路17號 84 第二分局"
7樓電梯,東安里,基隆市信義區培德路173號,"25.12922, 121.77144",1.0,184,第二分局,,"7樓電梯 東安005 東安里 基隆市信義區培德路173號 184 第二分局"
" 基隆市環保局清潔隊",東安里,基隆市信義區培德路221之3號,"25.12188, 121.77706",1.0,120,第二分局,,"基隆市環保局清潔隊 東安006 東安里 基隆市信義區培德路221之3號 120 第二分局"
名人天廈,東安里,基隆市信義區培德路16號,"25.12872, 121.76977",1.0,136,第二分局,,"名人天廈 東安007 東安里 基隆市信義區培德路16號 136 第二分局"
7樓電梯,東安里,基隆市信義區培德路14巷19號,"25.12845, 121.76947",2.0,169,第二分局,,"7樓電梯 東安008 東安里 基隆市信義區培德路14巷19號 169 第二分局"
7樓電梯,東安里,基隆市信義區培德路75之3號,"25.12991, 121.77283",1.0,250,第二分局,,"7樓電梯 東安009 東安里 基隆市信義區培德路75之3號 250 第二分局"
藝術名廈,東安里,基隆市信義區培德路189號及2樓之至12,"25.12916, 121.77244",2.0,295,第二分局,,"藝術名廈 東安010 東安里 基隆市信義區培德路189號及2樓之至12 295 第二分局"
7樓電梯,東安里,基隆市信義區東信路5號,"25.12771, 121.76792",1.0,149,第二分局,,"7樓電梯 東安011 東安里 基隆市信義區東信路5號 149 第二分局"
信義國中,東安里,基隆市信義區東信路4號,"25.12886, 121.76842",1.0,379,第二分局,,"信義國中 東安012 東安里 基隆市信義區東信路4號 379 第二分局"
東光市場,東明里,基隆市信義區東信路55巷17號,"25.127, 121.76694",1.0,1008,第二分局,,"東光市場 東明001 東明里 基隆市信義區東信路55巷17號 1008 第二分局"
5樓公寓,東明里,基隆市信義區東信路35巷110號,"25.12599, 121.76691",1.0,344,第二分局,,"5樓公寓 東明002 東明里 基隆市信義區東信路35巷110號 344 第二分局"
5樓公寓,東明里,基隆市信義區東信路55巷42之3號,"25.12682, 121.76559",1.0,146,第二分局,,"5樓公寓 東明003 東明里 基隆市信義區東信路55巷42之3號 146 第二分局"
7樓電梯,東明里,基隆市信義區東光路42號,"25.13009, 121.76775",3.0,204,第二分局,,"7樓電梯 東明004 東明里 基隆市信義區東光路42號 204 第二分局"
7樓電梯,東明里,基隆市信義區東信路71號,"25.12755, 121.7626",1.0,849,第二分局,,"7樓電梯 東明005 東明里 基隆市信義區東信路71號 849 第二分局"
7樓電梯,東明里,基隆市信義區東信路37號,"25.12739, 121.76679",1.0,395,第二分局,,"7樓電梯 東明006 東明里 基隆市信義區東信路37號 395 第二分局"
一品特區,東明里,基隆市信義區東光路201之1號,"25.12755, 121.7626",3.0,1235,第二分局,,"一品特區 東明007 東明里 基隆市信義區東光路201之1號 1235 第二分局"
橙品雙璽,東明里,基隆市信義區東光路40之2號,"25.12755, 121.7626",1.0,140,第二分局,,"橙品雙璽 東明008 東明里 基隆市信義區東光路40之2號 140 第二分局"
6樓電梯,東明里,基隆市信義區東光路40之3號,"25.12755, 121.7626",1.0,166,第二分局,,"6樓電梯 東明009 東明里 基隆市信義區東光路40之3號 166 第二分局"
5樓公寓,東信里,基隆市信義區東信路180巷28號,"25.12947, 121.76362",1.0,199,第二分局,
5樓公寓,東信里,基隆市信義區花源五街47號,"25.13358, 121.76456",1.0,1005,第二分局,,"5樓公寓 東信002 東信里 基隆市信義區花源五街47號 1005 第二分局"
四季春,東信里,基隆市信義區花源五街1號,"25.13284, 121.76372",2.0,2296,第二分局,,"四季春 東信003 東信里 基隆市信義區花源五街1號 2296 第二分局"
威鎮八方,東信里,基隆市信義區正信路227巷21弄8號,"25.13507, 121.7644",3.0,11038,第二分局,,"威鎮八方 東信004 東信里 基隆市信義區正信路227巷21弄8號 11038 第二分局"
信義花園,東信里,基隆市信義區東信路236巷32號,"25.12755, 121.7626",2.0,3692,第二分局,,"信義花園 東信005 東信里 基隆市信義區東信路236巷32號 3692 第二分局"
新富,東信里,基隆市信義區正信路295號,"25.13186, 121.76466",1.0,397,第二分局,,"新富 東信006 東信里 基隆市信義區正信路295號 397 第二分局"
台灣造船股份有限公司,社寮里,基隆市中正區和一路155巷14號,"25.15471, 121.76423",1.0,378,第二分局,,"台灣造船股份有限公司 社寮001 社寮里 基隆市中正區和一路155巷14號 378 第二分局"
微笑蔬果行,信義里,基隆市中正區義二路175號,"25.12912, 121.74941",1.0,229,第二分局,,"微笑蔬果行 信義001 信義里 基隆市中正區義二路175號 229 第二分局"
5樓公寓,信綠里,基隆市信義區正信路24之5號,"25.1315, 121.76141",1.0,285,第二分局,,"5樓公寓 信綠002 信綠里 基隆市信義區正信路24之5號 285 第二分局"
5樓公寓,信綠里,基隆市信義區正信路24之52號,"25.1315, 121.76141",1.0,225,第二分局,,"5樓公寓 信綠004 信綠里 基隆市信義區正信路24之52號 225 第二分局"
東信國小,信綠里,基隆市信義區正信路26號,"25.12872, 121.76013",1.0,170,第二分局,,"東信國小 信綠005 信綠里 基隆市信義區正信路26號 170 第二分局"
東信國小,信綠里,基隆市信義區正信路26號,"25.13136, 121.76001",1.0,288,第二分局,,"東信國小 信綠006 信綠里 基隆市信義區正信路26號 288 第二分局"
四海一家,信綠里,基隆市信義區東信路306號,"25.12872, 121.76013",1.0,182,第二分局,,"四海一家 信綠007 信綠里 基隆市信義區東信路306號 182 第二分局"
行政執行署,信綠里,基隆市信義區東信路169號,"25.12853, 121.76146",1.0,209,第二分局,,"行政執行署 信綠008 信綠里 基隆市信義區東信路169號 209 第二分局"
7樓電梯,信綠里,基隆市信義區正信路35號,"25.12872, 121.76013",1.0,98,第二分局,,"7樓電梯 信綠009 信綠里 基隆市信義區正信路35號 98 第二分局"
正信華廈,信綠里,基隆市信義區正信路215號,"25.12879, 121.74989",1.0,278,第二分局,,"正信華廈 信綠010 信綠里 基隆市信義區正信路215號 278 第二分局"
7樓電梯,信綠里,基隆市信義區正信路95號,"25.13072, 121.76097",1.0,157,第二分局,,"7樓電梯 信綠011 信綠里 基隆市信義區正信路95號 157 第二分局"
名仕麗廈,信綠里,基隆市信義區正信路179號,"25.13185, 121.76014",1.0,791,第二分局,,"名仕麗廈 信綠013 信綠里 基隆市信義區正信路179號 791 第二分局"
9樓電梯,信綠里,基隆市信義區正信路223號,"25.13449, 121.76061",2.0,279,第二分局,,"9樓電梯 信綠014 信綠里 基隆市信義區正信路223號 279 第二分局"
正信華廈,信綠里,基隆市信義區正信路213號,"25.12872, 121.76013",1.0,99,第二分局,,"正信華廈 信綠015 信綠里 基隆市信義區正信路213號 99 第二分局"
翰林苑,信綠里,基隆市信義區正信路49號,"25.13, 121.76102",2.0,171,第二分局,,"翰林苑 信綠016 信綠里 基隆市信義區正信路49號 171 第二分局"
身心障礙福利服務中心,信綠里,基隆市信義區東信路282之45號,"25.12981, 121.76213",1.0,989,第二分局,,"身心障礙福利服務中心 信綠017 信綠里 基隆市信義區東信路282之45號 989 第二分局"
7樓電梯,信綠里,基隆市信義區正信路175巷15之5號,"25.13219, 121.75914",2.0,144,第二分局,,"7樓電梯 信綠018 信綠里 基隆市信義區正信路175巷15之5號 144 第二分局"
東信國小,信綠里,基隆市信義區正信路26號,"25.12872, 121.76013",1.0,579,第二分局,,"東信國小 信綠019 信綠里 基隆市信義區正信路26號 579 第二分局"
東信國小,信綠里,基隆市信義區正信路26號,"25.13527, 121.74738",1.0,660,第二分局,,"東信國小 信綠020 信綠里 基隆市信義區正信路26號 660 第二分局"
地面5層地下1層公寓,建國里,基隆市中正區祥豐街335號,"25.14448, 121.76708",1.0,854,第二分局,,"地面5層地下1層公寓 建國001 建國里 基隆市中正區祥豐街335號 854 第二分局"
財政部基隆關,建國里,基隆市中正區祥豐街198巷6號,"25.14449, 121.76756",1.0,1002,第二分局,,"財政部基隆關 建國002 建國里 基隆市中正區祥豐街198巷6號 1002 第二分局"
私立二信高級中學,建國里,基隆市中正區立德路243號,"25.1439, 121.77151",1.0,632,第二分局,,"私立二信高級中學 建國003 建國里 基隆市中正區立德路243號 632 第二分局"
7樓電梯大樓,建國里,基隆市中正區立德路188號之1,"25.14371, 121.77012",1.0,118,第二分局,,"7樓電梯大樓 建國004 建國里 基隆市中正區立德路188號之1 118 第二分局"
海洋學園,建國里,基隆市中正區祥豐街237號,"25.15054, 121.77577",1.0,1502,第二分局,,"海洋學園 建國005 建國里 基隆市中正區祥豐街237號 1502 第二分局"
私立二信高級中學,建國里,基隆市中正區立德路243號,"25.1439, 121.77151",1.0,1514,第二分局,,"私立二信高級中學 建國006 建國里 基隆市中正區立德路243號 1514 第二分局"
正濱國小,建國里,基隆市中正區祥豐街216號,"25.14664, 121.77063",1.0,474,第二分局,,"正濱國小 建國007 建國里 基隆市中正區祥豐街216號 474 第二分局"
正濱國小,建國里,基隆市中正區祥豐路216號,"25.14664, 121.77063",1.0,2202,第二分局,,"正濱國小 建國009 建國里 基隆市中正區祥豐路216號 2202 第二分局"
私立二信高中,建國里,基隆市立德路206,"25.1439, 121.77151",1.0,696,第二分局,,"私立二信高中 建國011 建國里 基隆市立德路206 696 第二分局"
富都,建國里,基隆市祥豐街399號,"25.14471, 121.7677",1.0,376,第二分局,,"富都 建國012 建國里 基隆市祥豐街399號 376 第二分局"
5樓公寓,砂子里,基隆市中正區調和街2之101號,"25.12813, 121.79788",1.0,2212,第二分局,,"5樓公寓 砂子001 砂子里 基隆市中正區調和街2之101號 2212 第二分局"
八斗金鑽,砂子里,基隆市中正區調和街1巷9號,"25.15509, 121.76505",1.0,198,第二分局,,"八斗金鑽 砂子002 砂子里 基隆市中正區調和街1巷9號 198 第二分局"
八斗金鑽,砂子里,基隆市中正區北寧路390號,"25.13957, 121.79651",1.0,797,第二分局,,"八斗金鑽 砂子005 砂子里 基隆市中正區北寧路390號 797 第二分局"
山海觀社區,砂子里,基隆市中正區觀海街92號,"25.1373, 121.7945",4.0,13216,第二分局,,"山海觀社區 砂子006 砂子里 基隆市中正區觀海街92號 13216 第二分局"
山海觀社區,砂子里,基隆市中正區觀海街203號,"25.13729, 121.79507",3.0,10746,第二分局,,"山海觀社區 砂子007 砂子里 基隆市中正區觀海街203號 10746 第二分局"
八斗國民小學,砂子里,基隆市中正區北寧路396巷52號,"25.13871, 121.79778",1.0,629,第二分局,,"八斗國民小學 砂子008 砂子里 基隆市中正區北寧路396巷52號 629 第二分局"
八斗國民小學,砂子里,基隆市中正區北寧路396巷52號,"25.13871, 121.79778",1.0,363,第二分局,,"八斗國民小學 砂子010 砂子里 基隆市中正區北寧路396巷52號 363 第二分局"
星河繪,砂子里,基隆市中正區調和街298號,"25.12756, 121.79927",3.0,3578,第二分局,,"星河繪 砂子011 砂子里 基隆市中正區調和街298號 3578 第二分局"
公有祥豐零售市場,砂灣里,基隆市中正區祥豐街66號,"25.14203, 121.76394",1.0,835,第二分局,,"公有祥豐零售市場 砂灣001 砂灣里 基隆市中正區祥豐街66號 835 第二分局"
7樓電梯大樓,砂灣里,基隆市中正區祥豐街121號,"25.1423, 121.764",1.0,242,第二分局,,"7樓電梯大樓 砂灣002 砂灣里 基隆市中正區祥豐街121號 242 第二分局"
6樓電梯大樓,砂灣里,基隆市中正區祥豐街73號,"25.14184, 121.76226",1.0,206,第二分局,,"6樓電梯大樓 砂灣003 砂灣里 基隆市中正區祥豐街73號 206 第二分局"
建心新城,砂灣里,基隆市中正區祥豐街81號,"25.14197, 121.76333",1.0,1543,第二分局,,"建心新城 砂灣004 砂灣里 基隆市中正區祥豐街81號 1543 第二分局"
正濱國小,砂灣里,基隆市中正區祥豐街216號,"25.14627, 121.77027",1.0,191,第二分局,,"正濱國小 砂灣005 砂灣里 基隆市中正區祥豐街216號 191 第二分局"
祥豐麗境A,砂灣里,基隆市中正區祥豐街95號,"25.1422, 121.76391",2.0,1696,第二分局,,"祥豐麗境A 砂灣006 砂灣里 基隆市中正區祥豐街95號 1696 第二分局"
祥豐麗境B,砂灣里,基隆市中正區祥豐街119之1號,"25.14233, 121.76421",1.0,112,第二分局,,"祥豐麗境B 砂灣007 砂灣里 基隆市中正區祥豐街119之1號 112 第二分局"
豐澋匯,砂灣里,基隆市中正區正榮街121號,"25.1432, 121.76329",2.0,931,第二分局,,"豐澋匯 砂灣008 砂灣里 基隆市中正區正榮街121號 931 第二分局"
國立台灣海洋大學,海濱里,基隆市中正區北寧路2號,"25.15054, 121.77577",1.0,1230,第二分局,,"國立台灣海洋大學 海濱001 海濱里 基隆市中正區北寧路2號 1230 第二分局"
國立台灣海洋大學,海濱里,基隆市中正區北寧路2號,"25.15054, 121.77577",1.0,754,第二分局,,"國立台灣海洋大學 海濱002 海濱里 基隆市中正區北寧路2號 754 第二分局"
國立台灣海洋大學,海濱里,基隆市中正區北寧路2號,"25.15054, 121.77577",1.0,513,第二分局,,"國立台灣海洋大學 海濱003 海濱里 基隆市中正區北寧路2號 513 第二分局"
國立台灣海洋大學,海濱里,基隆市中正區北寧路2號,"25.15054, 121.77577",1.0,557,第二分局,,"國立台灣海洋大學 海濱004 海濱里 基隆市中正區北寧路2號 557 第二分局"
國立台灣海洋大學,海濱里,基隆市中正區北寧路2號,"25.15054, 121.77577",1.0,836,第二分局,,"國立台灣海洋大學 海濱005 海濱里 基隆市中正區北寧路2號 836 第二分局"
國立台灣海洋大學,海濱里,基隆市中正區北寧路2號,"25.15054, 121.77577",1.0,145,第二分局,,"國立台灣海洋大學 海濱006 海濱里 基隆市中正區北寧路2號 145 第二分局"
國立台灣海洋大學,海濱里,基隆市中正區北寧路2號,"25.15054, 121.77577",1.0,3427,第二分局,,"國立台灣海洋大學 海濱007 海濱里 基隆市中正區北寧路2號 3427 第二分局"
國立台灣海洋大學,海濱里,基隆市中正區北寧路2號,"25.15054, 121.77577",1.0,1130,第二分局,,"國立台灣海洋大學 海濱008 海濱里 基隆市中正區北寧路2號 1130 第二分局"
國立台灣海洋大學,海濱里,基隆市中正區北寧路2號,"25.15054, 121.77577",1.0,531,第二分局,,"國立台灣海洋大學 海濱009 海濱里 基隆市中正區北寧路2號 531 第二分局"
滿城食品冷凍八斗子廠,海濱里,基隆市中正區北寧路67號,"25.14899, 121.78285",1.0,1425,第二分局,,"滿城食品冷凍八斗子廠 海濱010 海濱里 基隆市中正區北寧路67號 1425 第二分局"
海大附中,海濱里,基隆市中正區祥豐街246號,"25.14807, 121.7715",1.0,504,第二分局,,"海大附中 海濱011 海濱里 基隆市中正區祥豐街246號 504 第二分局"
海大附中,海濱里,基隆市中正區祥豐街246號,"25.14807, 121.7715",1.0,340,第二分局,,"海大附中 海濱012 海濱里 基隆市中正區祥豐街246號 340 第二分局"
海洋大學,海濱里,基隆市中正區北寧路43號,"25.15036, 121.77982",1.0,768,第二分局,,"海洋大學 海濱013 海濱里 基隆市中正區北寧路43號 768 第二分局"
建心新城,真砂里,基隆市中正區豐稔街41巷2號,"25.14054, 121.76138",1.0,986,第二分局,,"建心新城 真砂001 真砂里 基隆市中正區豐稔街41巷2號 986 第二分局"
安瀾大廈,真砂里,基隆市中正區豐稔街15號,"25.14139, 121.76086",1.0,221,第二分局,,"安瀾大廈 真砂002 真砂里 基隆市中正區豐稔街15號 221 第二分局"
鼎立京華,真砂里,基隆市中正區豐稔街17號,"25.15143, 121.77099",1.0,264,第二分局,,"鼎立京華 真砂003 真砂里 基隆市中正區豐稔街17號 264 第二分局"
社區大學,智誠里,基隆市信義區月眉路250巷22號,"25.1248, 121.75674",1.0,281,第二分局,,"社區大學 智誠001 智誠里 基隆市信義區月眉路250巷22號 281 第二分局"
華廈,智慧里,基隆市信義區仁一路3號,"25.1277, 121.75448",2.0,139,第二分局,,"華廈 智慧001 智慧里 基隆市信義區仁一路3號 139 第二分局"
信義新象,智慧里,基隆市信義區仁一路61號,"25.12779, 121.75455",1.0,205,第二分局,,"信義新象 智慧002 智慧里 基隆市信義區仁一路61號 205 第二分局"
河畔尊龍,智慧里,基隆市信義區仁一路17號,"25.12787, 121.75547",1.0,187,第二分局,,"河畔尊龍 智慧003 智慧里 基隆市信義區仁一路17號 187 第二分局"
漢城大廈,智慧里,基隆市信義區仁一路27號,"25.12786, 121.75529",2.0,121,第二分局,,"漢城大廈 智慧004 智慧里 基隆市信義區仁一路27號 121 第二分局"
掌上明珠,智慧里,基隆市信義區仁一路37巷16號,"25.12744, 121.75475",3.0,576,第二分局,,"掌上明珠 智慧005 智慧里 基隆市信義區仁一路37巷16號 576 第二分局"
港務大樓,港通里,基隆市中正區中正路16號,"25.1327, 121.7445",1.0,349,第二分局,,"港務大樓 港通001 港通里 基隆市中正區中正路16號 349 第二分局"
永隆大廈,港通里,基隆市中正區中正路34號,"25.13578, 121.74602",1.0,678,第二分局,,"永隆大廈 港通002 港通里 基隆市中正區中正路34號 678 第二分局"
橙品71,港通里,基隆市中正區義一路71號,"25.13425, 121.74638",0.0,377,第二分局,,"橙品71 港通005 港通里 基隆市中正區義一路71號 377 第二分局"
文化中心,港通里,基隆市中正區信一路181號,"25.13128, 121.7441",2.0,2400,第二分局,,"文化中心 港通006 港通里 基隆市中正區信一路181號 2400 第二分局"
國泰人壽大樓,港通里,基隆市中正區義一路83號,"25.13446, 121.74654",0.0,353,第二分局,,"國泰人壽大樓 港通007 港通里 基隆市中正區義一路83號 353 第二分局"
台灣省菸酒基隆分局,港通里,基隆市中正區中正路16號,"25.13265, 121.74444",0.0,253,第二分局,,"台灣省菸酒基隆分局 港通009 港通里 基隆市中正區中正路16號 253 第二分局"
基隆二信港東分社,港通里,基隆市中正區義一路43號,"25.13338, 121.74581",1.0,311,第二分局,,"基隆二信港東分社 港通011 港通里 基隆市中正區義一路43號 311 第二分局"
8樓華廈(天龍講堂),港通里,基隆市中正區義一路212號,"25.13527, 121.74738",0.0,146,第二分局,,"8樓華廈(天龍講堂) 港通013 港通里 基隆市中正區義一路212號 146 第二分局"
葛萊美診所,港通里,基隆市中正區義一路23號,"25.13287, 121.74544",1.0,174,第二分局,,"葛萊美診所 港通014 港通里 基隆市中正區義一路23號 174 第二分局"
中正華廈,港通里,基隆市中正區中正路12號,"25.13194, 121.74352",0.0,152,第二分局,,"中正華廈 港通015 港通里 基隆市中正區中正路12號 152 第二分局"
衛生福利部中央健康保險署基隆聯絡辦公室,港通里,基隆市中正區義一路95號,"25.13501, 121.7469",1.0,134,第二分局,,"衛生福利部中央健康保險署基隆聯絡辦公室 港通016 港通里 基隆市中正區義一路95號 134 第二分局"
漢揚不動產,港通里,基隆市中正區義一路182號,"25.13628, 121.74812",1.0,157,第二分局,,"漢揚不動產 港通017 港通里 基隆市中正區義一路182號 157 第二分局"
王立文婦產科,港通里,基隆市中正區義一路41號,"25.1332, 121.74564",1.0,98,第二分局,,"王立文婦產科 港通018 港通里 基隆市中正區義一路41號 98 第二分局"
白金大樓,港通里,基隆市中正區義一路112號,"25.13578, 121.74602",1.0,202,第二分局,,"白金大樓 港通019 港通里 基隆市中正區義一路112號 202 第二分局"
兆鎮大樓,港通里,基隆市中正區義一路61號,"25.13527, 121.74738",1.0,127,第二分局,,"兆鎮大樓 港通020 港通里 基隆市中正區義一路61號 127 第二分局"
基隆愛犬醫院,港通里,基隆市中正區義一路188號,"25.13527, 121.74738",1.0,183,第二分局,,"基隆愛犬醫院 港通021 港通里 基隆市中正區義一路188號 183 第二分局"
佳美社區,港通里,基隆市中正區信二路274號,"25.12957, 121.75027",2.0,200,第二分局,,"佳美社區 港通022 港通里 基隆市中正區信二路274號 200 第二分局"
羅傑天下,港通里,基隆市中正區義一路87號,"25.13527, 121.74738",2.0,359,第二分局,,"羅傑天下 港通023 港通里 基隆市中正區義一路87號 359 第二分局"
長榮桂冠酒店,港通里,基隆市中正區中正路62號之1,"25.13476, 121.74595",4.0,1216,第二分局,,"長榮桂冠酒店 港通024 港通里 基隆市中正區中正路62號之1 1216 第二分局"
拔群貿易公司,港通里,基隆市中正區義一路59號,"25.13204, 121.74484",1.0,203,第二分局,,"拔群貿易公司 港通025 港通里 基隆市中正區義一路59號 203 第二分局"
曼斯特公司,港通里,基隆市中正區信四路31號,"25.12957, 121.75027",1.0,127,第二分局,,"曼斯特公司 港通026 港通里 基隆市中正區信四路31號 127 第二分局"
麗榮皇冠大樓,港通里,基隆市中正區信一路177號,"25.132, 121.74519",7.0,950,第二分局,,"麗榮皇冠大樓 港通028 港通里 基隆市中正區信一路177號 950 第二分局"
六福晶華,港通里,基隆市中正區義一路130號,"25.13527, 121.74738",5.0,1053,第二分局,,"六福晶華 港通029 港通里 基隆市中正區義一路130號 1053 第二分局"
大宅風華大廈,港通里,基隆市中正區信二路296之1號,"25.13527, 121.74738",1.0,696,第二分局,,"大宅風華大廈 港通031 港通里 基隆市中正區信二路296之1號 696 第二分局"
橙品71,港通里,基隆市中正區義一路71號,"25.13578, 121.74602",2.0,270,第二分局,,"橙品71 港通032 港通里 基隆市中正區義一路71號 270 第二分局"
幸福佳園,港通里,基隆市中正區信三路28巷4之3號,"25.13425, 121.74638",1.0,217,第二分局,,"幸福佳園 港通033 港通里 基隆市中正區信三路28巷4之3號 217 第二分局"
龍冠天下社區,新富里,基隆市中正區新豐街303巷11弄21號,"25.13436, 121.78856",1.0,2242,第二分局,,"龍冠天下社區 新富001 新富里 基隆市中正區新豐街303巷11弄21號 2242 第二分局"
海中天社區,新富里,基隆市中正區新豐街343之1號,"25.13557, 121.78675",2.0,2382,第二分局,,"海中天社區 新富002 新富里 基隆市中正區新豐街343之1號 2382 第二分局"
岩大安邸,新富里,基隆市中正區新豐街161巷98號,"25.13928, 121.78987",1.0,630,第二分局,,"岩大安邸 新富003 新富里 基隆市中正區新豐街161巷98號 630 第二分局"
基督教會,新富里,基隆市中正區新豐街205巷9號,"25.13753, 121.78887",1.0,232,第二分局,,"基督教會 新富004 新富里 基隆市中正區新豐街205巷9號 232 第二分局"
岩大安邸,新富里,基隆市中正區新豐街161巷53號,"25.13928, 121.78987",1.0,409,第二分局,,"岩大安邸 新富005 新富里 基隆市中正區新豐街161巷53號 409 第二分局"
華廈,新豐里,基隆市中正區新豐街106號,"25.13898, 121.78881",1.0,270,第二分局,,"華廈 新豐001 新豐里 基隆市中正區新豐街106號 270 第二分局"
海中天社區,新豐里,基隆市中正區新豐街333巷8號,"25.13465, 121.78479",2.0,2332,第二分局,,"海中天社區 新豐002 新豐里 基隆市中正區新豐街333巷8號 2332 第二分局"
海中天社區,新豐里,基隆市中正區新豐街333巷30號,"25.13465, 121.78479",2.0,1745,第二分局,,"海中天社區 新豐003 新豐里 基隆市中正區新豐街333巷30號 1745 第二分局"
海洋大學世界社區,新豐里,基隆市中正區新豐街344號,"25.13594, 121.78689",2.0,6643,第二分局,,"海洋大學世界社區 新豐004 新豐里 基隆市中正區新豐街344號 6643 第二分局"
天下一家,新豐里,基隆市中正區新豐街136號,"25.13787, 121.78891",1.0,347,第二分局,,"天下一家 新豐005 新豐里 基隆市中正區新豐街136號 347 第二分局"
碧海擎天社區,新豐里,基隆市中正區新豐街290號,"25.13596, 121.78727",4.0,7292,第二分局,,"碧海擎天社區 新豐006 新豐里 基隆市中正區新豐街290號 7292 第二分局"
巴塞隆納社區,新豐里,基隆市中正區新豐街466號,"25.13556, 121.78537",2.0,18182,第二分局,,"巴塞隆納社區 新豐007 新豐里 基隆市中正區新豐街466號 18182 第二分局"
普羅旺世社區,新豐里,基隆市中正區新豐街162巷3號,"25.13808, 121.7857",1.0,674,第二分局,,"普羅旺世社區 新豐008 新豐里 基隆市中正區新豐街162巷3號 674 第二分局"
普羅旺世社區,新豐里,基隆市中正區新豐街162巷31號,"25.13808, 121.7857",2.0,300,第二分局,,"普羅旺世社區 新豐009 新豐里 基隆市中正區新豐街162巷31號 300 第二分局"
普羅旺世社區,新豐里,基隆市中正區新豐街162巷13號,"25.13808, 121.7857",3.0,1143,第二分局,,"普羅旺世社區 新豐010 新豐里 基隆市中正區新豐街162巷13號 1143 第二分局"
普羅旺世社區,新豐里,基隆市中正區新豐街162巷65號,"25.13808, 121.7857",2.0,1175,第二分局,,"普羅旺世社區 新豐011 新豐里 基隆市中正區新豐街162巷65號 1175 第二分局"
普羅旺世社區,新豐里,基隆市中正區新豐街162巷73號,"25.13808, 121.7857",2.0,1190,第二分局,,"普羅旺世社區 新豐012 新豐里 基隆市中正區新豐街162巷73號 1190 第二分局"
普羅旺世社區,新豐里,基隆市中正區新豐街162巷125號,"25.13979, 121.78392",3.0,2559,第二分局,,"普羅旺世社區 新豐013 新豐里 基隆市中正區新豐街162巷125號 2559 第二分局"
普羅旺世社區,新豐里,基隆市中正區新豐街162巷2至166號,"25.13808, 121.7857",4.0,4648,第二分局,,"普羅旺世社區 新豐014 新豐里 基隆市中正區新豐街162巷2至166號 4648 第二分局"
大樓,義民里,基隆市信義區信二路48號,"25.12922, 121.75652",1.0,274,第二分局,,"大樓 義民001 義民里 基隆市信義區信二路48號 274 第二分局"
兆鎮經典,義民里,基隆市信義區信二路63號,"25.12902, 121.7556",1.0,224,第二分局,,"兆鎮經典 義民002 義民里 基隆市信義區信二路63號 224 第二分局"
中興國小,義民里,基隆市信義區信二路58號,"25.12917, 121.75613",1.0,187,第二分局,,"中興國小 義民003 義民里 基隆市信義區信二路58號 187 第二分局"
華廈,義民里,基隆市信義區信二路82號,"25.12921, 121.75572",1.0,74,第二分局,,"華廈 義民004 義民里 基隆市信義區信二路82號 74 第二分局"
華廈,義和里,基隆市信義區信二路24號,"25.12913, 121.75781",1.0,208,第二分局,,"華廈 義和001 義和里 基隆市信義區信二路24號 208 第二分局"
華廈,義和里,基隆市信義區信二路28號,"25.12908, 121.75728",1.0,140,第二分局,,"華廈 義和002 義和里 基隆市信義區信二路28號 140 第二分局"
市立體育館,義和里,基隆市信義區信二路40號,"25.13006, 121.75726",1.0,846,第二分局,,"市立體育館 義和003 義和里 基隆市信義區信二路40號 846 第二分局"
信義遠見,義和里,基隆市信義區信二路36巷49號,"25.13036, 121.7574",1.0,90,第二分局,,"信義遠見 義和004 義和里 基隆市信義區信二路36巷49號 90 第二分局"
基隆女中,義和里,基隆市信義區東信路324號,"25.12864, 121.75919",1.0,256,第二分局,,"基隆女中 義和005 義和里 基隆市信義區東信路324號 256 第二分局"
基隆女中,義和里,基隆市信義區東信路324號,"25.12864, 121.75919",1.0,1097,第二分局,,"基隆女中 義和006 義和里 基隆市信義區東信路324號 1097 第二分局"
正信遠見大廈,義和里,基隆市信義區正信路151巷7之7號,"25.13057, 121.75802",1.0,80,第二分局,,"正信遠見大廈 義和007 義和里 基隆市信義區正信路151巷7之7號 80 第二分局"
中興國民小學,義和里,基隆市信義區信二路40號,"25.13006, 121.75726",1.0,3331,第二分局,,"中興國民小學 義和008 義和里 基隆市信義區信二路40號 3331 第二分局"
私立崇右影視科技大學,義幸里,基隆市信義區義七路40號,"25.13166, 121.75386",1.0,823,第二分局,,"私立崇右影視科技大學 義幸001 義幸里 基隆市信義區義七路40號 823 第二分局"
寺廟,義幸里,基隆市信義區義七路42號,"25.13083, 121.7537",1.0,458,第二分局,,"寺廟 義幸002 義幸里 基隆市信義區義七路42號 458 第二分局"
私立崇右影視科技大學,義幸里,基隆市信義區義七路40號,"25.13166, 121.75386",1.0,630,第二分局,,"私立崇右影視科技大學 義幸004 義幸里 基隆市信義區義七路40號 630 第二分局"
華廈,義幸里,基隆市信義區信二路135號,"25.12926, 121.75375",1.0,378,第二分局,,"華廈 義幸005 義幸里 基隆市信義區信二路135號 378 第二分局"
和園,義幸里,基隆市信義區中興路66號,"25.12983, 121.75469",1.0,419,第二分局,,"和園 義幸006 義幸里 基隆市信義區中興路66號 419 第二分局"
華廈,義幸里,基隆市信義區信二路93號,"25.12914, 121.75501",1.0,206,第二分局,,"華廈 義幸007 義幸里 基隆市信義區信二路93號 206 第二分局"
私立崇右影視科技大學,義幸里,基隆市信義區義七路40號1樓,"25.13166, 121.75386",3.0,2781,第二分局,,"私立崇右影視科技大學 義幸008 義幸里 基隆市信義區義七路40號1樓 2781 第二分局"
一品樓,義幸里,基隆市信義區中興路18巷3號,"25.12894, 121.75464",1.0,160,第二分局,,"一品樓 義幸009 義幸里 基隆市信義區中興路18巷3號 160 第二分局"
交響悅,義幸里,基隆市信義區信二路162號,"25.12942, 121.75412",2.0,285,第二分局,,"交響悅 義幸010 義幸里 基隆市信義區信二路162號 285 第二分局"
富寓,義幸里,基隆市信義區中興路22號,"25.12899, 121.75461",1.0,175,第二分局,,"富寓 義幸011 義幸里 基隆市信義區中興路22號 175 第二分局"
信義名邸,義幸里,基隆市信義區信二路174巷128號,"25.13115, 121.75455",1.0,312,第二分局,,"信義名邸 義幸012 義幸里 基隆市信義區信二路174巷128號 312 第二分局"
璽悅社區,義昭里,基隆市信義區信一路63號,"25.12855, 121.75255",1.0,138,第二分局,,"璽悅社區 義昭003 義昭里 基隆市信義區信一路63號 138 第二分局"
華廈,義昭里,基隆市信義區信二路234巷6號,"25.13012, 121.75187",1.0,816,第二分局,,"華廈 義昭004 義昭里 基隆市信義區信二路234巷6號 816 第二分局"
華廈,義昭里,基隆市信義區義七路7號,"25.12897, 121.75261",1.0,228,第二分局,,"華廈 義昭005 義昭里 基隆市信義區義七路7號 228 第二分局"
交響樂2期,義昭里,基隆市信義區信二路234巷2之5號,"25.12997, 121.7518",2.0,295,第二分局,,"交響樂2期 義昭006 義昭里 基隆市信義區信二路234巷2之5號 295 第二分局"
信義區公所,義昭里,基隆市信義區信二路179號,"25.12938, 121.75129",1.0,513,第二分局,,"信義區公所 義昭007 義昭里 基隆市信義區信二路179號 513 第二分局"
信義君悅,義昭里,基隆市信義區信二路236之10號,"25.1297, 121.75135",2.0,2560,第二分局,,"信義君悅 義昭008 義昭里 基隆市信義區信二路236之10號 2560 第二分局"
柏悅府,義昭里,基隆市信義區義六路28號,"25.13064, 121.75161",3.0,2337,第二分局,,"柏悅府 義昭009 義昭里 基隆市信義區義六路28號 2337 第二分局"
璽悅社區,義昭里,基隆市信義區信一路63號,"25.12855, 121.75255",3.0,1091,第二分局,,"璽悅社區 義昭010 義昭里 基隆市信義區信一路63號 1091 第二分局"
都會貴族,義重里,基隆市中正區信六路16號,"25.13449, 121.74982",1.0,164,第二分局,,"都會貴族 義重001 義重里 基隆市中正區信六路16號 164 第二分局"
昌釜建設,義重里,基隆市中正區義二路227號,"25.13599, 121.74854",1.0,132,第二分局,,"昌釜建設 義重002 義重里 基隆市中正區義二路227號 132 第二分局"
欣光印刷事業股份公司,義重里,基隆市中正區義二路266號,"25.13665, 121.74953",1.0,114,第二分局,,"欣光印刷事業股份公司 義重003 義重里 基隆市中正區義二路266號 114 第二分局"
碧砂里里民活動中心,碧砂里,基隆市中正區環港街84號,"25.14105, 121.79263",1.0,313,第二分局,,"碧砂里里民活動中心 碧砂004 碧砂里 基隆市中正區環港街84號 313 第二分局"
基隆市八斗子漁會,碧砂里,基隆市中正區環港街5號,"25.14183, 121.79231",1.0,1541,第二分局,,"基隆市八斗子漁會 碧砂005 碧砂里 基隆市中正區環港街5號 1541 第二分局"
海大幼兒園,碧砂里,基隆市中正區新豐街251巷9弄1號,"25.13473, 121.78883",1.0,851,第二分局,,"海大幼兒園 碧砂006 碧砂里 基隆市中正區新豐街251巷9弄1號 851 第二分局"
華廈,碧砂里,基隆市中正區北寧路284號,"25.14192, 121.79015",1.0,486,第二分局,,"華廈 碧砂007 碧砂里 基隆市中正區北寧路284號 486 第二分局"
蔚藍海景旅店,碧砂里,基隆市中正區北寧路250之6號,"25.14594, 121.78355",1.0,121,第二分局,,"蔚藍海景旅店 碧砂010 碧砂里 基隆市中正區北寧路250之6號 121 第二分局"
鴻聖雙璽,碧砂里,基隆市中正區北寧路308號,"25.14162, 121.79091",2.0,301,第二分局,,"鴻聖雙璽 碧砂011 碧砂里 基隆市中正區北寧路308號 301 第二分局"
海洋科技博物館,長潭里,基隆市中正區北寧路367號,"25.14013, 121.79925",2.0,10093,第二分局,
信四華廈,德義里,基隆市中正區信四路11號,"25.1333, 121.74645",1.0,226,第二分局,,"信四華廈 德義001 德義里 基隆市中正區信四路11號 226 第二分局"
基隆市進出口商業同業公會,德義里,基隆市中正區信三路8號,"25.13256, 121.74586",1.0,130,第二分局,,"基隆市進出口商業同業公會 德義003 德義里 基隆市中正區信三路8號 130 第二分局"
信二路停車場,德義里,基隆市中正區信二路299號,"25.13085, 121.74624",1.0,1516,第二分局,,"信二路停車場 德義004 德義里 基隆市中正區信二路299號 1516 第二分局"
永泰興報關公司,德義里,基隆市中正區義二路72號,"25.13196, 121.74625",2.0,419,第二分局,,"永泰興報關公司 德義005 德義里 基隆市中正區義二路72號 419 第二分局"
義二首席,德義里,基隆市中正區義二路106號,"25.13257, 121.74658",1.0,116,第二分局,,"義二首席 德義006 德義里 基隆市中正區義二路106號 116 第二分局"
海宴炭火燒肉,德義里,基隆市中正區義二路2巷10號,"25.13055, 121.74578",1.0,214,第二分局,,"海宴炭火燒肉 德義007 德義里 基隆市中正區義二路2巷10號 214 第二分局"
怡園(宿舍),禮東里,基隆市信義區東明路77巷7弄1號,"25.12688, 121.762",1.0,903,第二分局,,"怡園(宿舍) 禮東001 禮東里 基隆市信義區東明路77巷7弄1號 903 第二分局"
7樓電梯,禮東里,基隆市信義區東明路69號,"25.12758, 121.76233",1.0,1024,第二分局,,"7樓電梯 禮東002 禮東里 基隆市信義區東明路69號 1024 第二分局"
馥桂園,禮東里,基隆市信義區東明路77巷7弄14號,"25.12648, 121.76306",2.0,539,第二分局,,"馥桂園 禮東003 禮東里 基隆市信義區東明路77巷7弄14號 539 第二分局"
恩典延吉,禮東里,基隆市信義區東明路39巷33號,"25.12648, 121.76306",1.0,236,第二分局,,"恩典延吉 禮東004 禮東里 基隆市信義區東明路39巷33號 236 第二分局"
7樓電梯,禮儀里,基隆市信義區東明路97號,"25.12758, 121.76149",2.0,313,第二分局,,"7樓電梯 禮儀002 禮儀里 基隆市信義區東明路97號 313 第二分局"
9樓電梯,禮儀里,基隆市信義區東明路171號,"25.12774, 121.75981",1.0,113,第二分局,,"9樓電梯 禮儀001 禮儀里 基隆市信義區東明路171號 113 第二分局"
信義城堡,禮儀里,基隆市信義區東明路108號,"25.12787, 121.7603",2.0,176,第二分局,,"信義城堡 禮儀003 禮儀里 基隆市信義區東明路108號 176 第二分局"
3樓公寓,禮儀里,基隆市信義區東明路177號,"25.12751, 121.75934",3.0,370,第二分局,,"3樓公寓 禮儀005 禮儀里 基隆市信義區東明路177號 370 第二分局"
華廈,碧砂里,基隆市中正區北寧路296號,"25.14563, 121.78601",1.0,422,第二分局,,"華廈 碧砂008 碧砂里 基隆市中正區北寧路296號 422 第二分局"
田園調布,孝德里,基隆市信義區福民街60號,"25.13194, 121.77581",2.0,1672,第二分局,,"田園調布 孝德011 孝德里 基隆市信義區福民街60號 1672 第二分局"
澄品32,港通里,基隆市中正路信五路32號,"25.1348, 121.74645",1.0,267,第二分局,,"澄品32 港通034 港通里 基隆市中正路信五路32號 267 第二分局"
港都明珠,入船里,基隆市中正路164號,"25.13912, 121.75271",4.0,1095,第二分局,,"港都明珠 入船003 入船里 基隆市中正路164號 1095 第二分局"
海豔,新豐里,基隆市中正區新豐街86號,"25.1399, 121.78925",3.0,5826,第二分局,,"海豔 新豐015 新豐里 基隆市中正區新豐街86號 5826 第二分局"
