電腦編號,座落,緯度,經度,地下樓層數,可容納人數,管轄分局,placemark_address
TNA0005,宜蘭縣三星鄉大隱村大埔六路108巷16號,24.6734423,121.7135941,1.0,553.0,三星分局,宜蘭縣三星鄉大隱村大埔六路108巷16號
TNA0006,宜蘭縣三星鄉大隱村大埔中路260號,24.6675639,121.709634,1.0,187.0,三星分局,宜蘭縣三星鄉大隱村大埔中路260號
TNA0001,宜蘭縣三星鄉集慶村三星路四段143號,24.6678954,121.6600729,1.0,72.0,三星分局,宜蘭縣三星鄉集慶村三星路四段143號
TNA0002,宜蘭縣三星鄉義德村三星路5段192號,24.6659111,121.649426,1.0,86.0,三星分局,宜蘭縣三星鄉義德村三星路5段192號
TNA0003,宜蘭縣三星鄉義德村中山路二段41號,24.6684671,121.6523883,1.0,344.0,三星分局,宜蘭縣三星鄉義德村中山路二段41號
TNA0004,宜蘭縣三星鄉月眉村星中路225號,24.6699475,121.6614754,1.0,207.0,三星分局,宜蘭縣三星鄉月眉村星中路225號
TOA0001,宜蘭縣礁溪鄉大忠村礁溪路四段135號,24.8214103,121.7695196,1.0,341.0,礁溪分局,宜蘭縣礁溪鄉大忠村礁溪路四段135號
TOA0002,宜蘭縣礁溪鄉大忠村和平路47號,24.8227586,121.7683031,1.0,226.0,礁溪分局,宜蘭縣礁溪鄉大忠村和平路47號
TOA0004,宜蘭縣礁溪鄉德陽村溫泉路51-1號,24.828179,121.773906,1.0,158.0,礁溪分局,宜蘭縣礁溪鄉德陽村溫泉路51-1號
TOA0005,宜蘭縣礁溪鄉德陽村德陽路8巷1號,24.8283202,121.7723486,1.0,177.0,礁溪分局,宜蘭縣礁溪鄉德陽村德陽路8巷1號
TOA0006,宜蘭縣礁溪鄉玉石村公園路1號,24.8295513,121.7764615,1.0,229.0,礁溪分局,宜蘭縣礁溪鄉玉石村公園路1號
TOA0007,宜蘭縣礁溪鄉德陽村德陽路231巷14弄28號,24.82509,121.76439,1.0,821.0,礁溪分局,宜蘭縣礁溪鄉德陽村德陽路231巷14弄28號
TOA0008,宜蘭縣礁溪鄉德陽村德陽路247巷10號,24.826032,121.764331,1.0,517.0,礁溪分局,宜蘭縣礁溪鄉德陽村德陽路247巷10號
TOA0009,宜蘭縣礁溪鄉德陽村德陽路66巷1號,24.8300001,121.770233,1.0,609.0,礁溪分局,宜蘭縣礁溪鄉德陽村德陽路66巷1號
TOA0010,宜蘭縣礁溪鄉德陽村德陽路90巷12號,24.8291761,121.7689,1.0,226.0,礁溪分局,宜蘭縣礁溪鄉德陽村德陽路90巷12號
TOA0011,宜蘭縣礁溪鄉大忠村礁溪路4段129號,24.8206314,121.7691124,1.0,469.0,礁溪分局,宜蘭縣礁溪鄉大忠村礁溪路4段129號
TOA0012,宜蘭縣礁溪鄉德陽村德陽路221號,24.826795,121.765076,1.0,252.0,礁溪分局,宜蘭縣礁溪鄉德陽村德陽路221號
TOA0013,宜蘭縣礁溪鄉大忠村礁溪路4段108號,24.8202789,121.7694026,1.0,293.0,礁溪分局,宜蘭縣礁溪鄉大忠村礁溪路4段108號
TOA0015,宜蘭縣礁溪鄉玉石村忠孝路8號,24.8295364,121.7718989,1.0,454.0,礁溪分局,宜蘭縣礁溪鄉玉石村忠孝路8號
TOA0016,宜蘭縣礁溪鄉六結村中山路二段3號,24.8235251,121.7712478,1.0,612.0,礁溪分局,宜蘭縣礁溪鄉六結村中山路二段3號
TOA0017,宜蘭縣礁溪鄉德陽村溫泉路53號,24.8279498,121.7737093,2.0,615.0,礁溪分局,宜蘭縣礁溪鄉德陽村溫泉路53號
TOA0018,宜蘭縣礁溪鄉德陽村德陽路111巷16號,24.82845,121.76913,1.0,1333.0,礁溪分局,宜蘭縣礁溪鄉德陽村德陽路111巷16號
TOA0020,宜蘭縣礁溪鄉大忠村化龍街22號,24.8228365,121.7671314,1.0,239.0,礁溪分局,宜蘭縣礁溪鄉大忠村化龍街22號
TOA0021,宜蘭縣礁溪鄉大忠村五峰路69號,24.8281759,121.7555617,2.0,334.0,礁溪分局,宜蘭縣礁溪鄉大忠村五峰路69號
TOA0022,宜蘭縣礁溪鄉大忠村和平路93號,24.823077,121.767035,1.0,382.0,礁溪分局,宜蘭縣礁溪鄉大忠村和平路93號
TOA0023,宜蘭縣礁溪鄉大忠村化龍街1號,24.8209259,121.7667129,1.0,614.0,礁溪分局,宜蘭縣礁溪鄉大忠村化龍街1號
TOA0024,宜蘭縣礁溪鄉大忠村大忠路125號,24.8211981,121.766194,1.0,376.0,礁溪分局,宜蘭縣礁溪鄉大忠村大忠路125號
TOA0025,宜蘭縣礁溪鄉大忠村和平路110號,24.8234005,121.7667162,1.0,891.0,礁溪分局,宜蘭縣礁溪鄉大忠村和平路110號
TOA0026,宜蘭縣礁溪鄉玉石村礁溪路5段121號,24.8293544,121.7765162,1.0,267.0,礁溪分局,宜蘭縣礁溪鄉玉石村礁溪路5段121號
TOA0027,宜蘭縣礁溪鄉玉石村公園路25號,24.8302212,121.7759213,1.0,158.0,礁溪分局,宜蘭縣礁溪鄉玉石村公園路25號
TOA0028,宜蘭縣礁溪鄉六結村中山路1段175之1號,24.8210374,121.7707213,1.0,486.0,礁溪分局,宜蘭縣礁溪鄉六結村中山路1段175之1號
TOA0029,宜蘭縣礁溪鄉六結村礁溪路4段130號,24.8216061,121.769908,1.0,337.0,礁溪分局,宜蘭縣礁溪鄉六結村礁溪路4段130號
TOA0030,宜蘭縣礁溪鄉德陽村礁溪路5段112號,24.8273933,121.7722638,4.0,1167.0,礁溪分局,宜蘭縣礁溪鄉德陽村礁溪路5段112號
TOA0031,宜蘭縣礁溪鄉德陽村礁溪路5段156號,24.8285331,121.7738388,1.0,603.0,礁溪分局,宜蘭縣礁溪鄉德陽村礁溪路5段156號
TOA0033,宜蘭縣礁溪鄉德陽村仁愛路26號,24.8283129,121.7705068,1.0,322.0,礁溪分局,宜蘭縣礁溪鄉德陽村仁愛路26號
TOA0034,宜蘭縣礁溪鄉德陽村礁溪路5段92號,24.826875,121.77188,1.0,431.0,礁溪分局,宜蘭縣礁溪鄉德陽村礁溪路5段92號
TOA0035,宜蘭縣礁溪鄉德陽村中山路2段187號,24.828246,121.775055,1.0,779.0,礁溪分局,宜蘭縣礁溪鄉德陽村中山路2段187號
TOA0036,宜蘭縣礁溪鄉德陽村德陽路43號,24.8282884,121.7719988,1.0,402.0,礁溪分局,宜蘭縣礁溪鄉德陽村德陽路43號
TOA0037,宜蘭縣礁溪鄉德陽村德陽路65號,24.8286092,121.771498,1.0,164.0,礁溪分局,宜蘭縣礁溪鄉德陽村德陽路65號
TOA0038,宜蘭縣礁溪鄉德陽村中山路2段159號,24.8273211,121.774083,1.0,304.0,礁溪分局,宜蘭縣礁溪鄉德陽村中山路2段159號
TOA0039,宜蘭縣礁溪鄉德陽村仁愛路64號,24.8269051,121.769653,2.0,480.0,礁溪分局,宜蘭縣礁溪鄉德陽村仁愛路64號
TOA0040,宜蘭縣礁溪鄉德陽村德陽路24巷8號,24.8287589,121.7724817,1.0,671.0,礁溪分局,宜蘭縣礁溪鄉德陽村德陽路24巷8號
TOA0041,宜蘭縣礁溪鄉德陽村德陽路16號,24.8281997,121.772356,1.0,397.0,礁溪分局,宜蘭縣礁溪鄉德陽村德陽路16號
TOA0042,宜蘭縣礁溪鄉大忠村和平路85號,24.8230156,121.7674741,1.0,322.0,礁溪分局,宜蘭縣礁溪鄉大忠村和平路85號
TOA0043,宜蘭縣礁溪鄉大忠村大忠路118號,24.8253401,121.7640055,1.0,936.0,礁溪分局,宜蘭縣礁溪鄉大忠村大忠路118號
TOA0044,宜蘭縣礁溪鄉大忠村大忠路142號,24.8258231,121.7636415,1.0,285.0,礁溪分局,宜蘭縣礁溪鄉大忠村大忠路142號
TOA0045,宜蘭縣礁溪鄉德陽村溫泉路37號,24.8277366,121.7741065,1.0,600.0,礁溪分局,宜蘭縣礁溪鄉德陽村溫泉路37號
TOA0046,宜蘭縣礁溪鄉德陽村仁愛路110號,24.8259396,121.7684077,1.0,381.0,礁溪分局,宜蘭縣礁溪鄉德陽村仁愛路110號
TOA0047,宜蘭縣礁溪鄉德陽村仁愛路156巷1號,24.825054,121.7673414,3.0,3118.0,礁溪分局,宜蘭縣礁溪鄉德陽村仁愛路156巷1號
TOA0048,宜蘭縣礁溪鄉德陽村德陽路176號,24.8289392,121.7686331,1.0,1329.0,礁溪分局,宜蘭縣礁溪鄉德陽村德陽路176號
TOA0049,宜蘭縣礁溪鄉德陽村大忠路187號,24.8235177,121.7646226,1.0,298.0,礁溪分局,宜蘭縣礁溪鄉德陽村大忠路187號
TOA0050,宜蘭縣礁溪鄉德陽村德陽路200之1號,24.8272147,121.7650298,1.0,831.0,礁溪分局,宜蘭縣礁溪鄉德陽村德陽路200之1號
TOA0051,宜蘭縣礁溪鄉德陽村德陽路150號,24.8288597,121.7672528,1.0,136.0,礁溪分局,宜蘭縣礁溪鄉德陽村德陽路150號
TOA0052,宜蘭縣礁溪鄉大忠村大忠路100號,24.824672,121.764493,1.0,605.0,礁溪分局,宜蘭縣礁溪鄉大忠村大忠路100號
TOA0053,宜蘭縣礁溪鄉大忠村大忠路98號,24.823859,121.7647644,1.0,184.0,礁溪分局,宜蘭縣礁溪鄉大忠村大忠路98號
TOA0054,宜蘭縣礁溪鄉大忠村大忠路96號,24.8241644,121.7645771,1.0,1074.0,礁溪分局,宜蘭縣礁溪鄉大忠村大忠路96號
TOA0055,宜蘭縣礁溪鄉德陽村德陽路243號,24.8264311,121.7642689,1.0,257.0,礁溪分局,宜蘭縣礁溪鄉德陽村德陽路243號
TOA0056,宜蘭縣礁溪鄉玉石村礁溪路六段6號,24.8293636,121.7770252,1.0,320.0,礁溪分局,宜蘭縣礁溪鄉玉石村礁溪路六段6號
TOA0057,宜蘭縣礁溪鄉大忠村大忠路209號,24.8251193,121.7637913,2.0,2337.0,礁溪分局,宜蘭縣礁溪鄉大忠村大忠路209號
TOA0058,宜蘭縣礁溪鄉玉石村公園路70巷39弄9號,24.8332862,121.7755947,1.0,1169.0,礁溪分局,宜蘭縣礁溪鄉玉石村公園路70巷39弄9號
TOA0059,宜蘭縣礁溪鄉德陽村德陽路62巷11號,24.829878,121.769586,1.0,761.0,礁溪分局,宜蘭縣礁溪鄉德陽村德陽路62巷11號
TOA0060,宜蘭縣礁溪鄉玉石村健康一街56號,24.8298037,121.7746051,2.0,1318.0,礁溪分局,宜蘭縣礁溪鄉玉石村健康一街56號
TOA0061,宜蘭縣礁溪鄉德陽村忠孝路1巷1-3號,24.830205,121.7707852,1.0,366.0,礁溪分局,宜蘭縣礁溪鄉德陽村忠孝路1巷1-3號
TOA0100,宜蘭縣礁溪鄉六結村中山路一段241巷20號,24.823028,121.771095,1.0,139.0,礁溪分局,宜蘭縣礁溪鄉六結村中山路一段241巷20號
TOA0101,宜蘭縣礁溪鄉玉石村公園路86巷21號 ,24.832941,121.77452,1.0,457.0,礁溪分局,宜蘭縣礁溪鄉玉石村公園路86巷21號 
TOA0102,宜蘭縣礁溪鄉德陽村德陽路173號,24.8284047,121.7670145,1.0,435.0,礁溪分局,宜蘭縣礁溪鄉德陽村德陽路173號
TOA0103,宜蘭縣礁溪鄉德陽村德陽路174號,24.827915,121.765231,1.0,477.0,礁溪分局,宜蘭縣礁溪鄉德陽村德陽路174號
TOA0104,宜蘭縣礁溪鄉大忠村礁溪路四段78號,24.8196982,121.7691944,1.0,329.0,礁溪分局,宜蘭縣礁溪鄉大忠村礁溪路四段78號
TOA0105,宜蘭縣礁溪鄉玉石村公園路89號,24.8322816,121.7745806,1.0,243.0,礁溪分局,宜蘭縣礁溪鄉玉石村公園路89號
TOA0106,宜蘭縣礁溪鄉玉石村忠孝路27巷8弄1號,24.8303506,121.7716319,1.0,998.0,礁溪分局,宜蘭縣礁溪鄉玉石村忠孝路27巷8弄1號
TOA0107,宜蘭縣礁溪鄉大忠村和平路91號,24.8230907,121.7671969,1.0,219.0,礁溪分局,宜蘭縣礁溪鄉大忠村和平路91號
TOA0108,宜蘭縣礁溪鄉德陽村中山路二段136巷2號,24.8257969,121.773305,1.0,423.0,礁溪分局,宜蘭縣礁溪鄉德陽村中山路二段136巷2號
TOA0109,宜蘭縣礁溪鄉時潮村塭底路107號,24.814949,121.812726,1.0,1172.0,礁溪分局,宜蘭縣礁溪鄉時潮村塭底路107號
TOA0110,宜蘭縣礁溪鄉大忠村礁溪路四段73號,24.819413,121.7687995,1.0,361.0,礁溪分局,宜蘭縣礁溪鄉大忠村礁溪路四段73號
TOA0111,宜蘭縣礁溪鄉大忠村和平路32號,24.822697,121.7689342,1.0,707.0,礁溪分局,宜蘭縣礁溪鄉大忠村和平路32號
TOA0112,宜蘭縣礁溪鄉德陽村興農路291巷1號,24.817626,121.7810256,1.0,672.0,礁溪分局,宜蘭縣礁溪鄉德陽村興農路291巷1號
TOA0113,宜蘭縣礁溪鄉德陽村礁溪路五段118號,24.8274963,121.7723803,1.0,795.0,礁溪分局,宜蘭縣礁溪鄉德陽村礁溪路五段118號
TOA0079,宜蘭縣頭城鎮新建里新興路111號,24.8508625,121.816746,1.0,276.0,礁溪分局,宜蘭縣頭城鎮新建里新興路111號
TOA0080,宜蘭縣頭城鎮拔雅里復興路61巷21弄2號,24.8632139,121.817111,1.0,304.0,礁溪分局,宜蘭縣頭城鎮拔雅里復興路61巷21弄2號
TOA0081,宜蘭縣頭城鎮拔雅里公園路136號,24.86189,121.82175,1.0,317.0,礁溪分局,宜蘭縣頭城鎮拔雅里公園路136號
TOA0082,宜蘭縣頭城鎮城北里西五巷3之1號,24.859545,121.824273,1.0,907.0,礁溪分局,宜蘭縣頭城鎮城北里西五巷3之1號
TOA0083,宜蘭縣頭城鎮武營里開蘭路369號,24.8646209,121.828268,1.0,440.0,礁溪分局,宜蘭縣頭城鎮武營里開蘭路369號
TOA0084,宜蘭縣頭城鎮拔雅里吉祥路236巷1號,24.861942,121.814445,1.0,79.0,礁溪分局,宜蘭縣頭城鎮拔雅里吉祥路236巷1號
TOA0085,宜蘭縣頭城鎮城南里青雲路3段40號,24.854963,121.823368,1.0,332.0,礁溪分局,宜蘭縣頭城鎮城南里青雲路3段40號
TOA0086,宜蘭縣頭城鎮拔雅里吉祥路105號,24.8631292,121.80952,1.0,101.0,礁溪分局,宜蘭縣頭城鎮拔雅里吉祥路105號
TOA0087,宜蘭縣頭城鎮拔雅里吉祥路97號,24.861006,121.812724,1.0,108.0,礁溪分局,宜蘭縣頭城鎮拔雅里吉祥路97號
TOA0089,宜蘭縣頭城鎮拔雅里復興路79號,24.864118,121.8180393,1.0,578.0,礁溪分局,宜蘭縣頭城鎮拔雅里復興路79號
TOA0090,宜蘭縣頭城鎮武營里開蘭路283號,24.86262,121.82669,1.0,149.0,礁溪分局,宜蘭縣頭城鎮武營里開蘭路283號
TOA0091,宜蘭縣頭城鎮武營里開蘭路279巷8號,24.8629589,121.826094,1.0,527.0,礁溪分局,宜蘭縣頭城鎮武營里開蘭路279巷8號
TOA0093,宜蘭縣頭城鎮新建里新忠路20號,24.855691,121.818829,1.0,487.0,礁溪分局,宜蘭縣頭城鎮新建里新忠路20號
TOA0094,宜蘭縣頭城鎮新建里新興路111號,24.8508625,121.816746,1.0,1770.0,礁溪分局,宜蘭縣頭城鎮新建里新興路111號
TOA0095,宜蘭縣頭城鎮拔雅里復興路87號,24.864032,121.818324,1.0,344.0,礁溪分局,宜蘭縣頭城鎮拔雅里復興路87號
TOA0096,宜蘭縣頭城鎮城西里南門路2號,24.8560168,121.8229432,1.0,162.0,礁溪分局,宜蘭縣頭城鎮城西里南門路2號
TOA0098,宜蘭縣頭城鎮大坑里協天路676號,24.857726,121.8321161,1.0,454.0,礁溪分局,宜蘭縣頭城鎮大坑里協天路676號
TOA0114,宜蘭縣頭城鎮新建里新興路111號,24.8508625,121.816746,1.0,441.0,礁溪分局,宜蘭縣頭城鎮新建里新興路111號
TOA0115,宜蘭縣頭城鎮新建里新忠路47號,24.855387,121.818277,1.0,522.0,礁溪分局,宜蘭縣頭城鎮新建里新忠路47號
TOA0116,宜蘭縣頭城鎮武營里青雲路三段515巷2號,24.866193,121.829079,1.0,629.0,礁溪分局,宜蘭縣頭城鎮武營里青雲路三段515巷2號
TOA0099,宜蘭縣頭城鎮石城里濱海路7段33號,24.9696319,121.9252862,1.0,211.0,礁溪分局,宜蘭縣頭城鎮石城里濱海路7段33號
TOA0062,宜蘭縣礁溪鄉林美村林尾路160-1號,24.8162257,121.7220999,1.0,2983.0,礁溪分局,宜蘭縣礁溪鄉林美村林尾路160-1號
TOA0063,宜蘭縣礁溪鄉林美村林尾路180-11號,24.8218937,121.7290246,1.0,465.0,礁溪分局,宜蘭縣礁溪鄉林美村林尾路180-11號
TOA0119,宜蘭縣礁溪鄉三民村十六結路100號,24.8130527,121.7599778,1.0,946.0,礁溪分局,宜蘭縣礁溪鄉三民村十六結路100號
TOA0064,宜蘭縣礁溪鄉吳沙村育英路79號,24.7860524,121.7590951,1.0,101.0,礁溪分局,宜蘭縣礁溪鄉吳沙村育英路79號
TOA0065,宜蘭縣礁溪鄉玉光村瑪僯路26-3號,24.793754,121.7667676,1.0,185.0,礁溪分局,宜蘭縣礁溪鄉玉光村瑪僯路26-3號
TOA0066,宜蘭縣礁溪鄉光武村武暖路80之8號,24.7821716,121.7775994,1.0,745.0,礁溪分局,宜蘭縣礁溪鄉光武村武暖路80之8號
TOA0067,宜蘭縣礁溪鄉龍潭村漳福路155號,24.7909114,121.7400195,1.0,1057.0,礁溪分局,宜蘭縣礁溪鄉龍潭村漳福路155號
TOA0068,宜蘭縣礁溪鄉龍潭村漳福路155號,24.7905081,121.7400897,1.0,534.0,礁溪分局,宜蘭縣礁溪鄉龍潭村漳福路155號
TOA0072,宜蘭縣礁溪鄉龍潭村龍泉路189號,24.787497,121.745865,1.0,994.0,礁溪分局,宜蘭縣礁溪鄉龍潭村龍泉路189號
TOA0118,宜蘭縣礁溪鄉龍潭村育龍路71號,24.7794243,121.7449665,1.0,534.0,礁溪分局,宜蘭縣礁溪鄉龍潭村育龍路71號
TOA0073,宜蘭縣壯圍鄉吉祥村壯五路130號,24.7457631,121.7876659,1.0,191.0,礁溪分局,宜蘭縣壯圍鄉吉祥村壯五路130號
TOA0074,宜蘭縣壯圍鄉吉祥村壯志路1號,24.746832,121.785759,1.0,66.0,礁溪分局,宜蘭縣壯圍鄉吉祥村壯志路1號
TOA0075,宜蘭縣壯圍鄉永鎮村永鎮路1號,24.7640631,121.815656,1.0,104.0,礁溪分局,宜蘭縣壯圍鄉永鎮村永鎮路1號
TQA0001,宜蘭縣蘇澳鎮蘇北里中原路200號,24.5994757,121.8479743,1.0,107.0,蘇澳分局,宜蘭縣蘇澳鎮蘇北里中原路200號
TQA0002,宜蘭縣蘇澳鎮蘇東里蘇東路6號,24.5956534,121.8556543,1.0,841.0,蘇澳分局,宜蘭縣蘇澳鎮蘇東里蘇東路6號
TQA0010,宜蘭縣蘇澳鎮蘇東里蘇東中路10號,24.5964188,121.8550084,1.0,860.0,蘇澳分局,宜蘭縣蘇澳鎮蘇東里蘇東中路10號
TQA0016,宜蘭縣蘇澳鎮長安里成功路53號,24.5932863,121.8521765,1.0,31.0,蘇澳分局,宜蘭縣蘇澳鎮長安里成功路53號
TQA0019,宜蘭縣蘇澳鎮蘇北里太平路17號,24.5955728,121.8513324,1.0,176.0,蘇澳分局,宜蘭縣蘇澳鎮蘇北里太平路17號
TQA0022,宜蘭縣蘇澳鎮蘇西里蘇港路195號,24.5940881,121.8464549,1.0,415.0,蘇澳分局,宜蘭縣蘇澳鎮蘇西里蘇港路195號
TQA0024,宜蘭縣蘇澳鎮蘇西里中山路一段252號,24.596412,121.844551,1.0,152.0,蘇澳分局,宜蘭縣蘇澳鎮蘇西里中山路一段252號
TQA0025,宜蘭縣蘇澳鎮蘇北里中山路96號之1,24.5959569,121.8505713,1.0,259.0,蘇澳分局,宜蘭縣蘇澳鎮蘇北里中山路96號之1
TQA0026,宜蘭縣蘇澳鎮蘇北里冷泉路30號,24.5991318,121.8468361,1.0,69.0,蘇澳分局,宜蘭縣蘇澳鎮蘇北里冷泉路30號
TQA0027,宜蘭縣蘇澳鎮蘇西里志成路15巷15號,24.593029,121.8421854,1.0,138.0,蘇澳分局,宜蘭縣蘇澳鎮蘇西里志成路15巷15號
TQA0059,宜蘭縣蘇澳鎮聖湖里中山路一段427號,24.5959303,121.8398977,1.0,107.0,蘇澳分局,宜蘭縣蘇澳鎮聖湖里中山路一段427號
TQA0060,宜蘭縣蘇澳鎮聖湖里聖愛路12號,24.5970802,121.8360624,1.0,39.0,蘇澳分局,宜蘭縣蘇澳鎮聖湖里聖愛路12號
TQA0061,宜蘭縣蘇澳鎮聖湖里中山路二段1號,24.5963579,121.8354638,1.0,206.0,蘇澳分局,宜蘭縣蘇澳鎮聖湖里中山路二段1號
TQA0062,宜蘭縣蘇澳鎮聖湖里25鄰中山路二段1號,24.5963579,121.8354638,1.0,783.0,蘇澳分局,宜蘭縣蘇澳鎮聖湖里25鄰中山路二段1號
TQA0063,宜蘭縣蘇澳鎮聖湖里中山路二段235號,24.6095265,121.8262585,1.0,1185.0,蘇澳分局,宜蘭縣蘇澳鎮聖湖里中山路二段235號
TQA0073,宜蘭縣蘇澳鎮蘇西里中山路1段220號,24.595725,121.835978,1.0,483.0,蘇澳分局,宜蘭縣蘇澳鎮蘇西里中山路1段220號
TQA0074,宜蘭縣蘇澳鎮蘇西里中山路1段252號,24.595725,121.835978,1.0,255.0,蘇澳分局,宜蘭縣蘇澳鎮蘇西里中山路1段252號
TQA0079,宜蘭縣蘇澳鎮蘇西里蘇港路213號,24.5943508,121.8446197,1.0,1549.0,蘇澳分局,宜蘭縣蘇澳鎮蘇西里蘇港路213號
TQA0080,宜蘭縣蘇澳鎮蘇西里中原路301-1號,24.596501,121.8473294,2.0,1368.0,蘇澳分局,宜蘭縣蘇澳鎮蘇西里中原路301-1號
TQA0081,宜蘭縣蘇澳鎮蘇南里中正路38號,24.5979255,121.8532652,2.0,1936.0,蘇澳分局,宜蘭縣蘇澳鎮蘇南里中正路38號
TQA0083,宜蘭縣蘇澳鎮蘇西里蘇港路193號,24.5941644,121.8465318,1.0,718.0,蘇澳分局,宜蘭縣蘇澳鎮蘇西里蘇港路193號
TQA0084,宜蘭縣蘇澳鎮聖愛里中山路二段235號 ,24.6097827,121.8261511,3.0,384.0,蘇澳分局,宜蘭縣蘇澳鎮聖愛里中山路二段235號 
TQA0085,宜蘭縣蘇澳鎮蘇西里中山路一段308巷46號,24.5970186,121.8407833,1.0,194.0,蘇澳分局,宜蘭縣蘇澳鎮蘇西里中山路一段308巷46號
TQA0028,宜蘭縣蘇澳鎮龍德里德興一路7號,24.6306876,121.8272142,1.0,66.0,蘇澳分局,宜蘭縣蘇澳鎮龍德里德興一路7號
TQA0029,宜蘭縣蘇澳鎮龍德里德興一路23號,24.6280891,121.8245266,1.0,222.0,蘇澳分局,宜蘭縣蘇澳鎮龍德里德興一路23號
TQA0030,宜蘭縣蘇澳鎮龍德里德興一路29號,24.6268404,121.8231349,1.0,105.0,蘇澳分局,宜蘭縣蘇澳鎮龍德里德興一路29號
TQA0031,宜蘭縣蘇澳鎮龍德里德興一路41號,24.625022,121.8215142,1.0,109.0,蘇澳分局,宜蘭縣蘇澳鎮龍德里德興一路41號
TQA0034,宜蘭縣蘇澳鎮龍德里德興六路8號,24.6314771,121.8259685,1.0,79.0,蘇澳分局,宜蘭縣蘇澳鎮龍德里德興六路8號
TQA0036,宜蘭縣蘇澳鎮龍德里德興七路6號,24.6351558,121.8297971,1.0,95.0,蘇澳分局,宜蘭縣蘇澳鎮龍德里德興七路6號
TQA0037,宜蘭縣蘇澳鎮龍德里德興六路11號,24.6309025,121.8239126,1.0,103.0,蘇澳分局,宜蘭縣蘇澳鎮龍德里德興六路11號
TQA0039,宜蘭縣蘇澳鎮龍德里自強路17號,24.6327315,121.8254993,1.0,60.0,蘇澳分局,宜蘭縣蘇澳鎮龍德里自強路17號
TQA0040,宜蘭縣蘇澳鎮龍德里自強路19號,24.6327074,121.8249609,1.0,42.0,蘇澳分局,宜蘭縣蘇澳鎮龍德里自強路19號
TQA0042,宜蘭縣蘇澳鎮永榮里大同路108號,24.6215957,121.8345477,1.0,218.0,蘇澳分局,宜蘭縣蘇澳鎮永榮里大同路108號
TQA0044,宜蘭縣蘇澳鎮永榮里新馬路2號,24.6181961,121.8324637,1.0,87.0,蘇澳分局,宜蘭縣蘇澳鎮永榮里新馬路2號
TQA0046,宜蘭縣蘇澳鎮龍德里福德路134號,24.6397131,121.8320861,1.0,258.0,蘇澳分局,宜蘭縣蘇澳鎮龍德里福德路134號
TQA0048,宜蘭縣蘇澳鎮龍德里德興一路45號,24.6242672,121.8208355,1.0,88.0,蘇澳分局,宜蘭縣蘇澳鎮龍德里德興一路45號
TQA0049,宜蘭縣蘇澳鎮龍德里德興一路17號,24.6290464,121.8250604,1.0,106.0,蘇澳分局,宜蘭縣蘇澳鎮龍德里德興一路17號
TQA0052,宜蘭縣蘇澳鎮隘丁里忠孝路166巷16號,24.6142247,121.8374795,1.0,243.0,蘇澳分局,宜蘭縣蘇澳鎮隘丁里忠孝路166巷16號
TQA0053,宜蘭縣蘇澳鎮隘丁里隘丁路12號,24.6180774,121.835055,1.0,262.0,蘇澳分局,宜蘭縣蘇澳鎮隘丁里隘丁路12號
TQA0054,宜蘭縣蘇澳鎮龍德里自強路10號,24.6338703,121.8291561,1.0,570.0,蘇澳分局,宜蘭縣蘇澳鎮龍德里自強路10號
TQA0055,宜蘭縣蘇澳鎮龍德里德興八路5號,24.6363949,121.8296087,1.0,158.0,蘇澳分局,宜蘭縣蘇澳鎮龍德里德興八路5號
TQA0065,宜蘭縣蘇澳鎮港邊里嶺腳路140號,24.6138855,121.8533741,1.0,135.0,蘇澳分局,宜蘭縣蘇澳鎮港邊里嶺腳路140號
TQA0075,宜蘭縣蘇澳鎮龍德里自強路15號,24.6326591,121.825971,1.0,49.0,蘇澳分局,宜蘭縣蘇澳鎮龍德里自強路15號
TQA0076,宜蘭縣蘇澳鎮龍德里德興三路5號,24.62653,121.8213528,1.0,155.0,蘇澳分局,宜蘭縣蘇澳鎮龍德里德興三路5號
TQA0082,宜蘭縣蘇澳鎮新城里海山西路500號 ,24.6163015,121.8278465,1.0,127.0,蘇澳分局,宜蘭縣蘇澳鎮新城里海山西路500號 
TQA0088,宜蘭縣蘇澳鎮港邊里三民路15-2號,24.6104406,121.8477551,1.0,1635.0,蘇澳分局,宜蘭縣蘇澳鎮港邊里三民路15-2號
TQA0066,宜蘭縣南澳鄉南澳村蘇花路二段181號,24.4641976,121.7985772,1.0,273.0,蘇澳分局,宜蘭縣南澳鄉南澳村蘇花路二段181號
TQA0067,宜蘭縣蘇澳鎮南強里南澳路93號,24.465348,121.803321,1.0,36.0,蘇澳分局,宜蘭縣蘇澳鎮南強里南澳路93號
TQA0071,宜蘭縣南澳鄉東岳村蘇花路3段101號,24.516755,121.829478,1.0,842.0,蘇澳分局,宜蘭縣南澳鄉東岳村蘇花路3段101號
TQA0064,宜蘭縣蘇澳鎮南安里漁港路48號,24.5826306,121.8680141,1.0,101.0,蘇澳分局,宜蘭縣蘇澳鎮南安里漁港路48號
TQA0072,宜蘭縣蘇澳鎮南安里南安路74巷10號,24.583341,121.867563,1.0,47.0,蘇澳分局,宜蘭縣蘇澳鎮南安里南安路74巷10號
TQA0077,宜蘭縣蘇澳鎮南建里學府路122號,24.578909,121.8684428,2.0,1772.0,蘇澳分局,宜蘭縣蘇澳鎮南建里學府路122號
TQA0078,宜蘭縣蘇澳鎮南安里海邊路126號,24.5833868,121.8659277,1.0,474.0,蘇澳分局,宜蘭縣蘇澳鎮南安里海邊路126號
TQA0086,宜蘭縣蘇澳鎮南建里跨港路1號,24.5855361,121.8722738,1.0,126.0,蘇澳分局,宜蘭縣蘇澳鎮南建里跨港路1號
TMA0001,宜蘭縣宜蘭市大新里光復路4號,24.7549383,121.7573491,1.0,197.0,宜蘭分局,宜蘭縣宜蘭市大新里光復路4號
TMA0002,宜蘭縣宜蘭市新民里昇平街12巷6號,24.754844,121.75365,1.0,123.0,宜蘭分局,宜蘭縣宜蘭市新民里昇平街12巷6號
TMA0003,宜蘭縣宜蘭市新民里昇平街38號,24.755893,121.753555,1.0,158.0,宜蘭分局,宜蘭縣宜蘭市新民里昇平街38號
TMA0005,宜蘭縣宜蘭市新民里康樂路103號,24.7561602,121.7541948,1.0,573.0,宜蘭分局,宜蘭縣宜蘭市新民里康樂路103號
TMA0006,宜蘭縣宜蘭市新民里光復路50號,24.7553737,121.7553875,1.0,273.0,宜蘭分局,宜蘭縣宜蘭市新民里光復路50號
TMA0010,宜蘭縣宜蘭市大新里光復路48號,24.755437,121.753156,1.0,424.0,宜蘭分局,宜蘭縣宜蘭市大新里光復路48號
TMA0011,宜蘭縣宜蘭市大新里和睦路93號,24.7575005,121.7575183,1.0,260.0,宜蘭分局,宜蘭縣宜蘭市大新里和睦路93號
TMA0012,宜蘭縣宜蘭市大新里和睦路107號,24.757768,121.7576273,1.0,303.0,宜蘭分局,宜蘭縣宜蘭市大新里和睦路107號
TMA0013,宜蘭縣宜蘭市民權里女中路二段309號,24.7458145,121.7543966,1.0,501.0,宜蘭分局,宜蘭縣宜蘭市民權里女中路二段309號
TMA0021,宜蘭縣宜蘭市神農里崇聖街2號,24.7531529,121.7540924,1.0,468.0,宜蘭分局,宜蘭縣宜蘭市神農里崇聖街2號
TMA0022,宜蘭縣宜蘭市民權里神農路二段76號,24.7517126,121.751249,1.0,116.0,宜蘭分局,宜蘭縣宜蘭市民權里神農路二段76號
TMA0023,宜蘭縣宜蘭市中山路二段261號,24.7522009,121.7527533,1.0,335.0,宜蘭分局,宜蘭縣宜蘭市中山路二段261號
TMA0024,宜蘭縣宜蘭市神農里自強新路95號,24.7456377,121.7576186,1.0,1234.0,宜蘭分局,宜蘭縣宜蘭市神農里自強新路95號
TMA0033,宜蘭縣宜蘭市民權里中華路100號,24.7481598,121.7535212,1.0,154.0,宜蘭分局,宜蘭縣宜蘭市民權里中華路100號
TMA0034,宜蘭縣宜蘭市民權里中山路二段167號,24.7493397,121.7539883,1.0,283.0,宜蘭分局,宜蘭縣宜蘭市民權里中山路二段167號
TMA0035,宜蘭縣宜蘭市民權里中山路二段167號,24.7493397,121.7539883,1.0,726.0,宜蘭分局,宜蘭縣宜蘭市民權里中山路二段167號
TMA0036,宜蘭縣宜蘭市民權里中山路二段55號,24.7450829,121.7555575,1.0,547.0,宜蘭分局,宜蘭縣宜蘭市民權里中山路二段55號
TMA0040,宜蘭縣宜蘭市神農里復興路66號,24.7499707,121.7544355,1.0,83.0,宜蘭分局,宜蘭縣宜蘭市神農里復興路66號
TMA0042,宜蘭縣宜蘭市大新里新民路75號,24.7568157,121.7565307,1.0,252.0,宜蘭分局,宜蘭縣宜蘭市大新里新民路75號
TMA0043,宜蘭縣宜蘭市大新里舊城東路50號,24.7577931,121.7566483,2.0,1432.0,宜蘭分局,宜蘭縣宜蘭市大新里舊城東路50號
TMA0044,宜蘭縣宜蘭市民權里中華路146號,24.7491154,121.7531048,1.0,421.0,宜蘭分局,宜蘭縣宜蘭市民權里中華路146號
TMA0046,宜蘭縣宜蘭市民權里中山路二段261號,24.7522009,121.7527533,1.0,142.0,宜蘭分局,宜蘭縣宜蘭市民權里中山路二段261號
TMA0048,宜蘭縣宜蘭市民權里農權路90號,24.747787,121.7539603,1.0,419.0,宜蘭分局,宜蘭縣宜蘭市民權里農權路90號
TMA0051,宜蘭縣宜蘭市神農里中山路二段482號,24.7533504,121.7527402,2.0,3784.0,宜蘭分局,宜蘭縣宜蘭市神農里中山路二段482號
TMA0053,宜蘭縣宜蘭市神農里中山路二段318號,24.7500576,121.753928,1.0,1081.0,宜蘭分局,宜蘭縣宜蘭市神農里中山路二段318號
TMA0055,宜蘭縣宜蘭市大新里光復路30號,24.755192,121.756501,1.0,224.0,宜蘭分局,宜蘭縣宜蘭市大新里光復路30號
TMA0056,宜蘭縣宜蘭市神農里中山路二段432號,24.7519859,121.7533884,1.0,406.0,宜蘭分局,宜蘭縣宜蘭市神農里中山路二段432號
TMA0057,宜蘭縣宜蘭市大新里宜興路一段366號,24.7577096,121.7589454,1.0,296.0,宜蘭分局,宜蘭縣宜蘭市大新里宜興路一段366號
TMA0059,宜蘭縣宜蘭市大新里新民路79號,24.7568175,121.756469,1.0,387.0,宜蘭分局,宜蘭縣宜蘭市大新里新民路79號
TMA0060,宜蘭縣宜蘭市中山里城隍街27號,24.7589821,121.7522188,1.0,91.0,宜蘭分局,宜蘭縣宜蘭市中山里城隍街27號
TMA0062,宜蘭縣宜蘭市西門里中山路三段217號,24.7610257,121.7533615,1.0,245.0,宜蘭分局,宜蘭縣宜蘭市西門里中山路三段217號
TMA0064,宜蘭縣宜蘭市中山里城隍路59號 ,24.7591166,121.7512179,1.0,84.0,宜蘭分局,宜蘭縣宜蘭市中山里城隍路59號 
TMA0065,宜蘭縣宜蘭市西門里舊城西路111號,24.7602488,121.7502626,1.0,1460.0,宜蘭分局,宜蘭縣宜蘭市西門里舊城西路111號
TMA0066,宜蘭縣宜蘭市中山里城隍街52號,24.759383,121.7511253,1.0,204.0,宜蘭分局,宜蘭縣宜蘭市中山里城隍街52號
TMA0068,宜蘭縣宜蘭市中山里城隍街16號,24.759316,121.752078,1.0,115.0,宜蘭分局,宜蘭縣宜蘭市中山里城隍街16號
TMA0070,宜蘭縣宜蘭市東門里新民路152號,24.7577958,121.7541648,1.0,525.0,宜蘭分局,宜蘭縣宜蘭市東門里新民路152號
TMA0071,宜蘭縣宜蘭市慈安里慈安路41之7號,24.7596405,121.7626194,1.0,313.0,宜蘭分局,宜蘭縣宜蘭市慈安里慈安路41之7號
TMA0072,宜蘭縣宜蘭市慈安里林森路311巷2號,24.7607438,121.7620721,1.0,577.0,宜蘭分局,宜蘭縣宜蘭市慈安里林森路311巷2號
TMA0076,宜蘭縣宜蘭市小東里新興路86號,24.7601756,121.7580102,1.0,670.0,宜蘭分局,宜蘭縣宜蘭市小東里新興路86號
TMA0077,宜蘭縣宜蘭市東門里聖後街118號,24.7588042,121.7555299,1.0,414.0,宜蘭分局,宜蘭縣宜蘭市東門里聖後街118號
TMA0078,宜蘭縣宜蘭市新民里新民路143號,24.7574326,121.7539962,1.0,60.0,宜蘭分局,宜蘭縣宜蘭市新民里新民路143號
TMA0079,宜蘭縣宜蘭市慈安里林森路203號,24.7576965,121.7607292,1.0,265.0,宜蘭分局,宜蘭縣宜蘭市慈安里林森路203號
TMA0080,宜蘭縣宜蘭市新民里中山路三段中央商場53之5號,24.7565948,121.7524009,1.0,114.0,宜蘭分局,宜蘭縣宜蘭市新民里中山路三段中央商場53之5號
TMA0081,宜蘭縣宜蘭市東門里力新路42號,24.7597584,121.7542996,1.0,147.0,宜蘭分局,宜蘭縣宜蘭市東門里力新路42號
TMA0082,宜蘭縣宜蘭市新民里崇聖街63-2號,24.756975,121.754778,2.0,1019.0,宜蘭分局,宜蘭縣宜蘭市新民里崇聖街63-2號
TMA0084,宜蘭縣宜蘭市慈安里林森路336巷37號,24.7598929,121.761785,1.0,1669.0,宜蘭分局,宜蘭縣宜蘭市慈安里林森路336巷37號
TMA0086,宜蘭縣宜蘭市東門里新民路108號,24.757275,121.755616,1.0,403.0,宜蘭分局,宜蘭縣宜蘭市東門里新民路108號
TMA0087,宜蘭縣宜蘭市新民里崇聖街53號,24.7565092,121.7549546,1.0,122.0,宜蘭分局,宜蘭縣宜蘭市新民里崇聖街53號
TMA0088,宜蘭縣宜蘭市東門里新民路152號,24.7577958,121.7541648,1.0,853.0,宜蘭分局,宜蘭縣宜蘭市東門里新民路152號
TMA0090,宜蘭縣宜蘭市東門里崇聖街83號,24.7582272,121.7556818,1.0,325.0,宜蘭分局,宜蘭縣宜蘭市東門里崇聖街83號
TMA0091,宜蘭縣宜蘭市東門里中山路三段128號,24.7582992,121.7529174,2.0,2266.0,宜蘭分局,宜蘭縣宜蘭市東門里中山路三段128號
TMA0092,宜蘭縣宜蘭市東門里中山路三段152號,24.7591086,121.753092,1.0,484.0,宜蘭分局,宜蘭縣宜蘭市東門里中山路三段152號
TMA0093,宜蘭縣宜蘭市小東里新興路20號,24.7589349,121.7586429,1.0,314.0,宜蘭分局,宜蘭縣宜蘭市小東里新興路20號
TMA0094,宜蘭縣宜蘭市小東里樹人路37號,24.7619228,121.7584437,1.0,644.0,宜蘭分局,宜蘭縣宜蘭市小東里樹人路37號
TMA0095,宜蘭縣宜蘭市小東里小東路6之1號,24.7590405,121.7570268,1.0,835.0,宜蘭分局,宜蘭縣宜蘭市小東里小東路6之1號
TMA0096,宜蘭縣宜蘭市舊城南路1號,24.7544274,121.7536907,1.0,491.0,宜蘭分局
TMA0097,宜蘭縣宜蘭市民權里中山路二段31號,24.7445456,121.7557573,1.0,369.0,宜蘭分局,宜蘭縣宜蘭市民權里中山路二段31號
TMA0098,宜蘭縣宜蘭市民權里女中路二段287號,24.7459017,121.7547974,1.0,560.0,宜蘭分局,宜蘭縣宜蘭市民權里女中路二段287號
TMA0099,宜蘭縣宜蘭市小東里樹人路50號,24.7619245,121.758679,2.0,2829.0,宜蘭分局,宜蘭縣宜蘭市小東里樹人路50號
TMA0100,宜蘭縣宜蘭市小東里光復路43號,24.7550259,121.7556833,1.0,794.0,宜蘭分局,宜蘭縣宜蘭市小東里光復路43號
TMA0110,宜蘭縣宜蘭市大新里和睦路146號,24.7598483,121.7591403,1.0,398.0,宜蘭分局,宜蘭縣宜蘭市大新里和睦路146號
TMA0111,宜蘭縣宜蘭市小東里樹人路37號,24.7619228,121.7584437,1.0,710.0,宜蘭分局,宜蘭縣宜蘭市小東里樹人路37號
TMA0112,宜蘭縣宜蘭市新民里新民路152號,24.7577958,121.7541648,2.0,1605.0,宜蘭分局,宜蘭縣宜蘭市新民里新民路152號
TMA0113,宜蘭縣宜蘭市民權里中山路二段305號,24.7538649,121.7522621,1.0,285.0,宜蘭分局,宜蘭縣宜蘭市民權里中山路二段305號
TMA0114,宜蘭縣宜蘭市西門里同慶街95號,24.7616726,121.7507401,1.0,1404.0,宜蘭分局,宜蘭縣宜蘭市西門里同慶街95號
TMA0115,宜蘭縣宜蘭市思源里農權路101號,24.7498963,121.7395796,2.0,2150.0,宜蘭分局,宜蘭縣宜蘭市思源里農權路101號
TMA0116,宜蘭縣宜蘭市民權里弘志路26號,24.7461981,121.7531555,1.0,1043.0,宜蘭分局,宜蘭縣宜蘭市民權里弘志路26號
TMA0117,宜蘭縣宜蘭市東門里中山路三段112號,24.7579003,121.7528161,1.0,191.0,宜蘭分局,宜蘭縣宜蘭市東門里中山路三段112號
TMA0118,宜蘭縣宜蘭市神農里民權路一段65號,24.7525466,121.7538829,1.0,368.0,宜蘭分局,宜蘭縣宜蘭市神農里民權路一段65號
TMC0001,宜蘭縣宜蘭市北津里大坡路一段27號,24.7690774,121.7554639,1.0,439.0,宜蘭分局,宜蘭縣宜蘭市北津里大坡路一段27號
TMC0004,宜蘭縣宜蘭市茭白里中山路五段151巷8號,24.7709876,121.7564647,1.0,1944.0,宜蘭分局,宜蘭縣宜蘭市茭白里中山路五段151巷8號
TMC0007,宜蘭縣宜蘭市北津里津梅路180巷1號,24.7674766,121.7503218,1.0,560.0,宜蘭分局,宜蘭縣宜蘭市北津里津梅路180巷1號
TMC0009,宜蘭縣宜蘭市新生里中山路五段276號,24.774463,121.7583503,1.0,1114.0,宜蘭分局,宜蘭縣宜蘭市新生里中山路五段276號
TMC0010,宜蘭縣宜蘭市北津里津梅路58號,24.7674085,121.7533157,1.0,411.0,宜蘭分局,宜蘭縣宜蘭市北津里津梅路58號
TMC0011,宜蘭縣宜蘭市茭白里大坡路一段28號,24.769192,121.755797,1.0,438.0,宜蘭分局,宜蘭縣宜蘭市茭白里大坡路一段28號
TMC0012,宜蘭縣宜蘭市北津里大坡路一段31號,24.7692521,121.7552873,1.0,1027.0,宜蘭分局,宜蘭縣宜蘭市北津里大坡路一段31號
TMC0014,宜蘭縣宜蘭市梅洲里梅洲二路92號,24.7807186,121.7344129,1.0,120.0,宜蘭分局,宜蘭縣宜蘭市梅洲里梅洲二路92號
TMC0015,宜蘭縣宜蘭市梅洲里梅洲一路18-1號,24.7767311,121.7366388,1.0,201.0,宜蘭分局,宜蘭縣宜蘭市梅洲里梅洲一路18-1號
TMC0017,宜蘭縣宜蘭市梅洲里梅洲二路59號,24.7805108,121.735051,1.0,115.0,宜蘭分局,宜蘭縣宜蘭市梅洲里梅洲二路59號
TMC0018,宜蘭縣宜蘭市北津里大坡路一段121巷31號,24.7696154,121.7528883,1.0,1623.0,宜蘭分局,宜蘭縣宜蘭市北津里大坡路一段121巷31號
TMC0031,宜蘭縣宜蘭市北門里同興街119號,24.7632953,121.7537056,1.0,271.0,宜蘭分局,宜蘭縣宜蘭市北門里同興街119號
TMC0039,宜蘭縣宜蘭市北門里中山路三段257號,24.762344,121.7538519,3.0,1551.0,宜蘭分局,宜蘭縣宜蘭市北門里中山路三段257號
TMC0040,宜蘭縣宜蘭市孝廉里中山路三段290號,24.7624252,121.7541246,2.0,1188.0,宜蘭分局,宜蘭縣宜蘭市孝廉里中山路三段290號
TMC0041,宜蘭縣宜蘭市菜園里力行路106巷10號,24.7631486,121.7576752,1.0,402.0,宜蘭分局,宜蘭縣宜蘭市菜園里力行路106巷10號
TMC0045,宜蘭縣宜蘭市孝廉里舊城北路110號,24.7602412,121.7541617,1.0,150.0,宜蘭分局,宜蘭縣宜蘭市孝廉里舊城北路110號
TMC0046,宜蘭縣宜蘭市菜園里吉祥路126號,24.7609316,121.7560999,1.0,557.0,宜蘭分局,宜蘭縣宜蘭市菜園里吉祥路126號
TMC0048,宜蘭縣宜蘭市孝廉里舊城北路30號,24.7592252,121.7559477,1.0,327.0,宜蘭分局,宜蘭縣宜蘭市孝廉里舊城北路30號
TMC0052,宜蘭縣宜蘭市孝廉里東後街2號,24.7604892,121.7538111,1.0,379.0,宜蘭分局,宜蘭縣宜蘭市孝廉里東後街2號
TMC0053,宜蘭縣宜蘭市孝廉里新興路175號,24.7620754,121.7553223,1.0,330.0,宜蘭分局,宜蘭縣宜蘭市孝廉里新興路175號
TMC0054,宜蘭縣宜蘭市孝廉里新興路216號,24.7625035,121.754722,1.0,294.0,宜蘭分局,宜蘭縣宜蘭市孝廉里新興路216號
TMC0060,宜蘭縣宜蘭市孝廉里力行路152號,24.7640667,121.7541406,1.0,632.0,宜蘭分局,宜蘭縣宜蘭市孝廉里力行路152號
TMC0061,宜蘭縣宜蘭市菜園里環河東路93號,24.7639372,121.7574291,1.0,173.0,宜蘭分局,宜蘭縣宜蘭市菜園里環河東路93號
TMC0062,宜蘭縣宜蘭市茭白里中山路五段123號,24.7698454,121.7564582,1.0,1207.0,宜蘭分局,宜蘭縣宜蘭市茭白里中山路五段123號
TMC0063,宜蘭縣宜蘭市菜園里吉祥路88巷1號,24.7597765,121.7557659,2.0,1981.0,宜蘭分局,宜蘭縣宜蘭市菜園里吉祥路88巷1號
TMC0064,宜蘭縣宜蘭市北門里新興路268號,24.7631028,121.7530085,1.0,966.0,宜蘭分局,宜蘭縣宜蘭市北門里新興路268號
TMC0068,宜蘭縣宜蘭市菜園里力行路106巷8號,24.7638761,121.7574967,1.0,886.0,宜蘭分局,宜蘭縣宜蘭市菜園里力行路106巷8號
TMC0069,宜蘭縣宜蘭市新生里宜興路三段9號,24.7653834,121.7616059,1.0,1603.0,宜蘭分局,宜蘭縣宜蘭市新生里宜興路三段9號
TMC0070,宜蘭縣宜蘭市新生里大福路二段142巷5弄3號,24.767942,121.758042,2.0,2451.0,宜蘭分局,宜蘭縣宜蘭市新生里大福路二段142巷5弄3號
TMC0071,宜蘭縣宜蘭市新生里中山路五段166巷12號,24.7697525,121.7574036,1.0,482.0,宜蘭分局,宜蘭縣宜蘭市新生里中山路五段166巷12號
TMB0001,宜蘭縣宜蘭市思源里神農路1段1號,24.7462924,121.7475856,1.0,8840.0,宜蘭分局,宜蘭縣宜蘭市思源里神農路1段1號
TMB0002,宜蘭縣宜蘭市文化里復興路2段258號,24.7502451,121.7440239,2.0,295.0,宜蘭分局,宜蘭縣宜蘭市文化里復興路2段258號
TMB0003,宜蘭縣宜蘭市思源里神農路一段1號,24.7462924,121.7475856,1.0,2938.0,宜蘭分局,宜蘭縣宜蘭市思源里神農路一段1號
TMB0004,宜蘭縣宜蘭市文化里宜中路218號,24.7504321,121.743997,1.0,162.0,宜蘭分局,宜蘭縣宜蘭市文化里宜中路218號
TMB0005,宜蘭縣宜蘭市泰山里民權新路497號,24.7540346,121.7412051,1.0,813.0,宜蘭分局,宜蘭縣宜蘭市泰山里民權新路497號
TMB0006,宜蘭縣宜蘭市民族里神農路二段55號,24.751922,121.751019,1.0,312.0,宜蘭分局,宜蘭縣宜蘭市民族里神農路二段55號
TMB0010,宜蘭縣宜蘭市泰山里泰山路112巷2弄1號,24.7546385,121.7360522,1.0,272.0,宜蘭分局,宜蘭縣宜蘭市泰山里泰山路112巷2弄1號
TMB0011,宜蘭縣宜蘭市思源里女中路三段84號,24.7463455,121.740221,1.0,2951.0,宜蘭分局,宜蘭縣宜蘭市思源里女中路三段84號
TMB0014,宜蘭縣宜蘭市文化里軍民路5巷33號,24.7497576,121.7489098,1.0,123.0,宜蘭分局,宜蘭縣宜蘭市文化里軍民路5巷33號
TMB0017,宜蘭縣宜蘭市泰山里金六結路491號,24.7497663,121.7341129,1.0,973.0,宜蘭分局,宜蘭縣宜蘭市泰山里金六結路491號
TMB0018,宜蘭縣宜蘭市文化里民族路328號,24.751231,121.7459271,1.0,465.0,宜蘭分局,宜蘭縣宜蘭市文化里民族路328號
TMB0019,宜蘭縣宜蘭市復興里女中路二段370號,24.745537,121.752763,1.0,328.0,宜蘭分局,宜蘭縣宜蘭市復興里女中路二段370號
TMB0020,宜蘭縣宜蘭市思源里4鄰宜中路79巷23號,24.7474986,121.7426214,1.0,1531.0,宜蘭分局,宜蘭縣宜蘭市思源里4鄰宜中路79巷23號
TMB0021,宜蘭縣宜蘭市思源里宜中路100號,24.7468745,121.7427908,1.0,1083.0,宜蘭分局,宜蘭縣宜蘭市思源里宜中路100號
TMB0024,宜蘭縣宜蘭市負郭里泰山路94號,24.75427,121.7441674,1.0,127.0,宜蘭分局,宜蘭縣宜蘭市負郭里泰山路94號
TMB0025,宜蘭縣宜蘭市思源里神農路一段1號,24.7462924,121.7475856,1.0,248.0,宜蘭分局,宜蘭縣宜蘭市思源里神農路一段1號
TMB0026,宜蘭縣宜蘭市民族里文化路79號,24.7510576,121.7484446,1.0,330.0,宜蘭分局,宜蘭縣宜蘭市民族里文化路79號
TMB0028,宜蘭縣宜蘭市思源里嵐峰路三段438號,24.746895,121.7338225,2.0,497.0,宜蘭分局,宜蘭縣宜蘭市思源里嵐峰路三段438號
TMB0029,宜蘭縣宜蘭市負郭里民權新路252號,24.7523599,121.7449705,1.0,1063.0,宜蘭分局,宜蘭縣宜蘭市負郭里民權新路252號
TMB0030,宜蘭縣宜蘭市文化里復興路二段49號,24.7486958,121.7484167,1.0,248.0,宜蘭分局,宜蘭縣宜蘭市文化里復興路二段49號
TMB0031,宜蘭縣宜蘭市泰山里建軍路16號,24.7524841,121.73637,1.0,448.0,宜蘭分局,宜蘭縣宜蘭市泰山里建軍路16號
TMB0032,宜蘭縣宜蘭市負郭里負郭路25巷30號,24.7525877,121.7458756,1.0,183.0,宜蘭分局,宜蘭縣宜蘭市負郭里負郭路25巷30號
TMB0033,宜蘭縣宜蘭市泰山里泰山路112巷12號,24.7531947,121.7403535,1.0,141.0,宜蘭分局,宜蘭縣宜蘭市泰山里泰山路112巷12號
TMB0037,宜蘭縣宜蘭市文化里復興路二段15巷13號,24.7484575,121.7494674,1.0,109.0,宜蘭分局,宜蘭縣宜蘭市文化里復興路二段15巷13號
TMB0038,宜蘭縣宜蘭市文化里復興路二段15巷1號,24.7482907,121.7494901,1.0,205.0,宜蘭分局,宜蘭縣宜蘭市文化里復興路二段15巷1號
TMB0039,宜蘭縣宜蘭市思源里民族路497號,24.7483438,121.7406142,1.0,235.0,宜蘭分局,宜蘭縣宜蘭市思源里民族路497號
TMB0040,宜蘭縣宜蘭市文化里民族路338號,24.7511193,121.7456327,1.0,595.0,宜蘭分局,宜蘭縣宜蘭市文化里民族路338號
TMB0041,宜蘭縣宜蘭市思源里民族路499號,24.748239,121.740443,1.0,1344.0,宜蘭分局,宜蘭縣宜蘭市思源里民族路499號
TMB0042,宜蘭縣宜蘭市文化里復興路二段2-1號,24.7485598,121.7498358,1.0,172.0,宜蘭分局,宜蘭縣宜蘭市文化里復興路二段2-1號
TMB0046,宜蘭縣宜蘭市建軍里復興路3段92號,24.751525,121.739289,1.0,171.0,宜蘭分局,宜蘭縣宜蘭市建軍里復興路3段92號
TMB0047,宜蘭縣宜蘭市民族里民權新路184號,24.7520004,121.7468038,1.0,283.0,宜蘭分局,宜蘭縣宜蘭市民族里民權新路184號
TMB0048,宜蘭縣宜蘭市泰山里泰山路112巷4弄3號,24.7528018,121.7403255,1.0,158.0,宜蘭分局,宜蘭縣宜蘭市泰山里泰山路112巷4弄3號
TMB0049,宜蘭縣宜蘭市建軍里民族路427號,24.749292,121.743044,2.0,2625.0,宜蘭分局,宜蘭縣宜蘭市建軍里民族路427號
TMB0050,宜蘭縣宜蘭市七結里農權路3段77號,24.749636,121.740383,1.0,312.0,宜蘭分局,宜蘭縣宜蘭市七結里農權路3段77號
TMB0051,宜蘭縣宜蘭市文化里民權新路303號,24.7523416,121.7444391,1.0,274.0,宜蘭分局,宜蘭縣宜蘭市文化里民權新路303號
TMB0052,宜蘭縣宜蘭市思源里神農路1段1號,24.7462924,121.7475856,1.0,3034.0,宜蘭分局,宜蘭縣宜蘭市思源里神農路1段1號
TMB0053,宜蘭縣宜蘭市文化里民族路382號,24.7506517,121.7446506,2.0,1919.0,宜蘭分局,宜蘭縣宜蘭市文化里民族路382號
TMB0057,宜蘭縣宜蘭市復興里復興路2段70號,24.749182,121.747916,1.0,89.0,宜蘭分局,宜蘭縣宜蘭市復興里復興路2段70號
TMB0059,宜蘭縣宜蘭市思源里神農路1段1號,24.7462924,121.7475856,1.0,838.0,宜蘭分局,宜蘭縣宜蘭市思源里神農路1段1號
TMB0062,宜蘭縣宜蘭市文化里復興路2段77號,24.7490995,121.7468602,1.0,110.0,宜蘭分局,宜蘭縣宜蘭市文化里復興路2段77號
TMB0063,宜蘭縣宜蘭市復興里女中路2段488號,24.744798,121.7498927,1.0,286.0,宜蘭分局,宜蘭縣宜蘭市復興里女中路2段488號
TMB0064,宜蘭縣宜蘭市復興里神農路1段10號,24.7494076,121.7502597,1.0,111.0,宜蘭分局,宜蘭縣宜蘭市復興里神農路1段10號
TMB0065,宜蘭縣宜蘭市復興里中華路73號,24.7476159,121.7535584,1.0,987.0,宜蘭分局,宜蘭縣宜蘭市復興里中華路73號
TMB0066,宜蘭縣宜蘭市民族里文化路141號,24.7533462,121.7485549,1.0,754.0,宜蘭分局,宜蘭縣宜蘭市民族里文化路141號
TMB0067,宜蘭縣宜蘭市文化里民權新路279號,24.751557,121.744882,1.0,1798.0,宜蘭分局,宜蘭縣宜蘭市文化里民權新路279號
TMB0068,宜蘭縣宜蘭市思源里神農路1段1號,24.7462924,121.7475856,1.0,1825.0,宜蘭分局,宜蘭縣宜蘭市思源里神農路1段1號
TMB0069,宜蘭縣宜蘭市負郭里民權新路262號,24.7525981,121.744372,2.0,9682.0,宜蘭分局,宜蘭縣宜蘭市負郭里民權新路262號
TMB0070,宜蘭縣宜蘭市負郭里泰山路66號,24.7545089,121.7457287,2.0,2081.0,宜蘭分局,宜蘭縣宜蘭市負郭里泰山路66號
TMB0079,宜蘭縣宜蘭市思源里神農路1段1號,24.7461575,121.745816,1.0,2243.0,宜蘭分局,宜蘭縣宜蘭市思源里神農路1段1號
TMB0088,宜蘭縣宜蘭市南門里宜蘭市舊城西路8號,24.7576187,121.7497308,1.0,261.0,宜蘭分局,宜蘭縣宜蘭市南門里宜蘭市舊城西路8號
TMB0093,宜蘭縣宜蘭市復興里女中路二段428號,24.7450438,121.7513227,1.0,238.0,宜蘭分局,宜蘭縣宜蘭市復興里女中路二段428號
TMB0094,宜蘭縣宜蘭市南門里民權路二段10號,24.7537253,121.7509735,4.0,24674.0,宜蘭分局,宜蘭縣宜蘭市南門里民權路二段10號
TMB0095,宜蘭縣宜蘭市負郭里泰山路65號,24.7541078,121.7462674,1.0,1248.0,宜蘭分局,宜蘭縣宜蘭市負郭里泰山路65號
TMB0096,宜蘭縣宜蘭市復興里10鄰農權路191巷5號,24.7462206,121.7510277,1.0,396.0,宜蘭分局,宜蘭縣宜蘭市復興里10鄰農權路191巷5號
TMB0097,宜蘭縣宜蘭市七結里農權路三段79巷15號,24.7493723,121.740232,1.0,1437.0,宜蘭分局,宜蘭縣宜蘭市七結里農權路三段79巷15號
TMB0098,宜蘭縣宜蘭市建軍里農權路三段86巷27號,24.7503599,121.7404303,1.0,1360.0,宜蘭分局,宜蘭縣宜蘭市建軍里農權路三段86巷27號
TMB0099,宜蘭縣宜蘭市民族里民權新路169號,24.7514015,121.7479189,1.0,264.0,宜蘭分局,宜蘭縣宜蘭市民族里民權新路169號
TMB0101,宜蘭縣宜蘭市泰山里民權新路465號,24.7539453,121.7412199,1.0,744.0,宜蘭分局,宜蘭縣宜蘭市泰山里民權新路465號
TMB0102,宜蘭縣宜蘭市文化里文化路100號,24.7501889,121.7483592,1.0,101.0,宜蘭分局,宜蘭縣宜蘭市文化里文化路100號
TMB0103,宜蘭縣宜蘭市文化里復興路2段45號,24.7486381,121.748661,1.0,228.0,宜蘭分局,宜蘭縣宜蘭市文化里復興路2段45號
TMB0104,宜蘭縣宜蘭市民族里民族路143-1號,24.752584,121.7502638,1.0,221.0,宜蘭分局,宜蘭縣宜蘭市民族里民族路143-1號
TMB0105,宜蘭縣宜蘭市思源里農權路3段163巷1號,24.7497351,121.737956,2.0,4072.0,宜蘭分局,宜蘭縣宜蘭市思源里農權路3段163巷1號
TMB0106,宜蘭縣宜蘭市建軍里復興路3段8號,24.7507581,121.7418381,1.0,1935.0,宜蘭分局,宜蘭縣宜蘭市建軍里復興路3段8號
TMB0107,宜蘭縣宜蘭市負郭里泰山路86巷4弄51-3號,24.756515,121.7449319,1.0,318.0,宜蘭分局,宜蘭縣宜蘭市負郭里泰山路86巷4弄51-3號
TMB0109,宜蘭縣宜蘭市思源里民族路463號,24.749319,121.742575,2.0,3571.0,宜蘭分局,宜蘭縣宜蘭市思源里民族路463號
TME0001,宜蘭縣宜蘭市建業里凱旋路500號,24.7388255,121.7585275,2.0,10891.0,宜蘭分局,宜蘭縣宜蘭市建業里凱旋路500號
TME0002,宜蘭縣宜蘭市擺厘里嵐峰路一段6號,24.742692,121.753618,1.0,183.0,宜蘭分局,宜蘭縣宜蘭市擺厘里嵐峰路一段6號
TME0003,宜蘭縣宜蘭市南津里縣政一街5號,24.7285353,121.7651074,2.0,4644.0,宜蘭分局,宜蘭縣宜蘭市南津里縣政一街5號
TME0004,宜蘭縣宜蘭市南津里建蘭北路27巷15號,24.73383,121.761738,1.0,2186.0,宜蘭分局,宜蘭縣宜蘭市南津里建蘭北路27巷15號
TME0005,宜蘭縣宜蘭市南津里建蘭北路27巷8號,24.73383,121.761738,1.0,1505.0,宜蘭分局,宜蘭縣宜蘭市南津里建蘭北路27巷8號
TME0006,宜蘭縣宜蘭市南津里縣政一街45號,24.7279612,121.7659287,2.0,2316.0,宜蘭分局,宜蘭縣宜蘭市南津里縣政一街45號
TME0007,宜蘭縣宜蘭市南津里凱旋路129巷1號,24.7241901,121.7625611,1.0,2518.0,宜蘭分局,宜蘭縣宜蘭市南津里凱旋路129巷1號
TME0008,宜蘭縣宜蘭市南津里凱旋路129巷2號,24.7244708,121.7622028,1.0,2988.0,宜蘭分局,宜蘭縣宜蘭市南津里凱旋路129巷2號
TME0009,宜蘭縣宜蘭市進士里嵐峰路一段197號,24.7421056,121.7508847,1.0,299.0,宜蘭分局,宜蘭縣宜蘭市進士里嵐峰路一段197號
TME0010,宜蘭縣宜蘭市南津里縣政一街25號,24.7279991,121.7659093,2.0,1025.0,宜蘭分局,宜蘭縣宜蘭市南津里縣政一街25號
TME0011,宜蘭縣宜蘭市南津里凱旋路135號,24.7255512,121.7622287,3.0,1281.0,宜蘭分局,宜蘭縣宜蘭市南津里凱旋路135號
TME0012,宜蘭縣宜蘭市建業里縣政西路1號,24.7274678,121.7613725,1.0,2768.0,宜蘭分局,宜蘭縣宜蘭市建業里縣政西路1號
TME0013,宜蘭縣宜蘭市建業里縣政七街50巷1號,24.7260003,121.7573169,1.0,631.0,宜蘭分局,宜蘭縣宜蘭市建業里縣政七街50巷1號
TME0014,宜蘭縣宜蘭市建業里縣政西路81號,24.7269028,121.7595127,1.0,473.0,宜蘭分局,宜蘭縣宜蘭市建業里縣政西路81號
TME0015,宜蘭縣宜蘭市擺厘里自強路163號,24.7427519,121.7498735,1.0,1001.0,宜蘭分局,宜蘭縣宜蘭市擺厘里自強路163號
TME0016,宜蘭縣宜蘭市擺厘里嵐峰路一段134號,24.7424295,121.7521657,1.0,420.0,宜蘭分局,宜蘭縣宜蘭市擺厘里嵐峰路一段134號
TME0017,宜蘭縣宜蘭市擺厘里自強路147號,24.7427502,121.7501618,1.0,579.0,宜蘭分局,宜蘭縣宜蘭市擺厘里自強路147號
TME0019,宜蘭縣宜蘭市擺厘里嵐峰路1段120號 ,24.7424008,121.7513142,1.0,855.0,宜蘭分局,宜蘭縣宜蘭市擺厘里嵐峰路1段120號 
TME0021,宜蘭縣宜蘭市擺厘里自強路131號,24.7428053,121.7510025,1.0,681.0,宜蘭分局,宜蘭縣宜蘭市擺厘里自強路131號
TME0022,宜蘭縣宜蘭市擺厘里自強路116號,24.7431861,121.7495592,2.0,676.0,宜蘭分局,宜蘭縣宜蘭市擺厘里自強路116號
TME0023,宜蘭縣宜蘭市擺厘里進士路70號,24.7437274,121.7479706,1.0,748.0,宜蘭分局,宜蘭縣宜蘭市擺厘里進士路70號
TME0024,宜蘭縣宜蘭市擺厘里女中路二段501號,24.7445762,121.7493636,1.0,525.0,宜蘭分局,宜蘭縣宜蘭市擺厘里女中路二段501號
TME0025,宜蘭縣宜蘭市擺厘里女中路二段455號,24.7445681,121.75117,2.0,2127.0,宜蘭分局,宜蘭縣宜蘭市擺厘里女中路二段455號
TME0029,宜蘭縣宜蘭市擺厘里女中路二段491巷2號,24.7441029,121.7494715,2.0,1012.0,宜蘭分局,宜蘭縣宜蘭市擺厘里女中路二段491巷2號
TME0030,宜蘭縣宜蘭市進士里女中路三段209號,24.745077,121.742359,1.0,1324.0,宜蘭分局,宜蘭縣宜蘭市進士里女中路三段209號
TME0031,宜蘭縣宜蘭市進士里嵐峰路二段14號,24.7421712,121.7463234,1.0,290.0,宜蘭分局,宜蘭縣宜蘭市進士里嵐峰路二段14號
TME0033,宜蘭縣宜蘭市進士里女中路三段123號,24.7448609,121.7448055,1.0,302.0,宜蘭分局,宜蘭縣宜蘭市進士里女中路三段123號
TME0034,宜蘭縣宜蘭市進士里女中路三段49號,24.7447818,121.7464903,1.0,746.0,宜蘭分局,宜蘭縣宜蘭市進士里女中路三段49號
TME0035,宜蘭縣宜蘭市進士里進士路171號,24.7443745,121.7480169,1.0,840.0,宜蘭分局,宜蘭縣宜蘭市進士里進士路171號
TME0036,宜蘭縣宜蘭市擺厘里嵐峰路一段84號,24.7427705,121.7537274,1.0,151.0,宜蘭分局,宜蘭縣宜蘭市擺厘里嵐峰路一段84號
TME0037,宜蘭縣宜蘭市擺厘里女中路二段355號,24.7454748,121.7534369,1.0,611.0,宜蘭分局,宜蘭縣宜蘭市擺厘里女中路二段355號
TME0038,宜蘭縣宜蘭市擺厘里嵐峰路一段146號,24.7423958,121.7518393,1.0,135.0,宜蘭分局,宜蘭縣宜蘭市擺厘里嵐峰路一段146號
TME0041,宜蘭縣宜蘭市擺厘里自強路92號,24.7429292,121.7499305,2.0,872.0,宜蘭分局,宜蘭縣宜蘭市擺厘里自強路92號
TME0043,宜蘭縣宜蘭市建業里縣政九街65號,24.7312485,121.7576798,1.0,755.0,宜蘭分局,宜蘭縣宜蘭市建業里縣政九街65號
TME0045,宜蘭縣宜蘭市擺厘里女中路二段355號,24.7453914,121.753373,1.0,483.0,宜蘭分局,宜蘭縣宜蘭市擺厘里女中路二段355號
TME0046,宜蘭縣宜蘭市擺厘里女中路二段355號,24.7453914,121.753373,1.0,410.0,宜蘭分局,宜蘭縣宜蘭市擺厘里女中路二段355號
TME0047,宜蘭縣宜蘭市南津里凱旋路130號,24.7244611,121.763175,1.0,657.0,宜蘭分局,宜蘭縣宜蘭市南津里凱旋路130號
TME0048,宜蘭縣宜蘭市南津里中山路一段399號,24.7294747,121.7644558,1.0,3938.0,宜蘭分局,宜蘭縣宜蘭市南津里中山路一段399號
TME0049,宜蘭縣宜蘭市進士里嵐峰路一段46號,24.7429272,121.7547009,1.0,211.0,宜蘭分局,宜蘭縣宜蘭市進士里嵐峰路一段46號
TME0050,宜蘭縣宜蘭市擺厘里擺里路9-38號,24.743695,121.7513541,1.0,544.0,宜蘭分局,宜蘭縣宜蘭市擺厘里擺里路9-38號
TME0051,宜蘭縣宜蘭市進士里嵐峰路一段175號,24.742095,121.7516327,1.0,571.0,宜蘭分局,宜蘭縣宜蘭市進士里嵐峰路一段175號
TME0052,宜蘭縣宜蘭市擺厘里女中路二段383號,24.7450894,121.7523082,1.0,410.0,宜蘭分局,宜蘭縣宜蘭市擺厘里女中路二段383號
TME0053,宜蘭縣宜蘭市擺厘里嵐峰路一段320號,24.7419417,121.7476152,1.0,871.0,宜蘭分局,宜蘭縣宜蘭市擺厘里嵐峰路一段320號
TMD0002,宜蘭縣宜蘭市新東里陽明三路38號,24.7496455,121.7659524,1.0,676.0,宜蘭分局,宜蘭縣宜蘭市新東里陽明三路38號
TMD0005,宜蘭縣宜蘭市成功里延平路38-28號,24.7556085,121.7654128,1.0,158.0,宜蘭分局,宜蘭縣宜蘭市成功里延平路38-28號
TMD0006,宜蘭縣宜蘭市成功里東港路二段110巷50號,24.7513232,121.7684117,2.0,489.0,宜蘭分局,宜蘭縣宜蘭市成功里東港路二段110巷50號
TMD0007,宜蘭縣宜蘭市成功里成功路50號,24.7569303,121.7657633,1.0,1129.0,宜蘭分局,宜蘭縣宜蘭市成功里成功路50號
TMD0008,宜蘭縣宜蘭市新東里陽明三路160巷93號,24.7513385,121.7659737,1.0,776.0,宜蘭分局,宜蘭縣宜蘭市新東里陽明三路160巷93號
TMD0009,宜蘭縣宜蘭市延平里延平路56巷8號,24.7553671,121.766968,1.0,349.0,宜蘭分局,宜蘭縣宜蘭市延平里延平路56巷8號
TMD0010,宜蘭縣宜蘭市成功里延平路50號,24.7556631,121.7669525,1.0,1526.0,宜蘭分局,宜蘭縣宜蘭市成功里延平路50號
TMD0011,宜蘭縣宜蘭市延平里東港路二段420號,24.755009,121.7627545,1.0,907.0,宜蘭分局,宜蘭縣宜蘭市延平里東港路二段420號
TMD0012,宜蘭縣宜蘭市成功里延平路42巷2弄8號,24.7547725,121.7643422,1.0,1000.0,宜蘭分局,宜蘭縣宜蘭市成功里延平路42巷2弄8號
TMD0013,宜蘭縣宜蘭市成功里延平路38-32號,24.7556743,121.765655,1.0,136.0,宜蘭分局,宜蘭縣宜蘭市成功里延平路38-32號
TMD0014,宜蘭縣宜蘭市延平里延平路56巷5號,24.7554538,121.7674008,1.0,645.0,宜蘭分局,宜蘭縣宜蘭市延平里延平路56巷5號
TMD0015,宜蘭縣宜蘭市成功里延平路50號,24.7556631,121.7669525,1.0,185.0,宜蘭分局,宜蘭縣宜蘭市成功里延平路50號
TMD0016,宜蘭縣宜蘭市成功里延平路34號,24.7549068,121.7638909,1.0,724.0,宜蘭分局,宜蘭縣宜蘭市成功里延平路34號
TMD0017,宜蘭縣宜蘭市新東里校舍一路83巷,24.7507009,121.7646971,1.0,1780.0,宜蘭分局,宜蘭縣宜蘭市新東里校舍一路83巷
TMD0018,宜蘭縣宜蘭市延平里黎明三路一段57巷1號,24.7532596,121.7676137,1.0,2204.0,宜蘭分局,宜蘭縣宜蘭市延平里黎明三路一段57巷1號
TMD0020,宜蘭縣宜蘭市延平里黎明三路一段27巷2號,24.7525599,121.7677889,1.0,287.0,宜蘭分局,宜蘭縣宜蘭市延平里黎明三路一段27巷2號
TMD0021,宜蘭縣宜蘭市新東里校舍路19號,24.7515085,121.763358,1.0,420.0,宜蘭分局,宜蘭縣宜蘭市新東里校舍路19號
TMD0022,宜蘭縣宜蘭市中興里中興路330巷3號,24.756879,121.7619343,1.0,1396.0,宜蘭分局,宜蘭縣宜蘭市中興里中興路330巷3號
TMD0023,宜蘭縣宜蘭市中興里慈安路84巷,24.760417,121.7644547,1.0,694.0,宜蘭分局,宜蘭縣宜蘭市中興里慈安路84巷
TMD0024,宜蘭縣宜蘭市東村里校舍路169號,24.7491874,121.7585064,2.0,9940.0,宜蘭分局,宜蘭縣宜蘭市東村里校舍路169號
TMD0025,宜蘭縣宜蘭市新東里林森路116號,24.756768,121.760658,1.0,233.0,宜蘭分局,宜蘭縣宜蘭市新東里林森路116號
TMD0026,宜蘭縣宜蘭市東村里陽明路131巷93號,24.7461224,121.7585225,1.0,97.0,宜蘭分局,宜蘭縣宜蘭市東村里陽明路131巷93號
TMD0027,宜蘭縣宜蘭市延平里延平路50號,24.7556631,121.7669525,1.0,248.0,宜蘭分局,宜蘭縣宜蘭市延平里延平路50號
TMD0028,宜蘭縣宜蘭市新東里校舍路200號,24.7504722,121.7581958,1.0,92.0,宜蘭分局,宜蘭縣宜蘭市新東里校舍路200號
TMD0029,宜蘭縣宜蘭市新東里陽明二路82號,24.7504713,121.7635533,1.0,514.0,宜蘭分局,宜蘭縣宜蘭市新東里陽明二路82號
TMD0030,宜蘭縣宜蘭市東村里陽明二路46號,24.7497453,121.7640206,1.0,170.0,宜蘭分局,宜蘭縣宜蘭市東村里陽明二路46號
TMD0031,宜蘭縣宜蘭市東村里黎明三路211號,24.7450333,121.7682943,1.0,153.0,宜蘭分局,宜蘭縣宜蘭市東村里黎明三路211號
TMD0032,宜蘭縣宜蘭市新東里校舍路1號,24.7519701,121.7642722,1.0,501.0,宜蘭分局,宜蘭縣宜蘭市新東里校舍路1號
TMF0001,宜蘭縣員山鄉員山村員山路一段210號,24.7455355,121.726448,1.0,156.0,宜蘭分局,宜蘭縣員山鄉員山村員山路一段210號
TMF0002,宜蘭縣員山鄉員山村金山西路265號,24.74626,121.72135,1.0,600.0,宜蘭分局,宜蘭縣員山鄉員山村金山西路265號
TMF0003,宜蘭縣員山鄉員山村復興路20號,24.7451029,121.7226736,1.0,122.0,宜蘭分局,宜蘭縣員山鄉員山村復興路20號
TMF0004,宜蘭縣員山鄉員山村員山路一段143巷23號,24.7455739,121.728086,1.0,376.0,宜蘭分局,宜蘭縣員山鄉員山村員山路一段143巷23號
TMG0001,宜蘭縣員山鄉枕山村枕山路149之46號,24.7677703,121.711531,1.0,394.0,宜蘭分局,宜蘭縣員山鄉枕山村枕山路149之46號
TMG0003,宜蘭縣員山鄉永和村溫泉路8號,24.7493709,121.7134841,1.0,93.0,宜蘭分局,宜蘭縣員山鄉永和村溫泉路8號
TMI0001,宜蘭縣員山鄉內城村榮光路386號,24.7219914,121.6872493,1.0,585.0,宜蘭分局,宜蘭縣員山鄉內城村榮光路386號
TMI0002,宜蘭縣員山鄉內城村榮光路386號,24.7219914,121.6872493,1.0,576.0,宜蘭分局,宜蘭縣員山鄉內城村榮光路386號
TMI0003,宜蘭縣員山鄉內城村榮光路386號,24.7219914,121.6872493,1.0,1130.0,宜蘭分局,宜蘭縣員山鄉內城村榮光路386號
TPA0037,宜蘭縣羅東鎮公正里中正北路40號,24.6795037,121.7719658,1.0,60.0,宜蘭分局,宜蘭縣羅東鎮公正里中正北路40號
TPA0038,宜蘭縣羅東鎮公正里公正路158號,24.678912,121.769111,1.0,389.0,羅東分局,宜蘭縣羅東鎮公正里公正路158號
TPA0044,宜蘭縣羅東鎮信義里中正北路93號,24.681783,121.771168,1.0,91.0,羅東分局,宜蘭縣羅東鎮信義里中正北路93號
TPA0045,宜蘭縣羅東鎮賢文里民意街115號,24.6775561,121.7642426,1.0,180.0,羅東分局,宜蘭縣羅東鎮賢文里民意街115號
TPA0046,宜蘭縣羅東鎮集祥里興東路8-1號,24.6774097,121.7684588,2.0,507.0,羅東分局,宜蘭縣羅東鎮集祥里興東路8-1號
TPA0050,宜蘭縣羅東鎮樹林里公正路324號,24.6807286,121.761905,1.0,354.0,羅東分局,宜蘭縣羅東鎮樹林里公正路324號
TPA0055,宜蘭縣羅東鎮賢文里興東路16號,24.6781677,121.768628,1.0,94.0,羅東分局,宜蘭縣羅東鎮賢文里興東路16號
TPA0059,宜蘭縣羅東鎮公正里公正路157號,24.6785504,121.7697348,1.0,288.0,羅東分局,宜蘭縣羅東鎮公正里公正路157號
TPA0063,宜蘭縣羅東鎮公正里公正路鍾山新村1號,24.6804705,121.766518,1.0,378.0,羅東分局,宜蘭縣羅東鎮公正里公正路鍾山新村1號
TPA0065,宜蘭縣羅東鎮賢文里純精路二段226巷3號,24.6789561,121.7643495,1.0,137.0,羅東分局,宜蘭縣羅東鎮賢文里純精路二段226巷3號
TPA0069,宜蘭縣羅東鎮賢文里民權路160號,24.676616,121.7658876,1.0,139.0,羅東分局,宜蘭縣羅東鎮賢文里民權路160號
TPA0070,宜蘭縣羅東鎮公正里公正路284巷1號,24.6800621,121.7650741,1.0,198.0,羅東分局,宜蘭縣羅東鎮公正里公正路284巷1號
TPA0071,宜蘭縣羅東鎮公正里公正路238號,24.679551,121.7667146,1.0,315.0,羅東分局,宜蘭縣羅東鎮公正里公正路238號
TPA0072,宜蘭縣羅東鎮信義里純精路3段160巷16號,24.682495,121.765975,1.0,382.0,羅東分局,宜蘭縣羅東鎮信義里純精路3段160巷16號
TPA0073,宜蘭縣羅東鎮集祥里公正路103號,24.6782073,121.7709116,1.0,178.0,羅東分局,宜蘭縣羅東鎮集祥里公正路103號
TPA0074,宜蘭縣羅東鎮信義里純精路3段252巷26號,24.6836672,121.7662904,1.0,355.0,羅東分局,宜蘭縣羅東鎮信義里純精路3段252巷26號
TPA0075,宜蘭縣羅東鎮公正里天津路42號,24.679704,121.770143,2.0,971.0,羅東分局,宜蘭縣羅東鎮公正里天津路42號
TPA0076,宜蘭縣羅東鎮集祥里天津路1巷12號,24.6777668,121.7688673,1.0,82.0,羅東分局,宜蘭縣羅東鎮集祥里天津路1巷12號
TPA0079,宜蘭縣羅東鎮樹林里公正路324號,24.6807286,121.761905,1.0,970.0,羅東分局,宜蘭縣羅東鎮樹林里公正路324號
TPA0080,宜蘭縣羅東鎮賢文里興東路85號,24.6783311,121.7684031,1.0,503.0,羅東分局,宜蘭縣羅東鎮賢文里興東路85號
TPA0081,宜蘭縣羅東鎮集祥里興東路16號,24.6781677,121.768628,1.0,317.0,羅東分局,宜蘭縣羅東鎮集祥里興東路16號
TPA0082,宜蘭縣羅東鎮信義里中正北路42號,24.6795451,121.772005,1.0,491.0,羅東分局,宜蘭縣羅東鎮信義里中正北路42號
TPA0083,宜蘭縣羅東鎮公正里倉前路68號,24.681226,121.769097,1.0,928.0,羅東分局,宜蘭縣羅東鎮公正里倉前路68號
TPA0084,宜蘭縣羅東鎮公正里倉前路119號,24.6811527,121.7680597,1.0,133.0,羅東分局,宜蘭縣羅東鎮公正里倉前路119號
TPA0085,宜蘭縣羅東鎮信義里純精路3段252巷35號,24.683281,121.7664493,1.0,605.0,羅東分局,宜蘭縣羅東鎮信義里純精路3段252巷35號
TPA0086,宜蘭縣羅東鎮信義里天津路85號,24.68177,121.7704895,1.0,439.0,羅東分局,宜蘭縣羅東鎮信義里天津路85號
TPA0087,宜蘭縣羅東鎮信義里純精路3段252巷3號,24.6842316,121.7665349,1.0,656.0,羅東分局,宜蘭縣羅東鎮信義里純精路3段252巷3號
TPA0088,宜蘭縣羅東鎮信義里興東路245號,24.6830472,121.7699445,0.0,433.0,羅東分局,宜蘭縣羅東鎮信義里興東路245號
TPA0089,宜蘭縣羅東鎮信義里愛國路85號,24.685316,121.7680872,1.0,247.0,羅東分局,宜蘭縣羅東鎮信義里愛國路85號
TPA0090,宜蘭縣羅東鎮信義里興東路263號,24.6838191,121.77022,1.0,432.0,羅東分局,宜蘭縣羅東鎮信義里興東路263號
TPA0091,宜蘭縣羅東鎮賢文里民生路113號,24.6778807,121.7658807,1.0,266.0,羅東分局,宜蘭縣羅東鎮賢文里民生路113號
TPA0092,宜蘭縣羅東鎮公正里公正路196號,24.6791862,121.7680421,1.0,219.0,羅東分局,宜蘭縣羅東鎮公正里公正路196號
TPA0093,宜蘭縣羅東鎮賢文里純精路2段195號,24.6790305,121.7635975,1.0,1696.0,羅東分局,宜蘭縣羅東鎮賢文里純精路2段195號
TPA0094,宜蘭縣羅東鎮信義里興東路280號,24.6843395,121.7706377,1.0,194.0,羅東分局,宜蘭縣羅東鎮信義里興東路280號
TPA0096,宜蘭縣羅東鎮賢文里公正路289號,24.6800598,121.7635631,1.0,713.0,羅東分局,宜蘭縣羅東鎮賢文里公正路289號
TPA0097,宜蘭縣羅東鎮賢文里河濱路25號,24.6878307,121.7521603,1.0,194.0,羅東分局,宜蘭縣羅東鎮賢文里河濱路25號
TPA0099,宜蘭縣羅東鎮樹林里豐年路207號,24.682358,121.7618327,1.0,588.0,羅東分局,宜蘭縣羅東鎮樹林里豐年路207號
TPA0103,宜蘭縣羅東鎮賢文里公正路371號,24.6804358,121.7611148,1.0,448.0,羅東分局,宜蘭縣羅東鎮賢文里公正路371號
TPA0105,宜蘭縣羅東鎮信義里興東路117號,24.679657,121.768822,1.0,164.0,羅東分局,宜蘭縣羅東鎮信義里興東路117號
TPA0106,宜蘭縣羅東鎮賢文里公正路173號,24.6789721,121.7679528,2.0,122.0,羅東分局,宜蘭縣羅東鎮賢文里公正路173號
TPA0107,宜蘭縣羅東鎮信義里純精路3段162號,24.683066,121.765898,1.0,1089.0,羅東分局,宜蘭縣羅東鎮信義里純精路3段162號
TPA0108,宜蘭縣羅東鎮公正里倉前路81號,24.6807791,121.769661,2.0,291.0,羅東分局,宜蘭縣羅東鎮公正里倉前路81號
TPA0109,宜蘭縣羅東鎮信義里純精路三段107號,24.6826413,121.7647796,1.0,436.0,羅東分局,宜蘭縣羅東鎮信義里純精路三段107號
TPA0147,宜蘭縣羅東鎮國華里國華路101號,24.6765027,121.7607902,1.0,262.0,羅東分局,宜蘭縣羅東鎮國華里國華路101號
TPA0166,宜蘭縣羅東鎮國華里國華路101號,24.6765027,121.7607902,1.0,142.0,羅東分局,宜蘭縣羅東鎮國華里國華路101號
TPA0324,宜蘭縣羅東鎮賢文里中華路45號,24.6776342,121.7667344,1.0,144.0,羅東分局,宜蘭縣羅東鎮賢文里中華路45號
TPA0325,宜蘭縣羅東鎮集祥里公正路155號,24.6784933,121.7698821,3.0,754.0,羅東分局,宜蘭縣羅東鎮集祥里公正路155號
TPA0329,宜蘭縣羅東鎮樹林里樹人路36號,24.6815361,121.7633766,1.0,619.0,羅東分局,宜蘭縣羅東鎮樹林里樹人路36號
TPA0330,宜蘭縣羅東鎮信義里長春路62號,24.678057,121.7708871,1.0,614.0,羅東分局,宜蘭縣羅東鎮信義里長春路62號
TPA0342,宜蘭縣羅東鎮信義里興東路269號,24.6840205,121.770294,1.0,263.0,羅東分局,宜蘭縣羅東鎮信義里興東路269號
TPA0344,宜蘭縣羅東鎮賢文里中華路29-1號,24.6767944,121.7663931,1.0,215.0,羅東分局,宜蘭縣羅東鎮賢文里中華路29-1號
TPA0353,宜蘭縣羅東鎮公正里公正路119號,24.6783794,121.7702587,1.0,353.0,羅東分局,宜蘭縣羅東鎮公正里公正路119號
TPA0355,宜蘭縣羅東鎮信義里林場路1號,24.6838913,121.7711109,1.0,348.0,羅東分局,宜蘭縣羅東鎮信義里林場路1號
TPA0359,宜蘭縣羅東鎮公正里中華路99號,24.6824518,121.768302,1.0,1024.0,羅東分局,宜蘭縣羅東鎮公正里中華路99號
TPA0361,宜蘭縣羅東鎮國華里國華街101號,24.6773113,121.7610201,1.0,1483.0,羅東分局,宜蘭縣羅東鎮國華里國華街101號
TPA0368,宜蘭縣羅東鎮賢文里忠孝路90巷26號,24.676883,121.765946,1.0,343.0,羅東分局,宜蘭縣羅東鎮賢文里忠孝路90巷26號
TPA0370,宜蘭縣羅東鎮賢文里中華路47號,24.6789072,121.7670582,2.0,3881.0,羅東分局,宜蘭縣羅東鎮賢文里中華路47號
TPA0371,宜蘭縣羅東鎮信義里純精路3段156號,24.6827359,121.7654628,2.0,1109.0,羅東分局,宜蘭縣羅東鎮信義里純精路3段156號
TPA0372,宜蘭縣羅東鎮樹林里豐年路39巷25號,24.6813796,121.7575328,1.0,1573.0,羅東分局,宜蘭縣羅東鎮樹林里豐年路39巷25號
TPA0375,宜蘭縣羅東鎮仁愛里仁愛路三段325巷2號,24.701803,121.759362,1.0,356.0,羅東分局,宜蘭縣羅東鎮仁愛里仁愛路三段325巷2號
TPA0376,宜蘭縣羅東鎮信義里中華路99號,24.6824518,121.768302,1.0,148.0,羅東分局,宜蘭縣羅東鎮信義里中華路99號
TPA0377,宜蘭縣羅東鎮集祥里民生路82號,24.677277,121.769036,1.0,494.0,羅東分局,宜蘭縣羅東鎮集祥里民生路82號
TPA0380,宜蘭縣羅東鎮公正里倉前路77號,24.6806577,121.7700407,1.0,323.0,羅東分局,宜蘭縣羅東鎮公正里倉前路77號
TPA0384,宜蘭縣羅東鎮賢文里忠孝路88號,24.677271,121.765325,1.0,154.0,羅東分局,宜蘭縣羅東鎮賢文里忠孝路88號
TPA0386,宜蘭縣羅東鎮公正里倉前路77號,24.6804963,121.7701157,1.0,610.0,羅東分局,宜蘭縣羅東鎮公正里倉前路77號
TPA0389,宜蘭縣羅東鎮信義里天津路61號,24.6812054,121.7703171,1.0,339.0,羅東分局,宜蘭縣羅東鎮信義里天津路61號
TPA0390,宜蘭縣羅東鎮公正里中華路57-2號,24.6797695,121.7674251,1.0,284.0,羅東分局,宜蘭縣羅東鎮公正里中華路57-2號
TPA0395,宜蘭縣羅東鎮公正里倉前路99號,24.681085,121.768568,1.0,177.0,羅東分局,宜蘭縣羅東鎮公正里倉前路99號
TPA0396,宜蘭縣羅東鎮公正里林森路68號,24.6794961,121.7702958,1.0,615.0,羅東分局,宜蘭縣羅東鎮公正里林森路68號
TPA0413,宜蘭縣羅東鎮集祥里天津路13號,24.6781824,121.7693736,1.0,318.0,羅東分局,宜蘭縣羅東鎮集祥里天津路13號
TPA0416,宜蘭縣羅東鎮信義里復興路一段16號,24.6822531,121.7709044,1.0,304.0,羅東分局,宜蘭縣羅東鎮信義里復興路一段16號
TPA0110,宜蘭縣羅東鎮漢民里中山西街224號,24.6731317,121.7644214,1.0,866.0,羅東分局,宜蘭縣羅東鎮漢民里中山西街224號
TPA0115,宜蘭縣羅東鎮南豪里興東南路100號,24.6707283,121.7687197,1.0,855.0,羅東分局,宜蘭縣羅東鎮南豪里興東南路100號
TPA0117,宜蘭縣羅東鎮北成里中山路四段360號,24.6728353,121.7571262,1.0,262.0,羅東分局,宜蘭縣羅東鎮北成里中山路四段360號
TPA0125,宜蘭縣羅東鎮漢民里北成路1段11號,24.6749815,121.7626812,1.0,324.0,羅東分局,宜蘭縣羅東鎮漢民里北成路1段11號
TPA0144,宜蘭縣羅東鎮國華里北成路1段125號 ,24.675601,121.7585969,1.0,351.0,羅東分局,宜蘭縣羅東鎮國華里北成路1段125號 
TPA0153,宜蘭縣羅東鎮漢民里中山西路3號,24.675037,121.763793,1.0,125.0,羅東分局,宜蘭縣羅東鎮漢民里中山西路3號
TPA0154,宜蘭縣羅東鎮國華里培英路147號,24.679446,121.7574023,1.0,105.0,羅東分局,宜蘭縣羅東鎮國華里培英路147號
TPA0157,宜蘭縣羅東鎮仁和里光華街75號,24.6787959,121.757976,1.0,361.0,羅東分局,宜蘭縣羅東鎮仁和里光華街75號
TPA0158,宜蘭縣羅東鎮西安里純精路1段109號,24.6707387,121.7640334,1.0,622.0,羅東分局,宜蘭縣羅東鎮西安里純精路1段109號
TPA0159,宜蘭縣羅東鎮西安里北成路1段125號,24.674501,121.762298,1.0,323.0,羅東分局,宜蘭縣羅東鎮西安里北成路1段125號
TPA0162,宜蘭縣羅東鎮成功里興東南路188-2號,24.6731255,121.7672414,1.0,228.0,羅東分局,宜蘭縣羅東鎮成功里興東南路188-2號
TPA0169,宜蘭縣羅東鎮漢民里忠孝路53號,24.676474,121.764851,1.0,159.0,羅東分局,宜蘭縣羅東鎮漢民里忠孝路53號
TPA0170,宜蘭縣羅東鎮西安里維揚路245巷17號,24.6717602,121.7564118,1.0,396.0,羅東分局,宜蘭縣羅東鎮西安里維揚路245巷17號
TPA0171,宜蘭縣羅東鎮仁和里中正街5號,24.673043,121.769803,1.0,129.0,羅東分局,宜蘭縣羅東鎮仁和里中正街5號
TPA0172,宜蘭縣羅東鎮國華里四育路10號,24.6759738,121.7596578,1.0,486.0,羅東分局,宜蘭縣羅東鎮國華里四育路10號
TPA0173,宜蘭縣羅東鎮成功里興東南路245號,24.6726715,121.7670889,1.0,270.0,羅東分局,宜蘭縣羅東鎮成功里興東南路245號
TPA0174,宜蘭縣羅東鎮成功里南門路121號,24.67282,121.7653774,1.0,352.0,羅東分局,宜蘭縣羅東鎮成功里南門路121號
TPA0175,宜蘭縣羅東鎮國華里光華街18號,24.6780161,121.7589979,1.0,680.0,羅東分局,宜蘭縣羅東鎮國華里光華街18號
TPA0176,宜蘭縣羅東鎮北成里光華街38號,24.6787257,121.7582945,1.0,447.0,羅東分局,宜蘭縣羅東鎮北成里光華街38號
TPA0177,宜蘭縣羅東鎮北成里培英路152號,24.6792078,121.758126,1.0,229.0,羅東分局,宜蘭縣羅東鎮北成里培英路152號
TPA0178,宜蘭縣羅東鎮漢民里北成路1段16號,24.675171,121.7622667,1.0,1683.0,羅東分局,宜蘭縣羅東鎮漢民里北成路1段16號
TPA0179,宜蘭縣羅東鎮維揚里成功街156號,24.6710461,121.7628127,1.0,254.0,羅東分局,宜蘭縣羅東鎮維揚里成功街156號
TPA0180,宜蘭縣羅東鎮仁和里康樂巷14號,24.6732482,121.7692572,1.0,204.0,羅東分局,宜蘭縣羅東鎮仁和里康樂巷14號
TPA0183,宜蘭縣羅東鎮北成里中山路4段360號,24.6726722,121.756686,1.0,509.0,羅東分局,宜蘭縣羅東鎮北成里中山路4段360號
TPA0184,宜蘭縣羅東鎮成功里南門路37號,24.6727743,121.769197,1.0,391.0,羅東分局,宜蘭縣羅東鎮成功里南門路37號
TPA0185,宜蘭縣羅東鎮成功里中山路4段143號,24.6734783,121.7603385,1.0,449.0,羅東分局,宜蘭縣羅東鎮成功里中山路4段143號
TPA0186,宜蘭縣羅東鎮成功里中山路3段492號,24.6746075,121.7645035,1.0,233.0,羅東分局,宜蘭縣羅東鎮成功里中山路3段492號
TPA0187,宜蘭縣羅東鎮成功里南門路105號,24.6728451,121.7659631,1.0,257.0,羅東分局,宜蘭縣羅東鎮成功里南門路105號
TPA0188,宜蘭縣羅東鎮國華里公正路575號,24.6787401,121.7557499,1.0,781.0,羅東分局,宜蘭縣羅東鎮國華里公正路575號
TPA0189,宜蘭縣羅東鎮北成里四維路157號,24.686482,121.7521782,1.0,2673.0,羅東分局,宜蘭縣羅東鎮北成里四維路157號
TPA0192,宜蘭縣羅東鎮國華里培英路132號,24.6788748,121.7587293,1.0,226.0,羅東分局,宜蘭縣羅東鎮國華里培英路132號
TPA0194,宜蘭縣羅東鎮北成里四育路83號,24.6783132,121.7601416,1.0,275.0,羅東分局,宜蘭縣羅東鎮北成里四育路83號
TPA0195,宜蘭縣羅東鎮國華里公正路517號,24.6796718,121.7571013,1.0,1114.0,羅東分局,宜蘭縣羅東鎮國華里公正路517號
TPA0196,宜蘭縣羅東鎮國華里公正路561號,24.6787987,121.7556546,1.0,1244.0,羅東分局,宜蘭縣羅東鎮國華里公正路561號
TPA0197,宜蘭縣羅東鎮漢民里純精路2段1號,24.6743846,121.7634365,2.0,452.0,羅東分局,宜蘭縣羅東鎮漢民里純精路2段1號
TPA0198,宜蘭縣羅東鎮漢民里北成路1段59號 ,24.675234,121.761087,1.0,326.0,羅東分局,宜蘭縣羅東鎮漢民里北成路1段59號 
TPA0200,宜蘭縣羅東鎮成功里興東南路201號,24.671937,121.7675335,1.0,151.0,羅東分局,宜蘭縣羅東鎮成功里興東南路201號
TPA0201,宜蘭縣羅東鎮漢民里北成路1段17號 ,24.6748848,121.763302,1.0,870.0,羅東分局,宜蘭縣羅東鎮漢民里北成路1段17號 
TPA0340,宜蘭縣羅東鎮北成里四育路79號,24.6781829,121.76012,1.0,1026.0,羅東分局,宜蘭縣羅東鎮北成里四育路79號
TPA0341,宜蘭縣羅東鎮仁德里興東南路232號,24.6743718,121.7674204,1.0,1027.0,羅東分局,宜蘭縣羅東鎮仁德里興東南路232號
TPA0349,宜蘭縣羅東鎮仁和里民族路75號,24.674149,121.7683454,1.0,229.0,羅東分局,宜蘭縣羅東鎮仁和里民族路75號
TPA0352,宜蘭縣羅東鎮成功里南門路49號,24.672605,121.768542,2.0,2637.0,羅東分局,宜蘭縣羅東鎮成功里南門路49號
TPA0358,宜蘭縣羅東鎮維揚里維揚路55巷16號,24.671522,121.76182,1.0,1133.0,羅東分局,宜蘭縣羅東鎮維揚里維揚路55巷16號
TPA0366,宜蘭縣羅東鎮漢民里南門路71號,24.6727661,121.7676967,1.0,526.0,羅東分局,宜蘭縣羅東鎮漢民里南門路71號
TPA0369,宜蘭縣羅東鎮漢民里純精路2段111號,24.6771084,121.7633213,2.0,1541.0,羅東分局,宜蘭縣羅東鎮漢民里純精路2段111號
TPA0374,宜蘭縣羅東鎮成功里興東南路201號,24.671937,121.7675335,1.0,170.0,羅東分局,宜蘭縣羅東鎮成功里興東南路201號
TPA0382,宜蘭縣羅東鎮西安里南盟路69巷60號,24.667793,121.76387,1.0,2263.0,羅東分局,宜蘭縣羅東鎮西安里南盟路69巷60號
TPA0392,宜蘭縣羅東鎮成功里興東南路201號,24.671937,121.7675335,1.0,955.0,羅東分局,宜蘭縣羅東鎮成功里興東南路201號
TPA0393,宜蘭縣羅東鎮成功里興東南路201號,24.671937,121.7675335,1.0,182.0,羅東分局,宜蘭縣羅東鎮成功里興東南路201號
TPA0397,宜蘭縣羅東鎮北成里北成路一段125號,24.675601,121.7585969,1.0,2557.0,羅東分局,宜蘭縣羅東鎮北成里北成路一段125號
TPA0116,宜蘭縣羅東鎮中山里興東路6號,24.6758447,121.7678739,2.0,880.0,羅東分局,宜蘭縣羅東鎮中山里興東路6號
TPA0126,宜蘭縣羅東鎮中山里中山路三段348號,24.6751508,121.7669927,1.0,247.0,羅東分局,宜蘭縣羅東鎮中山里中山路三段348號
TPA0145,宜蘭縣羅東鎮中山里中山路三段350號,24.6751403,121.7669702,1.0,248.0,羅東分局,宜蘭縣羅東鎮中山里中山路三段350號
TPA0152,宜蘭縣羅東鎮中山里民權路163號,24.6762303,121.7666504,1.0,325.0,羅東分局,宜蘭縣羅東鎮中山里民權路163號
TPA0190,宜蘭縣羅東鎮中山里中山路三段306號,24.6753681,121.7680218,1.0,274.0,羅東分局,宜蘭縣羅東鎮中山里中山路三段306號
TPA0202,宜蘭縣羅東鎮開明里清潭路74號,24.6740258,121.7724189,1.0,119.0,羅東分局,宜蘭縣羅東鎮開明里清潭路74號
TPA0205,宜蘭縣羅東鎮開明里公正路37號,24.677861,121.7732882,1.0,99.0,羅東分局,宜蘭縣羅東鎮開明里公正路37號
TPA0207,宜蘭縣羅東鎮開明里中山路三段59號,24.6744829,121.7726516,1.0,24.0,羅東分局,宜蘭縣羅東鎮開明里中山路三段59號
TPA0210,宜蘭縣羅東鎮開明里中正路186號,24.6772096,121.7719346,1.0,541.0,羅東分局,宜蘭縣羅東鎮開明里中正路186號
TPA0215,宜蘭縣羅東鎮中山里振泰街34號,24.6761401,121.7699621,1.0,117.0,羅東分局,宜蘭縣羅東鎮中山里振泰街34號
TPA0218,宜蘭縣羅東鎮開明里開羅街開羅巷2號 ,24.6740452,121.7739245,1.0,101.0,羅東分局,宜蘭縣羅東鎮開明里開羅街開羅巷2號 
TPA0221,宜蘭縣羅東鎮開明里清潭路148巷13號,24.6728901,121.770768,1.0,86.0,羅東分局,宜蘭縣羅東鎮開明里清潭路148巷13號
TPA0225,宜蘭縣羅東鎮開明里中正路72號,24.6743256,121.770895,1.0,80.0,羅東分局,宜蘭縣羅東鎮開明里中正路72號
TPA0226,宜蘭縣羅東鎮南昌里南昌街79號,24.6710821,121.7735489,2.0,2137.0,羅東分局,宜蘭縣羅東鎮南昌里南昌街79號
TPA0228,宜蘭縣羅東鎮開明里民族路5號,24.6733122,121.7714892,1.0,87.0,羅東分局,宜蘭縣羅東鎮開明里民族路5號
TPA0229,宜蘭縣羅東鎮大新里和平路134號,24.6770145,121.7725489,1.0,222.0,羅東分局,宜蘭縣羅東鎮大新里和平路134號
TPA0231,宜蘭縣羅東鎮南昌里中正南路102號,24.670064,121.771588,1.0,168.0,羅東分局,宜蘭縣羅東鎮南昌里中正南路102號
TPA0232,宜蘭縣羅東鎮南昌里南昌街81號,24.6720393,121.7709577,2.0,2001.0,羅東分局,宜蘭縣羅東鎮南昌里南昌街81號
TPA0234,宜蘭縣羅東鎮南昌里南昌街53巷1號,24.6717825,121.7741325,1.0,446.0,羅東分局,宜蘭縣羅東鎮南昌里南昌街53巷1號
TPA0236,宜蘭縣羅東鎮大新里站前路46巷8號,24.6765069,121.773254,1.0,1017.0,羅東分局,宜蘭縣羅東鎮大新里站前路46巷8號
TPA0237,宜蘭縣羅東鎮南昌里站前南路183巷3號 ,24.6719981,121.77421,1.0,77.0,羅東分局,宜蘭縣羅東鎮南昌里站前南路183巷3號 
TPA0244,宜蘭縣羅東鎮南昌里南昌街61-26號,24.6705872,121.7735409,1.0,255.0,羅東分局,宜蘭縣羅東鎮南昌里南昌街61-26號
TPA0245,宜蘭縣羅東鎮羅莊里站東路86-6號,24.670511,121.775829,1.0,461.0,羅東分局,宜蘭縣羅東鎮羅莊里站東路86-6號
TPA0246,宜蘭縣羅東鎮大新里公正路27號,24.6778704,121.7738193,2.0,380.0,羅東分局,宜蘭縣羅東鎮大新里公正路27號
TPA0253,宜蘭縣羅東鎮南昌里南昌街33-6號,24.672609,121.774046,1.0,289.0,羅東分局,宜蘭縣羅東鎮南昌里南昌街33-6號
TPA0254,宜蘭縣羅東鎮南昌里康莊路79號,24.671709,121.7768815,1.0,660.0,羅東分局,宜蘭縣羅東鎮南昌里康莊路79號
TPA0255,宜蘭縣羅東鎮羅莊里天祥路17號,24.6691482,121.7764076,1.0,604.0,羅東分局,宜蘭縣羅東鎮羅莊里天祥路17號
TPA0256,宜蘭縣羅東鎮東安里陽明路12號,24.6753949,121.7763285,1.0,469.0,羅東分局,宜蘭縣羅東鎮東安里陽明路12號
TPA0257,宜蘭縣羅東鎮大新里公正路65號,24.6779083,121.7724081,1.0,85.0,羅東分局,宜蘭縣羅東鎮大新里公正路65號
TPA0258,宜蘭縣羅東鎮東安里站東路292號,24.6788285,121.7752114,1.0,378.0,羅東分局,宜蘭縣羅東鎮東安里站東路292號
TPA0259,宜蘭縣羅東鎮大新里安平路41號,24.6767286,121.7731464,1.0,1082.0,羅東分局,宜蘭縣羅東鎮大新里安平路41號
TPA0260,宜蘭縣羅東鎮南昌里南昌街5號,24.6723866,121.7741794,1.0,327.0,羅東分局,宜蘭縣羅東鎮南昌里南昌街5號
TPA0261,宜蘭縣羅東鎮南昌里民族路83號,24.674249,121.7680965,2.0,292.0,羅東分局,宜蘭縣羅東鎮南昌里民族路83號
TPA0262,宜蘭縣羅東鎮東安里安康路76號,24.6803331,121.775673,1.0,757.0,羅東分局,宜蘭縣羅東鎮東安里安康路76號
TPA0263,宜蘭縣羅東鎮南昌里站前南路238號,24.6723075,121.774604,1.0,249.0,羅東分局,宜蘭縣羅東鎮南昌里站前南路238號
TPA0264,宜蘭縣羅東鎮東安里禮運路1號,24.6808256,121.7767455,1.0,1529.0,羅東分局,宜蘭縣羅東鎮東安里禮運路1號
TPA0265,宜蘭縣羅東鎮羅莊里天祥路95號,24.670999,121.7760925,1.0,908.0,羅東分局,宜蘭縣羅東鎮羅莊里天祥路95號
TPA0267,宜蘭縣羅東鎮羅莊里天祥路10號,24.6689225,121.7766184,1.0,601.0,羅東分局,宜蘭縣羅東鎮羅莊里天祥路10號
TPA0268,宜蘭縣羅東鎮開明里開羅街17號,24.673682,121.773417,1.0,580.0,羅東分局,宜蘭縣羅東鎮開明里開羅街17號
TPA0270,宜蘭縣羅東鎮東安里陽明路13號,24.6754802,121.776179,1.0,194.0,羅東分局,宜蘭縣羅東鎮東安里陽明路13號
TPA0271,宜蘭縣羅東鎮大新里和平路75-1號,24.6762499,121.7720905,1.0,258.0,羅東分局,宜蘭縣羅東鎮大新里和平路75-1號
TPA0272,宜蘭縣羅東鎮新群里中山路一段137號,24.671865,121.7965838,1.0,1328.0,羅東分局,宜蘭縣羅東鎮新群里中山路一段137號
TPA0273,宜蘭縣羅東鎮南昌里站前南路87號,24.669386,121.774779,1.0,716.0,羅東分局,宜蘭縣羅東鎮南昌里站前南路87號
TPA0275,宜蘭縣羅東鎮羅莊里康莊路100號,24.6715191,121.777044,1.0,454.0,羅東分局,宜蘭縣羅東鎮羅莊里康莊路100號
TPA0276,宜蘭縣羅東鎮東安里光榮路185號,24.6739851,121.77742,1.0,292.0,羅東分局,宜蘭縣羅東鎮東安里光榮路185號
TPA0277,宜蘭縣羅東鎮羅莊里天祥路42巷1號 ,24.669796,121.776631,1.0,1229.0,羅東分局,宜蘭縣羅東鎮羅莊里天祥路42巷1號 
TPA0278,宜蘭縣羅東鎮羅莊里光榮路27號,24.668881,121.777337,1.0,205.0,羅東分局,宜蘭縣羅東鎮羅莊里光榮路27號
TPA0279,宜蘭縣羅東鎮東安里光榮路269號,24.6765329,121.7773285,1.0,1371.0,羅東分局,宜蘭縣羅東鎮東安里光榮路269號
TPA0280,宜蘭縣羅東鎮羅莊里光榮路45號,24.66926,121.7774929,1.0,399.0,羅東分局,宜蘭縣羅東鎮羅莊里光榮路45號
TPA0323,宜蘭縣羅東鎮大新里中正北路30號,24.6793771,121.7719571,1.0,739.0,羅東分局,宜蘭縣羅東鎮大新里中正北路30號
TPA0345,宜蘭縣羅東鎮東安里光榮路491號,24.6811432,121.7776011,2.0,1120.0,羅東分局,宜蘭縣羅東鎮東安里光榮路491號
TPA0357,宜蘭縣羅東鎮東安里光榮路405巷2號 ,24.6801551,121.7773596,1.0,549.0,羅東分局,宜蘭縣羅東鎮東安里光榮路405巷2號 
TPA0360,宜蘭縣羅東鎮開明里民族路1號,24.6732595,121.7729122,1.0,3334.0,羅東分局,宜蘭縣羅東鎮開明里民族路1號
TPA0362,宜蘭縣羅東鎮南昌里中正南路160號,24.6718382,121.7715737,2.0,1344.0,羅東分局,宜蘭縣羅東鎮南昌里中正南路160號
TPA0367,宜蘭縣羅東鎮羅莊里站東路190號,24.6735188,121.7750845,4.0,4647.0,羅東分局,宜蘭縣羅東鎮羅莊里站東路190號
TPA0373,宜蘭縣羅東鎮南昌里博愛路22號,24.6699901,121.7735524,1.0,2045.0,羅東分局,宜蘭縣羅東鎮南昌里博愛路22號
TPA0381,宜蘭縣羅東鎮羅莊里羅莊街130巷1號,24.6679396,121.7840842,1.0,745.0,羅東分局,宜蘭縣羅東鎮羅莊里羅莊街130巷1號
TPA0383,宜蘭縣羅東鎮東安里陽明路88號,24.6780619,121.7765891,1.0,252.0,羅東分局,宜蘭縣羅東鎮東安里陽明路88號
TPA0385,宜蘭縣羅東鎮南豪里和平路100號,24.6761478,121.7724419,1.0,431.0,羅東分局,宜蘭縣羅東鎮南豪里和平路100號
TPA0387,宜蘭縣羅東鎮大新里安平路31號,24.677069,121.7732534,1.0,393.0,羅東分局,宜蘭縣羅東鎮大新里安平路31號
TPA0391,宜蘭縣羅東鎮東安里陽明路13號,24.6754802,121.776179,1.0,130.0,羅東分局,宜蘭縣羅東鎮東安里陽明路13號
TPA0394,宜蘭縣羅東鎮大新里安平路26號,24.6771062,121.7731009,1.0,257.0,羅東分局,宜蘭縣羅東鎮大新里安平路26號
TPA0398,宜蘭縣羅東鎮羅莊里民族路1號,24.6732595,121.7729122,1.0,1060.0,羅東分局,宜蘭縣羅東鎮羅莊里民族路1號
TPA0399,宜蘭縣羅東鎮大新里安平路16號,24.6773287,121.7731343,2.0,737.0,羅東分局,宜蘭縣羅東鎮大新里安平路16號
TPA0414,宜蘭縣羅東鎮東安里東宜一路33號,24.6762475,121.7793794,2.0,900.0,羅東分局,宜蘭縣羅東鎮東安里東宜一路33號
TPA0415,宜蘭縣羅東鎮東安里禮運路58號,24.6806374,121.7753896,2.0,1435.0,羅東分局,宜蘭縣羅東鎮東安里禮運路58號
TPA0022,宜蘭縣五結鄉大吉村五結中路3段38號,24.703411,121.7825,0.0,110.0,羅東分局,宜蘭縣五結鄉大吉村五結中路3段38號
TPA0025,宜蘭縣五結鄉福興村陽明北路2號,24.6809183,121.776431,1.0,844.0,羅東分局,宜蘭縣五結鄉福興村陽明北路2號
TPA0029,宜蘭縣五結鄉福興村五結路3段751號,24.6818339,121.7761998,1.0,172.0,羅東分局,宜蘭縣五結鄉福興村五結路3段751號
TPA0031,宜蘭縣五結鄉福興村協福路62號,24.674692,121.8093311,1.0,848.0,羅東分局,宜蘭縣五結鄉福興村協福路62號
TPA0032,宜蘭縣五結鄉協和村公園三路35號,24.6780448,121.8112436,1.0,605.0,羅東分局,宜蘭縣五結鄉協和村公園三路35號
TPA0033,宜蘭縣五結鄉協和村親河路2段132號,24.6735069,121.8089367,1.0,589.0,羅東分局,宜蘭縣五結鄉協和村親河路2段132號
TPA0351,宜蘭縣五結鄉五結村國民中路20號,24.6939819,121.7939474,1.0,2793.0,羅東分局,宜蘭縣五結鄉五結村國民中路20號
TPA0364,宜蘭縣五結鄉協和村親河路58巷78號,24.6729574,121.8111852,1.0,1141.0,羅東分局,宜蘭縣五結鄉協和村親河路58巷78號
TPA0406,宜蘭縣五結鄉孝威村孝威南路19號,24.6806639,121.8106034,1.0,1825.0,羅東分局,宜蘭縣五結鄉孝威村孝威南路19號
TPA0408,宜蘭縣五結鄉五結村五結中路2段7號,24.6851467,121.7976477,1.0,691.0,羅東分局,宜蘭縣五結鄉五結村五結中路2段7號
TPA0004,宜蘭縣五結鄉三興村五結中路3段507號,24.7032641,121.7780121,1.0,133.0,羅東分局,宜蘭縣五結鄉三興村五結中路3段507號
TPA0005,宜蘭縣五結鄉中興村中里路18號,24.6938034,121.77573,1.0,107.0,羅東分局,宜蘭縣五結鄉中興村中里路18號
TPA0009,宜蘭縣五結鄉上四村中正東路50號,24.698913,121.7708718,1.0,258.0,羅東分局,宜蘭縣五結鄉上四村中正東路50號
TPA0011,宜蘭縣五結鄉鎮安村二結路339號,24.7088235,121.7710303,1.0,516.0,羅東分局,宜蘭縣五結鄉鎮安村二結路339號
TPA0013,宜蘭縣五結鄉上四村中正西路41巷9號,24.7002989,121.7684953,1.0,1687.0,羅東分局,宜蘭縣五結鄉上四村中正西路41巷9號
TPA0014,宜蘭縣五結鄉二結村中正路3段21號,24.7082,121.770961,1.0,527.0,羅東分局,宜蘭縣五結鄉二結村中正路3段21號
TPA0015,宜蘭縣五結鄉中興村台興路117號,24.698878,121.767828,1.0,1777.0,羅東分局,宜蘭縣五結鄉中興村台興路117號
TPA0016,宜蘭縣五結鄉中興村台興路99號,24.698283,121.767965,1.0,2172.0,羅東分局,宜蘭縣五結鄉中興村台興路99號
TPA0017,宜蘭縣五結鄉中興村中興路3段8號,24.692955,121.7743288,0.0,5133.0,羅東分局,宜蘭縣五結鄉中興村中興路3段8號
TPA0346,宜蘭縣五結鄉鎮安村西河一路7號,24.7029072,121.7677193,1.0,749.0,羅東分局,宜蘭縣五結鄉鎮安村西河一路7號
TPA0363,宜蘭縣五結鄉四結村中正路一段172號,24.6908693,121.7703195,2.0,2506.0,羅東分局,宜蘭縣五結鄉四結村中正路一段172號
TPA0405,宜蘭縣五結鄉二結村中正路三段186號,24.7073328,121.7718421,1.0,325.0,羅東分局,宜蘭縣五結鄉二結村中正路三段186號
TPA0412,宜蘭縣五結鄉上四村中正路二段9號,24.6943129,121.7693394,1.0,376.0,羅東分局,宜蘭縣五結鄉上四村中正路二段9號
TPA0001,宜蘭縣五結鄉利澤村利澤西路3-26號,24.664925,121.819889,1.0,1494.0,羅東分局,宜蘭縣五結鄉利澤村利澤西路3-26號
TPA0023,宜蘭縣五結鄉利澤村親河路一段50號,24.6686669,121.8233666,1.0,956.0,羅東分局,宜蘭縣五結鄉利澤村親河路一段50號
TPA0327,宜蘭縣五結鄉成興村五濱路1段136巷22號,24.663157,121.8290849,1.0,889.0,羅東分局,宜蘭縣五結鄉成興村五濱路1段136巷22號
TPA0332,宜蘭縣五結鄉季新村清水一巷1弄13號 ,24.6824447,121.8335911,1.0,3063.0,羅東分局,宜蘭縣五結鄉季新村清水一巷1弄13號 
TPA0333,宜蘭縣五結鄉季新村清水一巷7號 ,24.6824235,121.8333078,1.0,1710.0,羅東分局,宜蘭縣五結鄉季新村清水一巷7號 
TPA0334,宜蘭縣五結鄉季新村清水一巷2弄72號 ,24.6827153,121.8335135,1.0,429.0,羅東分局,宜蘭縣五結鄉季新村清水一巷2弄72號 
TPA0335,宜蘭縣五結鄉季新村清水一巷1弄8號 ,24.6824447,121.8335911,1.0,3715.0,羅東分局,宜蘭縣五結鄉季新村清水一巷1弄8號 
TPA0336,宜蘭縣五結鄉季新村清水一巷1弄1號 ,24.6824447,121.8335911,1.0,465.0,羅東分局,宜蘭縣五結鄉季新村清水一巷1弄1號 
TPA0337,宜蘭縣五結鄉季新村清水一巷2弄16號 ,24.6827153,121.8335135,1.0,1325.0,羅東分局,宜蘭縣五結鄉季新村清水一巷2弄16號 
TPA0338,宜蘭縣五結鄉季新村清水一巷10號 ,24.6826929,121.8332806,1.0,1713.0,羅東分局,宜蘭縣五結鄉季新村清水一巷10號 
TPA0339,宜蘭縣五結鄉成興村五濱路一段136巷21號,24.6679441,121.829157,1.0,889.0,羅東分局,宜蘭縣五結鄉成興村五濱路一段136巷21號
TPA0365,宜蘭縣五結鄉成興村利工二路75號,24.6555112,121.8363546,1.0,453.0,羅東分局,宜蘭縣五結鄉成興村利工二路75號
TPA0404,宜蘭縣五結鄉利澤村利成路二段388號,24.6659559,121.8230702,1.0,218.0,羅東分局,宜蘭縣五結鄉利澤村利成路二段388號
TPA0407,宜蘭縣五結鄉成興村利寶路99號,24.6658633,121.828673,1.0,671.0,羅東分局,宜蘭縣五結鄉成興村利寶路99號
TPA0410,宜蘭縣五結鄉成興村利功二路87號 ,24.6578924,121.8355016,1.0,148.0,羅東分局,宜蘭縣五結鄉成興村利功二路87號 
TPA0314,宜蘭縣冬山鄉順安村永興路一段231號,24.6553566,121.7698176,1.0,322.0,羅東分局,宜蘭縣冬山鄉順安村永興路一段231號
TPA0315,宜蘭縣冬山鄉群英村冬山路五段359號,24.6680818,121.7675265,1.0,277.0,羅東分局,宜蘭縣冬山鄉群英村冬山路五段359號
TPA0316,宜蘭縣冬山鄉群英村冬山路五段353號,24.6679753,121.7677987,1.0,167.0,羅東分局,宜蘭縣冬山鄉群英村冬山路五段353號
TPA0319,宜蘭縣冬山鄉廣興村廣興路117號,24.6702943,121.7509864,1.0,110.0,羅東分局,宜蘭縣冬山鄉廣興村廣興路117號
TPA0321,宜蘭縣冬山鄉廣興村廣興路680巷190號,24.6637794,121.7313212,1.0,156.0,羅東分局,宜蘭縣冬山鄉廣興村廣興路680巷190號
TPA0322,宜蘭縣冬山鄉廣興村廣興路51-4號,24.6709931,121.7527585,1.0,161.0,羅東分局,宜蘭縣冬山鄉廣興村廣興路51-4號
TPA0348,宜蘭縣冬山鄉廣興村廣安路97巷1弄2號,24.6714857,121.7479927,1.0,331.0,羅東分局,宜蘭縣冬山鄉廣興村廣安路97巷1弄2號
TPA0401,宜蘭縣冬山鄉柯林村光華一路318巷6號,24.681557,121.730163,1.0,407.0,羅東分局,宜蘭縣冬山鄉柯林村光華一路318巷6號
TPA0402,宜蘭縣冬山鄉廣興村冬山鄉廣興路117號,24.6702943,121.7509864,1.0,1151.0,羅東分局,宜蘭縣冬山鄉廣興村冬山鄉廣興路117號
TPA0281,宜蘭縣冬山鄉南興村冬山路186號,24.6349399,121.7898687,1.0,381.0,羅東分局,宜蘭縣冬山鄉南興村冬山路186號
TPA0284,宜蘭縣冬山鄉大興村自強路16號,24.6325671,121.819051,1.0,100.0,羅東分局,宜蘭縣冬山鄉大興村自強路16號
TPA0286,宜蘭縣冬山鄉大興村龍祥八路2號,24.634042,121.8169429,1.0,582.0,羅東分局,宜蘭縣冬山鄉大興村龍祥八路2號
TPA0289,宜蘭縣冬山鄉大興村龍祥十路2號,24.6262357,121.8133492,1.0,566.0,羅東分局,宜蘭縣冬山鄉大興村龍祥十路2號
TPA0292,宜蘭縣冬山鄉大興村龍祥十路2號,24.6262357,121.8133492,1.0,558.0,羅東分局,宜蘭縣冬山鄉大興村龍祥十路2號
TPA0294,宜蘭縣冬山鄉香和村香中路1號,24.6311951,121.797754,0.0,970.0,羅東分局,宜蘭縣冬山鄉香和村香中路1號
TPA0300,宜蘭縣冬山鄉大興村龍祥十路2號,24.6262357,121.8133492,1.0,761.0,羅東分局,宜蘭縣冬山鄉大興村龍祥十路2號
TPA0302,宜蘭縣冬山鄉大興村自強路41號,24.632302,121.8190225,1.0,158.0,羅東分局,宜蘭縣冬山鄉大興村自強路41號
TPA0304,宜蘭縣冬山鄉大興村自強路31號,24.6323823,121.8219256,1.0,131.0,羅東分局,宜蘭縣冬山鄉大興村自強路31號
TPA0306,宜蘭縣冬山鄉東城村東福路201號,24.6217571,121.8084077,1.0,125.0,羅東分局,宜蘭縣冬山鄉東城村東福路201號
TPA0308,宜蘭縣冬山鄉南興村照安路26號,24.6318151,121.7912871,1.0,252.0,羅東分局,宜蘭縣冬山鄉南興村照安路26號
TPA0311,宜蘭縣冬山鄉珍珠村幸福二路188號,24.654666,121.785352,1.0,1354.0,羅東分局,宜蘭縣冬山鄉珍珠村幸福二路188號
TPA0331,宜蘭縣冬山鄉南興村冬山路一段879號,24.6321683,121.7940223,2.0,692.0,羅東分局,宜蘭縣冬山鄉南興村冬山路一段879號
TPA0356,宜蘭縣冬山鄉大興村龍祥十路2號,24.6262357,121.8133492,1.0,242.0,羅東分局,宜蘭縣冬山鄉大興村龍祥十路2號
TMH0001,宜蘭縣員山鄉逸仙村12鄰大安路121號,24.7416778,121.6977043,1.0,94.0,羅東分局,宜蘭縣員山鄉逸仙村12鄰大安路121號
TOA0076,宜蘭縣壯圍鄉大福村壯濱路6段235巷11號,24.8016921,121.8168567,2.0,727.0,宜蘭分局,宜蘭縣壯圍鄉大福村壯濱路6段235巷11號
TOA0077,宜蘭縣壯圍鄉大福村壯濱路六段278號,24.8026961,121.817,1.0,424.0,礁溪分局,宜蘭縣壯圍鄉大福村壯濱路六段278號
TQA0087,宜蘭縣南澳鄉澳花村和平路38-1號,24.3326999,121.7450235,1.0,248.0,礁溪分局,宜蘭縣南澳鄉澳花村和平路38-1號
TOA0117,宜蘭縣頭城鎮金面里青雲路二段629巷10號,24.84776,121.8125414,1.0,2302.0,蘇澳分局,宜蘭縣頭城鎮金面里青雲路二段629巷10號
TNA0007,宜蘭縣大同鄉太平村泰雅路四段6號,24.5800534,121.4923843,1.0,161.0,礁溪分局,宜蘭縣大同鄉太平村泰雅路四段6號
