類別,建築物名稱,電腦編號,地址,緯經度,地下樓層數,可容納人數,轄管分局,停車場坡道,備註
#REF!,楊明國中,EQA00001,桃園市楊梅區大同里新農街337號,"24.910885,121.153118",5.0,5595.0,楊梅分局,O,
#REF!,大同國小,EQA00002,桃園市楊梅區大同里新農街85號,"24.909747,121.147025",1.0,755.0,楊梅分局,,
學校,楊梅國小,EQA00003,桃園市楊梅區紅梅里校前路1號,"24.905486,121.142519",1.0,962.0,楊梅分局,O,
大樓,私人住宅,EQA00004,桃園市楊梅區紅梅里中山路155號,"24.906102,121.140908",1.0,93.0,楊梅分局,O,
大樓,私人住宅,EQA00005,桃園市楊梅區紅梅里武營街108號,"24.908019,121.141002",1.0,322.0,楊梅分局,O,
大樓,楊梅天下社區,EQA00006,桃園市楊梅區紅梅里中山路125巷85號之91,"24.906085,121.145768",1.0,668.0,楊梅分局,O,
大樓,私人住宅,EQA00007,桃園市楊梅區紅梅里秀才路106號,"24.904484,121.140313",1.0,406.0,楊梅分局,O,
大樓,私人住宅,EQA00008,桃園市楊梅區紅梅里中山路125巷77號,"24.904889,121.143865",1.0,320.0,楊梅分局,O,
大樓,私人住宅,EQA00009,桃園市楊梅區楊江里新成路176號,"24.908934,121.146722",1.0,1607.0,楊梅分局,O,
大樓,私人住宅,EQA00010,桃園市楊梅區楊江里大模街85號,"24.910386,121.142543",1.0,38.0,楊梅分局,O,
政府機關,楊梅區公所,EQA00011,桃園市楊梅區楊江里大成路2號,"24.907537,121.143643",1.0,172.0,楊梅分局,,
金融機構,楊梅農會,EQA00013,桃園市楊梅區楊梅里大模街9號,"24.912817,121.142740",1.0,664.0,楊梅分局,,
大樓,私人住宅,EQA00015,桃園市楊梅區楊梅里大模街2號,"24.913157,121.142516",1.0,143.0,楊梅分局,,
政府機關,公賣局楊梅分局,EQA00018,桃園市楊梅區水美里楊新路一段231號,"24.914790,121.139593",1.0,152.0,楊梅分局,,
大樓,私人住宅,EQA00019,桃園市楊梅區大平里秀才路241巷25號,"24.899631,121.138807",1.0,71.0,楊梅分局,,
大樓,私人住宅,EQA00020,桃園市楊梅區秀才里新江路100號,"24.896411,121.139319",1.0,93.0,楊梅分局,O,
大樓,私人住宅,EQA00021,桃園市楊梅區秀才里秀才路511巷3號,"24.895136,121.135706",1.0,190.0,楊梅分局,,
大樓,新美光朔膠廠,EQA00022,桃園市楊梅區秀才里秀才路845巷250號,"24.886705,121.121116",1.0,222.0,楊梅分局,,
工廠,中興紡織廠,EQA00024,桃園市楊梅區大平里中山南路567號,"24.904192,121.126589",1.0,884.0,楊梅分局,,
工廠,東方窯業公司,EQA00026,桃園市楊梅區大平里楊湖路一段365號,"24.911820,121.131672",1.0,84.0,楊梅分局,O,
大樓,揚昇育樂事業,EQA00027,桃園市楊梅區永寧里揚昇路256號,"24.893445,121.145584",1.0,10275.0,楊梅分局,,
大樓,私人住宅,EQA00028,桃園市楊梅區永寧里環南路223巷37號,"24.902108,121.141269",1.0,286.0,楊梅分局,O,
大樓,物流共和國,EQA00031,桃園市楊梅區上田里和平路576號,"24.946218,121.134403",1.0,236.0,楊梅分局,O,
大樓,私人住宅,EQA00033,桃園市楊梅區梅新里貴山街117號,"24.906529,121.145947",1.0,311.0,楊梅分局,O,
大樓,新光人壽大樓,EQA00034,桃園市楊梅區楊梅里新成路48號,"24.912116,121.144552",1.0,176.0,楊梅分局,O,
醫療機構,怡仁醫院-1,EQA00036,桃園市楊梅區大同里楊新北路321巷30號,"24.917024,121.153388",1.0,3972.0,楊梅分局,O,
醫療機構,楊梅佳醫護之家,EQA00037,桃園市楊梅區裕新里裕成南路159號,"24.901576,121.158872",1.0,841.0,楊梅分局,,
大樓,私人住宅,EQA00038,桃園市楊梅區裕新里裕成南路313號,"24.898952,121.157967",2.0,1947.0,楊梅分局,O,
大樓,私人住宅,EQA00040,桃園市楊梅區大同里自立街170號,"24.910229,121.150861",1.0,152.0,楊梅分局,O,
大樓,東電化活動中心,EQA00041,桃園市楊梅區中山里中山北路一段159號,"24.907318,121.151377",1.0,566.0,楊梅分局,,
大樓,私人住宅,EQA00043,桃園市楊梅區中山里新農街138號,"24.909519,121.148219",1.0,188.0,楊梅分局,O,
大樓,私人住宅,EQA00044,桃園市楊梅區中山里新農街280號,"24.909900,121.151827",1.0,884.0,楊梅分局,O,
大樓,鑫盛工業,EQA00045,桃園市楊梅區中山里行善路32巷12號,"24.905340,121.149216",1.0,1437.0,楊梅分局,,
大樓,私人住宅,EQA00047,桃園市楊梅區中山里中山北路一段12巷4弄12號,"24.908787,121.147575",1.0,647.0,楊梅分局,,
大樓,私人住宅,EQA00048,桃園市楊梅區大同里自立街65巷12號,"24.911742,121.148781",1.0,117.0,楊梅分局,O,
大樓,私人住宅,EQA00051,桃園市楊梅區埔心里新興街56巷12號,"24.918793,121.182676",1.0,42.0,楊梅分局,,
大樓,私人住宅,EQA00052,桃園市楊梅區埔心里日新街2-1號,"24.919287,121.182600",1.0,30.0,楊梅分局,O,
大樓,私人住宅,EQA00053,桃園市楊梅區埔心里新興街56巷20號,"24.918946,121.182664",1.0,12.0,楊梅分局,O,
學校,瑞埔國小,EQA00057,桃園市楊梅區埔心里中興路133號,"24.916482,121.183340",1.0,464.0,楊梅分局,O,
大樓,私人住宅,EQA00058,桃園市楊梅區埔心里中興路40號,"24.918383,121.182009",1.0,13.0,楊梅分局,O,
大樓,私人住宅,EQA00059,桃園市楊梅區埔心里中興路38號,"24.918420,121.181991",1.0,38.0,楊梅分局,O,
大樓,私人住宅,EQA00062,桃園市楊梅區埔心里永美路187號,"24.919862,121.182511",1.0,20.0,楊梅分局,O,
大樓,私人住宅,EQA00063,桃園市楊梅區埔心里永美路197號,"24.919456,121.182538",1.0,21.0,楊梅分局,O,
警察機關,草湳派出所,EQA00064,桃園市楊梅區埔心里永美路237號,"24.918688,121.181367",1.0,48.0,楊梅分局,O,
大樓,私人住宅,EQA00066,桃園市楊梅區埔心里永美路262號,"24.918451,121.180660",1.0,21.0,楊梅分局,O,
大樓,私人住宅,EQA00067,桃園市楊梅區埔心里永美路221號,"24.919198,121.182021",1.0,26.0,楊梅分局,O,
大樓,私人住宅,EQA00069,桃園市楊梅區光華里中興路80巷6號,"24.917404,121.182429",1.0,177.0,楊梅分局,O,
大樓,私人住宅,EQA00070,桃園市楊梅區光華里中興路80巷6號之7,"24.917404,121.182429",1.0,347.0,楊梅分局,O,
大樓,私人住宅,EQA00072,桃園市楊梅區光華里新興街127號,"24.916831,121.181021",1.0,23.0,楊梅分局,,
大樓,私人住宅,EQA00074,桃園市楊梅區光華里文化街295巷4弄31號,"24.909368,121.180712",1.0,12.0,楊梅分局,O,
大樓,私人住宅,EQA00076,桃園市楊梅區光華里文化街283號,"24.910348,121.180652",1.0,198.0,楊梅分局,O,
大樓,私人住宅,EQA00077,桃園市楊梅區光華里文化街123巷4弄16號,"24.913455,121.182315",1.0,38.0,楊梅分局,O,
工廠,美亞鋼管,EQA00079,桃園市楊梅區青山里幼獅路一段2號,"24.922604,121.180618",1.0,124.0,楊梅分局,,
大樓,私人住宅,EQA00083,桃園市楊梅區仁美里福德街9巷26號,"24.920460,121.183685",1.0,125.0,楊梅分局,O,
大樓,私人住宅,EQA00084,桃園市楊梅區仁美里福德街9巷28號之30,"24.920472,121.183743",1.0,97.0,楊梅分局,O,
大樓,私人住宅,EQA00086,桃園市楊梅區永寧里環南路75巷1弄17號,"24.900530,121.146050",3.0,1494.0,楊梅分局,O,
大樓,大東電業廠,EQA00087,桃園市楊梅區梅獅路二段349巷3號,"24.904067,121.180278",1.0,313.0,楊梅分局,O,
大樓,新隆儲運公司,EQA00089,桃園市楊梅區瑞塘里文化街656號,"24.905710,121.175536",1.0,788.0,楊梅分局,,
大樓,崇友實業,EQA00090,桃園市楊梅區瑞坪里梅獅路二段688號,"24.895299,121.181103",1.0,133.0,楊梅分局,,
工廠,大同公司第二廠,EQA00091,桃園市楊梅區瑞坪里梅獅路二段460號,"24.901567,121.179172",1.0,377.0,楊梅分局,O,
工廠,連結鑄造公司,EQA00093,桃園市楊梅區瑞坪里梅獅路二段385號,"24.902807,121.178508",1.0,275.0,楊梅分局,O,
工廠,林內瓦斯,EQA00096,桃園市楊梅區瑞坪里梅獅路二段577號,"24.898768,121.181710",1.0,277.0,楊梅分局,O,
大樓,私人住宅,EQA00097,桃園市楊梅區三民里瑞坪路18巷17號,"24.904609,121.174139",1.0,1002.0,楊梅分局,O,
大樓,私人住宅,EQA00098,桃園市楊梅區瑞塘里文化街568巷1號,"24.906534,121.175916",1.0,596.0,楊梅分局,O,
大樓,私人住宅,EQA00103,桃園市楊梅區瑞塘里中山北路二段355號,"24.912341,121.173741",1.0,221.0,楊梅分局,O,
學校,治平高中,EQA00105,桃園市楊梅區埔心里中興路137號,"24.915713,121.186455",1.0,1360.0,楊梅分局,O,
大樓,私人住宅,EQA00107,桃園市楊梅區瑞塘里永美路445巷22弄28號,"24.913826,121.177110",1.0,540.0,楊梅分局,O,
大樓,私人住宅,EQA00109,桃園市楊梅區仁美里福德街87巷50號,"24.918527,121.185611",1.0,449.0,楊梅分局,O,
學校,楊明國小,EQA00112,桃園市楊梅區楊明里中山北路一段390巷50號,"24.911665,121.157485",1.0,1097.0,楊梅分局,O,
學校,楊心國小,EQA00116,桃園市楊梅區楊梅里金華街100號,"24.912069,121.140793",1.0,350.0,楊梅分局,O,
學校,大華中學,EQA00117,桃園市楊梅區金溪里三民路二段200號,"24.882453,121.170568",1.0,875.0,楊梅分局,O,
大樓,私人住宅,EQA00118,桃園市楊梅區金溪里三民路二段127號,"24.884647,121.169131",1.0,95.0,楊梅分局,O,
大樓,私人住宅,EQA00119,桃園市楊梅區金溪里三民路106號,"24.884179,121.169002",1.0,518.0,楊梅分局,O,
大樓,私人住宅,EQA00120,桃園市楊梅區梅溪里中山北路二段72號,"24.908535,121.166816",1.0,111.0,楊梅分局,,
大樓,私人住宅,EQA00121,桃園市楊梅區三民里中山北路二段23巷11號,"24.908541,121.165578",2.0,918.0,楊梅分局,O,
大樓,私人住宅,EQA00122,桃園市楊梅區三民里瑞坪路18巷65號,"24.905383,121.173391",1.0,986.0,楊梅分局,O,
大樓,私人住宅,EQA00123,桃園市楊梅區金溪里三民路二段94巷1號,"24.885170,121.169094",1.0,861.0,楊梅分局,O,
大樓,私人住宅,EQA00125,桃園市楊梅區金溪里三民路二段119巷2號,"24.884992,121.169202",1.0,610.0,楊梅分局,O,
大樓,國泰大樓,EQA00127,桃園市楊梅區梅溪里中山北路二段192號,"24.909362,121.169432",1.0,477.0,楊梅分局,O,
大樓,私人住宅,EQA00128,桃園市楊梅區三民里三民路7號,"24.908087,121.168113",1.0,86.0,楊梅分局,,
工廠,中航物流,EQA00130,桃園市楊梅區永平里永美路470號,"24.915067,121.177203",1.0,612.0,楊梅分局,,
大樓,國家公園社區,EQA00131,桃園市楊梅區青山里青山三街79號,"24.919665,121.168549",1.0,1878.0,楊梅分局,O,
大樓,私人住宅,EQA00132,桃園市楊梅區瑞塘里福羚路207號,"24.908060,121.180013",1.0,234.0,楊梅分局,O,
大樓,弘山塑膠V限公司,EQA00133,桃園市楊梅區永平里永平路555號,"24.918577,121.170510",1.0,135.0,楊梅分局,O,
工廠,幸孚水泥,EQA00134,桃園市楊梅區仁美里梅獅路一段193號,"24.897630,121.159284",1.0,161.0,楊梅分局,O,
大樓,鑑峰股份V限公司,EQA00135,桃園市楊梅區永平里永平路541號,"24.918834,121.171189",1.0,20.0,楊梅分局,O,
大樓,三愛石棉瓦,EQA00136,桃園市楊梅區永平里新農街二段209巷62弄29號,"24.913314,121.168521",1.0,100.0,楊梅分局,O,
大樓,喜洋洋大樓,EQA00137,桃園市楊梅區永平里漢昌街25號,"24.916400,121.180429",1.0,447.0,楊梅分局,O,
大樓,長達製線公司,EQA00139,桃園市楊梅區永平里永平路523號,"24.919023,121.172076",1.0,536.0,楊梅分局,O,
學校,永平工商,EQA00140,桃園市楊梅區永平里永平路480號,"24.919334,121.172615",1.0,2011.0,楊梅分局,O,
大樓,連福橡膠楊梅廠,EQA00141,桃園市楊梅區富岡里29鄰新明街525號,"24.929906,121.069371",3.0,127.0,楊梅分局,O,
大樓,私立啟智技藝訓練中心-1,EQA00142,桃園市楊梅區富豐里16鄰富裕街659號,"24.925037,121.066232",1.0,1484.0,楊梅分局,,
大樓,私人住宅,EQA00143,桃園市楊梅區富岡里中華街34號,"24.935315,121.080430",1.0,26.0,楊梅分局,,
大樓,私人住宅,EQA00144,桃園市楊梅區富岡里中華街36號,"24.935310,121.080403",1.0,27.0,楊梅分局,,
交通設施,富岡火車站,EQA00145,桃園市楊梅區富岡里成功路37號,"24.934636,121.081649",1.0,88.0,楊梅分局,,
大樓,私人住宅,EQA00146,桃園市楊梅區富岡里中華街38號,"24.935283,121.080184",1.0,26.0,楊梅分局,,
大樓,富源新象社區,EQA00147,桃園市楊梅區富岡里新明街78號,"24.935937,121.079019",1.0,515.0,楊梅分局,O,
大樓,大華金屬,EQA00148,桃園市楊梅區豐野里富聯路155號,"24.938997,121.073712",1.0,446.0,楊梅分局,,
大樓,私人住宅,EQA00149,桃園市楊梅區豐野里中正路549巷2號,"24.943338,121.071030",1.0,143.0,楊梅分局,,
電信機構,交通部電信總局,EQA00150,桃園市楊梅區員本里民富路三段342號,"24.931281,121.095589",1.0,804.0,楊梅分局,,
大樓,私人住宅,EQA00152,桃園市楊梅區富岡里富聯路156號,"24.938726,121.073264",1.0,26.0,楊梅分局,,
工廠,宏銅電纜,EQA00156,桃園市楊梅區頭湖里中山南路800巷98弄12號,"24.900887,121.105873",1.0,215.0,楊梅分局,,
政府機關,戶政事務所,EQA00159,桃園市楊梅區永寧里校前路409號,"24.896960,121.147600",1.0,170.0,楊梅分局,O,
工廠,歐華公司,EQA00161,桃園市楊梅區三湖里楊湖路二段645號,"24.913298,121.104151",1.0,103.0,楊梅分局,,
工廠,亞力電機,EQA00163,桃園市楊梅區上湖里上四湖4號,,1.0,593.0,楊梅分局,,
工廠,潤泰工業,EQA00164,桃園市楊梅區上湖里上四湖30號,"24.913297,121.097585",1.0,303.0,楊梅分局,,
工廠,凱棉公司,EQA00165,桃園市楊梅區上湖里中山南路800巷108號,"24.896282,121.103232",1.0,80.0,楊梅分局,,
工廠,明裕機械公司,EQA00166,桃園市楊梅區上湖里上四湖7號之2,"24.916213,121.059960",1.0,383.0,楊梅分局,,
工廠,潤弘工程,EQA00167,桃園市楊梅區上湖里泰圳路1442號,"24.899779,121.094537",1.0,75.0,楊梅分局,,
工廠,台利紙廠,EQA00169,桃園市楊梅區瑞原里民富路二段159號-1,"24.924216,121.110213",1.0,44.0,楊梅分局,,
大樓,茂雄工業,EQA00175,桃園市楊梅區瑞原里民豐路641號,"24.928698,121.107380",1.0,201.0,楊梅分局,,
大樓,百侖大飯店,EQA00176,桃園市新屋區新屋里中山路296號,"24.972894,121.104184",2.0,283.0,楊梅分局,O,
工廠,聯成鋼鐵,EQA00177,桃園市新屋區石磊里中華路996號,"24.988785,121.101247",1.0,714.0,楊梅分局,,
大樓,鴻翰建設,EQA00178,桃園市新屋區清華里中華路830號,"24.983668,121.106143",1.0,1566.0,楊梅分局,O,
學校,新屋國小,EQA00179,桃園市新屋區新生里中正路196號,"24.973461,121.099747",1.0,818.0,楊梅分局,,
工廠,力鵬實業,EQA00181,桃園市楊梅區新榮里新榮路339號,"24.955407, 121.154746",1.0,1808.0,楊梅分局,,
工廠,景碩公司(石磊),EQA00182,桃園市新屋區石磊里中華路1245號,"24.993251,121.098471",1.0,81.0,楊梅分局,,
工廠,旭磐電子股份有限公司,EQA00183,桃園市楊梅區高上里高青路10巷7號,"24.930459,121.160603",1.0,40.0,楊梅分局,,
工廠,立多祿工業,EQA00184,桃園市楊梅區青山里獅二路8號,"24.924940,121.170550",1.0,231.0,楊梅分局,O,
工廠,特力股份有限公司,EQA00185,桃園市楊梅區高上里青年路二段269號,"24.931892,121.162836",1.0,3897.0,楊梅分局,,
工廠,萬燕有限公司,EQA00186,桃園市楊梅區高上里高青路10巷21號,"24.931562,121.160665",1.0,810.0,楊梅分局,,
工廠,茂康股份有限公司,EQA00187,桃園市楊梅區高上里高青路10巷14號,"24.931206,121.160707",1.0,42.0,楊梅分局,,
工廠,濂達科技,EQA00188,桃園市楊梅區高上里1鄰高獅路822巷10號,"24.923946,121.164719",1.0,72.0,楊梅分局,,
工廠,力揚工業,EQA00189,桃園市楊梅區高上里高獅路822巷12號,"24.923143,121.164719",1.0,35.0,楊梅分局,,
工廠,年程科技,EQA00190,桃園市楊梅區高上里高獅路820-1號,"24.923545,121.164365",1.0,51.0,楊梅分局,,
工廠,曜升興業,EQA00192,桃園市楊梅區高上里高青路11號,"24.928712,121.160297",1.0,34.0,楊梅分局,,
工廠,友力工業,EQA00193,桃園市楊梅區高上里高獅路160號,"24.923837,121.149190",1.0,1457.0,楊梅分局,,
學校,楊梅高中-1,EQA00195,桃園市楊梅區高上里高獅路5號,"24.922320,121.147380",1.0,263.0,楊梅分局,,
工廠,擴益實業,EQA00196,桃園市楊梅區高獅路813巷20號,"24.926780,121.161512",1.0,218.0,楊梅分局,,
工廠,啟祥(原-中國力霸),EQA00198,桃園市新屋區埔頂里埔頂路6號,"24.958359,121.112798",1.0,4113.0,楊梅分局,,
工廠,高源橡膠,EQA00199,桃園市新屋區埔頂里9鄰中華南路二段75號,"24.957558,121.113866",1.0,145.0,楊梅分局,,
工廠,志聯工業,EQA00201,桃園市新屋區埔頂里12鄰中興路480號,"24.963202,121.093296",1.0,1777.0,楊梅分局,,
工廠,景碩公司(清華),EQA00202,桃園市新屋區清華里中華路810-1號,"24.984188,121.106135",1.0,290.0,楊梅分局,O,
工廠,利華羊毛,EQA00213,桃園市新屋區頭洲里中山東路二段309號,"24.968581,121.136524",1.0,578.0,楊梅分局,O,
工廠,佰歲實業,EQA00215,桃園市新屋區頭洲里高上路二段156巷280號,"24.9480829, 121.140898",1.0,80.0,楊梅分局,,
工廠,太平洋自行車,EQA00216,桃園市新屋區永安里永福路786號,"24.986071,121.027668",1.0,171.0,楊梅分局,O,
工廠,欣冠鑄造公司,EQA00217,桃園市新屋區永安里永福路380號,"24.979694,121.036971",1.0,140.0,楊梅分局,O,
工廠,私人住宅,EQA00218,桃園市新屋區頭洲里中山東路二段535巷10號2樓,"24.964934,121.139899",1.0,329.0,楊梅分局,O,
大樓,私人住宅,EQA00220,桃園市楊梅區楊明里金山街363號六樓,"24.912167,121.159964",3.0,2679.0,楊梅分局,,
工廠,鈺新金屬公司,EQA00221,桃園市新屋區永安里永三街20號,"24.983231,121.033350",1.0,72.0,楊梅分局,O,
工廠,台灣神東化學公司,EQA00222,桃園市新屋區永安里永福路756號,"24.985989,121.028428",1.0,222.0,楊梅分局,O,
工廠,萬隆紙廠,EQA00223,桃園市新屋區永安里永福路625號,"24.985532,121.028936",1.0,96.0,楊梅分局,O,
工廠,永豐餘公司新屋廠,EQA00224,桃園市新屋區永安里永福路281號,"24.981036,121.040010",1.0,556.0,楊梅分局,O,
大樓,香港商頻果日報,EQA00225,桃園市新屋區永安里永福路550號,"24.985967,121.026837",1.0,172.0,楊梅分局,O,
大樓,私人住宅,EQA00226,桃園市楊梅區金龍里金龍三路19號八樓,"24.911856,121.184816",2.0,3841.0,楊梅分局,,
工廠,友騰股份有限公司,EQA00227,桃園市新屋區永安里永福路260號,"24.981916,121.040223",1.0,4595.0,楊梅分局,O,
電信機構,中壢電信永安機房,EQA00228,桃園市新屋區永安里中山西路三段603巷1號,"24.988149,121.029734",1.0,221.0,楊梅分局,O,
工廠,駿瀚生化股份公司,EQA00229,桃園市新屋區永安里永福路600號,"24.983720,121.031792",1.0,36.0,楊梅分局,O,
工廠,福基實業,EQA00230,桃園市新屋區永安里永福路500號,"24.983656,121.031747",1.0,77.0,楊梅分局,O,
工廠,欣冠鑄造公司(工具間),EQA00231,桃園市新屋區永安里永福路388號,"24.979723,121.039154",1.0,140.0,楊梅分局,O,
工廠,佳真電子公司,EQA00232,桃園市新屋區永安里永一路135號,"24.983311,121.034414",1.0,75.0,楊梅分局,O,
工廠,士林紙廠,EQA00233,桃園市新屋區笨港里文化路二段1631號,"24.981772,121.024339",1.0,170.0,楊梅分局,O,
工廠,敏成股份有限公司,EQA00234,桃園市新屋區赤欄里中山西路二段207巷42號,"24.979364,121.070520",1.0,42.0,楊梅分局,O,
工廠,五洲製藥,EQA00235,桃園市新屋區五洲製藥(赤欄里17-1號),"24.984915,121.075033",1.0,36.0,楊梅分局,O,
學校,永福非營利幼兒園,EQA00236,桃園市楊梅永寧里校前路324巷105號,"24.898483,121.146343",1.0,253.0,楊梅分局,,
大樓,農委會農業改良場,EQA00238,桃園市新屋區後庄里東福路二段139號,"24.954831,121.027299",1.0,218.0,楊梅分局,,
大樓,農委會農業改良場-2,EQA00239,桃園市新屋區後庄里東福路二段139號,,1.0,13.0,楊梅分局,,
大樓,台北新都凱撒社區,EQA00241,桃園市楊梅區裕新里裕成南路354號,"24.899555,121.156934",2.0,6443.0,楊梅分局,O,
工廠,肥特補科技,EQA00242,桃園市楊梅區永平里永平路607巷7號,"24.917532,121.169974",1.0,264.0,楊梅分局,O,
大樓,私人住宅,EQA00243,桃園市楊梅區楊明里新農街354號,"24.911221,121.154124",1.0,2637.0,楊梅分局,O,
大樓,世紀新都,EQA00244,桃園市楊梅區瑞塘里瑞梅街186號,"24.909217,121.172792",1.0,186.0,楊梅分局,O,
大樓,友嘉科技,EQA00246,桃園市楊梅區高山里高獅路156號,"24.923814,121.149218",1.0,3043.0,楊梅分局,,
大樓,甘氏貿易,EQA00247,桃園市楊梅區高上里高獅路822巷26號,"24.923143,121.164719",1.0,282.0,楊梅分局,,
學校,楊梅高中-2,EQA00248,桃園市楊梅區高山里高獅路5號,"24.921743,121.146790",1.0,2358.0,楊梅分局,,
大樓,匯錄公司,EQA00249,桃園市楊梅區高上里高青路32巷2號,"24.928637,121.158797",1.0,93.0,楊梅分局,,
工廠,添泉捲門材料,EQA00250,桃園市楊梅區員本里民隆路7號,"24.930980,121.099045",1.0,73.0,楊梅分局,,
學校,富岡國小,EQA00251,桃園市楊梅區豐野里中正路147號,"24.937422,121.078509",1.0,548.0,楊梅分局,,
工廠,潤泰紡織,EQA00252,"桃園市楊梅區上湖里鄰泰圳路1440號
(舊址楊梅鎮上湖里4鄰上四湖30號)","24.899779,121.094537",1.0,408.0,楊梅分局,,
工廠,台灣佰林不織布,EQA00253,桃園市楊梅區瑞原里民富路二段40號,"24.923597,121.114055",1.0,363.0,楊梅分局,,
大樓,富登公司,EQA00254,桃園市楊梅區瑞原里民富路一段796巷25號,"24.926466,121.116333",1.0,511.0,楊梅分局,,
工廠,台灣明尼蘇達礦業,EQA00255,桃園市楊梅區頭湖里中山南路800巷66號,"24.899342,121.110218",1.0,778.0,楊梅分局,,
工廠,長曜鋁業,EQA00256,桃園市楊梅區三湖里楊湖路二段859號,"24.914593,121.098419",1.0,42.0,楊梅分局,,
工廠,鉅祥企業,EQA00257,桃園市新屋區九斗里九洲路1號,"24.962244,121.138412",1.0,191.0,楊梅分局,,
工廠,奇新實業,EQA00258,桃園市楊梅區四維里益新三街1號,"24.914322,121.180967",3.0,2022.0,楊梅分局,O,
金融機構,楊梅農會富岡辦事處,EQA00260,桃園市楊梅區富岡里成功路22號,"24.934849,121.081418",1.0,326.0,楊梅分局,,
工廠,太業科技,EQA00261,桃園市楊梅區員本里民隆路5號,"24.930708,121.099036",1.0,67.0,楊梅分局,,
大樓,永振膠帶,EQA00262,桃園市楊梅區員本里民隆路19號,"24.932491,121.099137",12.0,197.0,楊梅分局,,
大樓,私人住宅,EQA00263,桃園市楊梅區楊梅里新梅八街65號,"24.915999,121.143560",3.0,1737.0,楊梅分局,,
工廠,橡榮電子,EQA00264,桃園市楊梅區大平里楊湖路一段279號,"24.911565,121.133105",1.0,3143.0,楊梅分局,,
學校,四維國小,EQA00265,桃園市楊梅區光華里文化街147號,"24.913078,121.181956",1.0,645.0,楊梅分局,,
工廠,友力工業,EQA00266,桃園市楊梅區高山里高獅路160號,"24.923837,121.149190",1.0,424.0,楊梅分局,,
大樓,銀嘉企業,EQA00269,桃園市楊梅區高獅路863巷13號,"24.926739,121.163442",1.0,61.0,楊梅分局,,
大樓,喬輝企業,EQA00270,桃園市楊梅區高青路40號,"24.927858,121.158718",1.0,95.0,楊梅分局,,
大樓,衛斯實業,EQA00271,桃園市楊梅區高青路26號,"24.928868,121.159907",1.0,366.0,楊梅分局,O,
大樓,私立啟智技藝訓練中心-1,EQA00273,"桃園市楊梅區富豐里16鄰富裕街675巷11號
(舊址楊梅鎮富岡里15鄰伯公岡198-3號)",,1.0,454.0,楊梅分局,,
大樓,亞洲碳素股份有限公司,EQA00274,桃園市新屋區東明里2鄰東勢12-5號,"24.965291,121.088505",1.0,1618.0,楊梅分局,O,
大樓,桃源山水社區,EQA00275,桃園市楊梅區東流里牲牲路902巷,"24.891486,121.114144",1.0,5308.0,楊梅分局,O,
大樓,國高紙器,EQA00276,桃園市楊梅區高上里高青路42號之1,"24.927530,121.158358",1.0,1617.0,楊梅分局,,
工廠,寶潔廢棄物清潔公司,EQA00277,桃園市楊梅區高上里高青路32巷5號之1,"24.928858,121.158399",1.0,1094.0,楊梅分局,,
大樓,昌寰實業,EQA00278,桃園市楊梅區高上里高獅路813巷22弄5號,"24.927767,121.161378",1.0,58.0,楊梅分局,,
大樓,張微卿,EQA00279,桃園市楊梅區四維里文化街80號,"24.915093,121.182254",1.0,112.0,楊梅分局,,
大樓,鴻喜鴻紙業,EQA00280,桃園市楊梅區員本里民隆路21號,"24.932874,121.099009",1.0,168.0,楊梅分局,,
工廠,天主堂,EQA00281,桃園市新屋區新屋里中興路31號,"24.972264,121.101256",1.0,386.0,楊梅分局,,
工廠,台灣富綢纖維-1,EQA00283,"桃園市楊梅區富岡里富豐南路18號
(舊址楊梅鎮富岡里239號之1)","24.932727,121.083722",1.0,293.0,楊梅分局,,
工廠,台灣富綢纖維-2,EQA00284,"桃園市楊梅區富岡里富豐南路18號
(舊址楊梅鎮富岡里239號之1)",,1.0,2298.0,楊梅分局,,
工廠,南誠羽毛實業,EQA00285,桃園市楊梅區富豐里民安路2巷136號,"24.926079,121.101350",1.0,90.0,楊梅分局,,
工廠,潤泰紡織-2,EQA00286,"桃園市楊梅區上湖里鄰泰圳路1440號
(舊址楊梅鎮上湖里4鄰上四湖30號)",,1.0,5790.0,楊梅分局,,
工廠,岳豐電業,EQA00287,桃園市新屋區九斗里中山東路二段130巷12號,"24.96974, 121.13526",1.0,988.0,楊梅分局,O,
學校,高榮國小,EQA00288,桃園市楊梅區高上里高上路一段1號,"24.936647,121.161535",1.0,276.0,楊梅分局,,
大樓,和泰汽車,EQA00289,桃園市楊梅區高獅路560號,"24.925946,121.154309",1.0,795.0,楊梅分局,O,
大樓,正源企業(原名青昊企業)-1,EQA00290,桃園市楊梅區高獅路863巷1號,"24.924799,121.164868",1.0,127.0,楊梅分局,,
金融機構,上海商業儲蓄銀行,EQA00291,桃園市楊梅區楊梅里新成路125號,"24.910091,121.144800",1.0,443.0,楊梅分局,O,
大樓,楊梅老人會館,EQA00293,桃園市楊梅區梅新里貴山街1號,"24.903215,121.148437",1.0,1896.0,楊梅分局,O,
電信機構,中華電信,EQA00294,桃園市楊梅區梅溪里中山北路二段172號,"24.909146,121.169148",2.0,975.0,楊梅分局,O,
大樓,惟一高爾夫球,EQA00295,桃園市楊梅區永平里梅獅路一段165號,"24.916532,121.173066",1.0,102.0,楊梅分局,O,
大樓,岳生生技,EQA00296,桃園市楊梅區青山里獅四路1號,"24.923214,121.172022",1.0,93.0,楊梅分局,O,
大樓,營暢企業,EQA00297,桃園市楊梅區高上里高青路22巷13號,"24.930327,121.159224",1.0,140.0,楊梅分局,O,
大樓,兆元二廠,EQA00298,桃園市楊梅區高上里高獅路822巷2號,"24.923143,121.164719",1.0,26.0,楊梅分局,,
大樓,勞委會職訓中心,EQA00299,桃園市楊梅區秀才里秀才路851號,,1.0,984.0,楊梅分局,,
大樓,私人住宅,EQA00301,桃園市楊梅區三民里瑞溪路一段256巷26號,"24.906191,121.171783",1.0,584.0,楊梅分局,O,
大樓,台灣電綜公司,EQA00302,桃園市楊梅區瑞坪里18鄰梅獅路二段525號,"24.902934,121.174967",1.0,116.0,楊梅分局,O,
工廠,大爭工業,EQA00303,桃園市楊梅區高獅路863巷9號,"24.926351,121.163556",1.0,120.0,楊梅分局,O,
工廠,百源實業,EQA00304,桃園市楊梅區高青路32巷14號,"24.930054,121.157686",1.0,192.0,楊梅分局,,
工廠,華新科技,EQA00305,桃園市楊梅區高上里8鄰高獅路566之1號,"24.925165,121.156528",2.0,2281.0,楊梅分局,O,
工廠,建榮工業材料,EQA00306,桃園市楊梅區瑞原里民豐路277號,"24.931486,121.115304",1.0,167.0,楊梅分局,,
工廠,潤泰紡織-3,EQA00307,桃園市楊梅區上湖里泰圳路1440號,,1.0,118.0,楊梅分局,,
工廠,大年自動化機械,EQA00308,桃園市楊梅區員本里15鄰民隆路37號,"24.934707,121.097702",1.0,77.0,楊梅分局,,
大樓,太佳開發,EQA00309,桃園市楊梅區三民里中山北路二段23巷6號,"24.907787,121.165300",2.0,2645.0,楊梅分局,O,
大樓,太佳開發,EQA00310,桃園市楊梅區三民里中山北路二段23巷2號,"24.908519,121.165242",2.0,1873.0,楊梅分局,O,
大樓,天主教會新竹教區,EQA00311,桃園市楊梅區埔心里15鄰新興街51號,"24.918203,121.182697",1.0,204.0,楊梅分局,O,
大樓,榮康科技公司,EQA00312,桃園市楊梅區楊湖路一段194巷3號,"24.911167,121.135680",1.0,175.0,楊梅分局,,
大樓,瀚宇彩晶,EQA00313,桃園市楊梅區高獅路580號,,2.0,690.0,楊梅分局,,
工廠,私人住宅,EQA00314,桃園市楊梅區中山里21鄰環東路455號,"24.909858,121.154420",2.0,1405.0,楊梅分局,,
工廠,大閥精密工業,EQA00316,桃園市楊梅區高獅路813巷26弄3號,"24.927974,121.160841",1.0,148.0,楊梅分局,,
工廠,科橋電子,EQA00317,桃園市楊梅區員本里15鄰民隆路26號,"24.935265,121.097790",1.0,2164.0,楊梅分局,,
工廠,宏驊針織,EQA00318,桃園市楊梅區永平里永平路607巷11號,"24.917489,121.170840",1.0,1227.0,楊梅分局,,
學校,瑞塘國小,EQA00319,桃園市楊梅區瑞塘里23鄰瑞溪路二段100號,"24.908250,121.179762",1.0,973.0,楊梅分局,O,
工廠,新泰伸銅工業,EQA00321,桃園市楊梅區員本里15鄰民隆路8號,"24.932850,121.099536",1.0,2930.0,楊梅分局,,
工廠,德宏工業,EQA00322,桃園市楊梅區三湖里楊湖路二段718號,"24.9140324, 121.102503",1.0,381.0,楊梅分局,,
工廠,六合機械(新屋廠),EQA00323,桃園市新屋區清華里8鄰中山東路一段428號,"24.971633,121.121138",1.0,952.0,楊梅分局,,
電信機構,中華電信研究院,EQA00324,桃園市楊梅區新榮里5鄰電研路99號,"24.956010,121.165146",2.0,885.0,楊梅分局,,
大樓,私人住宅,EQA00325,桃園市楊梅區中山北路一段74巷19號,"24.908272,121.148675",1.0,1100.0,楊梅分局,O,
大樓,勞委會職訓中心,EQA00326,桃園市楊梅區秀才里秀才路851號,"24.888284,121.131544",1.0,2152.0,楊梅分局,O,
大樓,私人住宅,EQA00327,桃園市楊梅區梅溪里6鄰梅獅路二段232巷33號,"24.905337,121.174193",3.0,588.0,楊梅分局,O,
大樓,世聯倉運,EQA00328,桃園市楊梅區獅一路7號,"24.922387,121.173324",1.0,4121.0,楊梅分局,O,
工廠,福隆硬鉻,EQA00329,桃園市楊梅區高獅路863巷8弄9號,"24.926583,121.165025",1.0,51.0,楊梅分局,,
大樓,岳豐科技,EQA00330,桃園市新屋區九斗里8鄰中山東路二段130巷12號,"24.969742,121.133078",1.0,1096.0,楊梅分局,O,
學校,富岡國小,EQA00332,桃園市楊梅區豐野里中正路147號,,1.0,181.0,楊梅分局,,
大樓,仁愛之家,EQA00333,桃園市楊梅區梅獅路539巷3號,"24.924238,121.180863",1.0,164.0,楊梅分局,O,
學校,新屋高中,EQA00334,桃園市新屋區新屋里14中興路111號,"24.970544,121.099537",1.0,2225.0,楊梅分局,O,
大樓,宏吉欣業公司,EQA00335,桃園市楊梅區三湖里1鄰楊湖路一段752號,"24.912787,121.122040",1.0,161.0,楊梅分局,,
瓦斯,欣桃天然氣,EQA00336,桃園市楊梅區四維里永美路367巷1弄1號之1,"24.916212,121.179944",1.0,154.0,楊梅分局,,
大樓,新復興微波通訊,EQA00337,桃園市新屋區望間里10鄰十五間45號,"24.940846,121.063925",1.0,390.0,楊梅分局,,
大樓,光華新村,EQA00338,桃園市楊梅區光華里12鄰中興路88號,"24.917123,121.182518",2.0,4579.0,楊梅分局,O,
大樓,豪倫電子,EQA00339,桃園市楊梅區幼四路5號,"24.927895,121.168530",2.0,505.0,楊梅分局,,
大樓,樂士電機,EQA00340,桃園市楊梅區瑞原里11鄰民富路一段796巷22弄19號,"24.924862,121.117512",1.0,518.0,楊梅分局,,
大樓,位速科技,EQA00341,桃園市楊梅區高青路28巷1號之1,"24.929079,121.159322",1.0,875.0,楊梅分局,O,
大樓,名座花園,EQA00342,桃園市楊梅區梅溪里梅獅路二段154號,"24.907107,121.174262",1.0,4579.0,楊梅分局,O,
大樓,私人住宅,EQA00343,桃園市楊梅區永寧里環南路75巷1弄19號,"24.900530,121.146050",2.0,641.0,楊梅分局,O,
大樓,中華映管公司,EQA00344,桃園市楊梅區中山里行善路80號,,1.0,626.0,楊梅分局,,
大樓,中華映管公司,EQA00345,桃園市楊梅區中山里行善路80號,,2.0,1068.0,楊梅分局,,
大樓,私人住宅,EQA00346,桃園市楊梅區楊明里新農街592號,"24.912806,121.159534",1.0,1068.0,楊梅分局,O,
大樓,私人住宅,EQA00347,桃園市楊梅區梅溪里梅獅路二段232巷1號,"24.905446,121.174829",1.0,2006.0,楊梅分局,O,
大樓,私人住宅,EQA00348,桃園市楊梅區水美里新梅五街61號,"24.918278,121.142262",1.0,433.0,楊梅分局,,
醫療機構,楊梅天成醫院,EQA00349,桃園市楊梅區中山里中山北路一段356號,"24.908911,121.155019",3.0,2543.0,楊梅分局,,
大樓,中華映管公司,EQA00352,桃園市楊梅區中山里行善路120號,"24.903239,121.151131",1.0,123.0,楊梅分局,O,
大樓,農會,EQA00353,桃園市新屋區新屋里中華路242號,"24.972328,121.105398",1.0,572.0,楊梅分局,O,
大樓,私人住宅,EQA00354,桃園市楊梅區四維里文化街330號,"24.909276,121.180217",1.0,1179.0,楊梅分局,O,
學校,楊梅國中,EQA00355,桃園市楊梅區紅梅里校前路149號,"24.903329,121.146060",1.0,325.0,楊梅分局,O,
大樓,私人住宅,EQA00356,桃園市楊梅區三民里三民路45號,"24.906990,121.168193",1.0,1897.0,楊梅分局,O,
學校,瑞坪國中-1,EQA00357,桃園市楊梅區瑞坪里文化街535號,"24.907008,121.178447",1.0,585.0,楊梅分局,O,
大樓,私人住宅,EQA00358,桃園市楊梅區梅溪里梅獅路二段168號,"24.906510,121.174649",2.0,2438.0,楊梅分局,O,
工廠,景碩公司(清華),EQA00360,桃園市新屋區清華里中華路810-1號,"24.984188,121.106135",1.0,290.0,楊梅分局,,
大樓,麗盛真鑽社區,EQA00361,桃園市楊梅區青山一街39號,"24.922399,121.174760",1.0,3736.0,楊梅分局,O,
大樓,東森國際公司,EQA00362,桃園市楊梅區永寧里東森路5號,"24.888078,121.159069",1.0,347.0,楊梅分局,O,
大樓,東森國際公司,EQA00363,桃園市楊梅區永寧里東森路52號,"24.886937,121.159998",1.0,756.0,楊梅分局,O,
大樓,東森國際公司,EQA00364,桃園市楊梅區永寧里東森路18號,"24.887016,121.159834",2.0,1315.0,楊梅分局,O,
工廠,景碩科技公司-2,EQA00366,桃園市新屋區清華里中華路810-1號,,1.0,5209.0,楊梅分局,,
大樓,私人住宅,EQA00367,桃園市楊梅區瑞坪里福羚路232巷41弄1號,"24.906592,121.180910",1.0,1770.0,楊梅分局,O,
大樓,中華汽車,EQA00368,桃園市楊梅區秀才里秀才路618號,,1.0,1972.0,楊梅分局,,
大樓,私人住宅,EQA00369,桃園市楊梅區金溪里金溪路205號,"24.902460,121.172596",1.0,3371.0,楊梅分局,O,
大樓,私人住宅,EQA00370,桃園市楊梅區四維里四維路169號,"24.911710,121.180297",2.0,1493.0,楊梅分局,O,
大樓,台鐵管理局,EQA00371,桃園市楊梅區埔心里永美路208-1號,"24.919303,121.181355",1.0,52.0,楊梅分局,O,
大樓,東森國際公司,EQA00372,桃園市楊梅區永寧里東森路53巷2號,"24.886941,121.160043",1.0,547.0,楊梅分局,O,
大樓,私人住宅,EQA00373,桃園市楊梅區楊梅里新梅六街46號,"24.915280,121.144160",2.0,1028.0,楊梅分局,O,
學校,瑞埔國小,EQA00375,桃園市楊梅區埔心里中興路133號,,,620.0,楊梅分局,,
大樓,私人住宅,EQA00376,桃園市楊梅區金溪里長青五街1號,"24.884737,121.168897",1.0,278.0,楊梅分局,,
大樓,私人住宅,EQA00377,桃園市楊梅區楊梅里大平街106號,"24.911009,121.142833",3.0,824.0,楊梅分局,,
大樓,太平洋自行車博物館,EQA00378,桃園市新屋區永安里永福路686號,"24.986031,121.032162",1.0,1175.0,楊梅分局,O,
大樓,台灣載帶,EQA00379,桃園市楊梅區高上里高獅路813巷2號,"24.924486,121.163705",1.0,1140.0,楊梅分局,,
學校,瑞坪國中-2,EQA00380,桃園市楊梅區瑞坪里文化街535號,,1.0,192.0,楊梅分局,,
學校,大同國小,EQA00381,桃園市楊梅區大同里楊新北路2巷45號,"24.910993,121.146123",1.0,121.0,楊梅分局,O,
大樓,私人住宅,EQA00382,桃園市楊梅區永寧里環南路80巷1號,"24.902047,121.145717",2.0,1500.0,楊梅分局,O,
學校,瑞坪國中-3,EQA00383,桃園市楊梅區瑞坪里文化街535號,,1.0,132.0,楊梅分局,,
金融機構,楊梅區農會,EQA00385,桃園市楊梅區楊梅里大模街10號,"24.912851,121.142270",2.0,785.0,楊梅分局,O,
大樓,私人住宅,EQA00386,桃園市楊梅區梅溪里新農街二段110巷2號,"24.912727,121.166821",2.0,3347.0,楊梅分局,O,
大樓,優美彩藝包裝有限公司,EQA00387,桃園市楊梅區員本里民富路三段142巷26號,"24.929302,121.099243",1.0,781.0,楊梅分局,O,
大樓,黃范正嬌,EQA00388,桃園市楊梅區楊明里新農街412號,"24.912238,121.155814",2.0,440.0,楊梅分局,O,
大樓,私人住宅,EQA00389,桃園市楊梅區瑞溪里梅獅路232巷20號,"24.905618,121.174934",3.0,3134.0,楊梅分局,O,
大樓,私人住宅,EQA00390,桃園市楊梅區楊明里新農街660號,"24.912999,121.161862",3.0,919.0,楊梅分局,O,
大樓,私人住宅,EQA00391,桃園市楊梅區梅溪里三民北路163巷18號,"24.912150,121.166608",8.0,941.0,楊梅分局,O,
大樓,私人住宅,EQA00392,桃園市新屋區頭洲里高洲六街61號,"24.961231,121.156703",2.0,1540.0,楊梅分局,O,
大樓,"富華股份有限公司
",EQA00393,桃園市新屋區社子里社子路92巷92弄35號,"24.959959,121.086896",1.0,1205.0,楊梅分局,,
工廠,正源企業(原名青昊企業)-2,EQA00394,桃園市楊梅區高上里高獅路863巷1號,,1.0,1267.0,楊梅分局,,
大樓,私人住宅,EQA00395,桃園市楊梅區豐野里豐興街23巷7號,"24.935666,121.084610",1.0,470.0,楊梅分局,O,
大樓,私人住宅,EQA00396,桃園市楊梅區瑞塘里萬大路165號,"24.909237,121.176759",1.0,1087.0,楊梅分局,O,
大樓,私人住宅,EQA00397,桃園市楊梅區楊明里金山街318號,"24.911856,121.160185",3.0,2108.0,楊梅分局,O,
大樓,私人住宅,EQA00398,桃園市楊梅區雙榮里民族路五段147巷43號,"24.955607,121.171275",2.0,1661.0,楊梅分局,O,
大樓,私人住宅,EQA00399,桃園市楊梅區大同里楊新北路188巷30號,"24.911816,121.151211",2.0,853.0,楊梅分局,O,
大樓,私人住宅,EQA00400,桃園市楊梅區大平里中山南路448號,"24.905628,121.129008",1.0,322.0,楊梅分局,O,
大樓,私人住宅,EQA00401,桃園市楊梅區楊明里金山街319號,"24.911784,121.159915",,3373.0,楊梅分局,,
學校,楊梅國中-2,EQA00402,桃園市楊梅區紅梅里校前路149號,,1.0,902.0,楊梅分局,,
大樓,台鐵富岡基地,EQA00404,桃園市楊梅區富豐里富全街1號,"24.932454,121.070466",,204.0,楊梅分局,,
大樓,私人住宅,EQA00405,桃園市楊梅區上湖里富民街143巷25號,"24.917063,121.067054",1.0,440.0,楊梅分局,O,
大樓,偉盟五金製品有限公司,EQA00406,桃園市楊梅區中山里環東路298巷86號,"24.905757,121.156532",1.0,590.0,楊梅分局,,
醫療機構,怡仁醫院-2,EQA00407,桃園市楊梅區大同里楊新北路321巷30號,,1.0,322.0,楊梅分局,,
工廠,太平洋電纜(苑竣唐),EQA00408,桃園市楊梅區新榮里快速路五段858號,"24.949639,121.161461",,1662.0,楊梅分局,,
工廠,陳名洋(大清SUPER),EQA00409,桃園市楊梅區高榮里電研路190巷500號,"24.945788,121.171440",,3181.0,楊梅分局,,
大樓,私人住宅,EQA00410,桃園市楊梅區瑞塘里萬大路152巷15號,"24.909119,121.176037",,2330.0,楊梅分局,,
大樓,私人住宅,EQA00411,桃園市楊梅區瑞塘里瑞福街48號,"24.910932,121.176917",,1613.0,楊梅分局,,
大樓,私人住宅,EQA00412,桃園市楊梅區瑞塘里瑞梅街220巷1號2樓,"24.908937,121.174018",,816.0,楊梅分局,,
大樓,私人住宅,EQA00413,桃園市楊梅區楊江里金華街22號,"24.909118,121.141282",,556.0,楊梅分局,,
大樓,私人住宅,EQA00414,桃園市楊梅區瑞溪里梅獅路二段46號6樓,"24.909325,121.172887",,5467.0,楊梅分局,,
大樓,私人住宅,EQA00415,桃園市楊梅區中山里環東路298巷198號,"24.906888,121.157880",,3252.0,楊梅分局,,
大樓,私人住宅,EQA00416,桃園市楊梅區四維里永美路371巷26號15樓,"24.916015,121.178867",,4000.0,楊梅分局,,
大樓,私人住宅,EQA00417,桃園市楊梅區楊明里金山街275巷10號10樓,"24.911623,121.159200",,4395.0,楊梅分局,,
大樓,益欣學學社區,EQA00418,桃園市楊梅區楊明里新農街379巷13弄3號,"24.912469,121.156694",3.0,1321.0,楊梅分局,,
大樓,私人住宅,EQA00419,桃園市楊梅區青山一街205巷2號,"24.921116,121.171030",,1151.0,楊梅分局,,
大樓,私人住宅,EQA00420,桃園市楊梅區瑞塘里福羚路137號,"24.908702,121.177390",,3170.0,楊梅分局,,
大樓,私人住宅,EQA00421,桃園市楊梅區楊梅里金德路20號14樓,"24.915282,121.143951",,1847.0,楊梅分局,,
大樓,私人住宅,EQA00422,桃園市楊梅區楊梅里光復北街10號,"24.911882,121.144217",,901.0,楊梅分局,,
大樓,私人住宅,EQA00423,桃園市楊梅區中山里中山北路一段199巷82號,"24.906047,121.152149",,5970.0,楊梅分局,,
大樓,私人住宅,EQA00424,桃園市楊梅區永寧里校前路254巷51號,"24.901253,121.146678",,1771.0,楊梅分局,,
大樓,私人住宅,EQA00425,桃園市楊梅區永寧里校前路276巷6號2樓,"24.901263,121.148092",,296.0,楊梅分局,,
大樓,私人住宅,EQA00426,桃園市楊梅區瑞塘里福羚路92巷1號2樓,"24.909495,121.173333",,1863.0,楊梅分局,,
大樓,私人住宅,EQA00427,桃園市楊梅區梅溪里三民北路96號,"24.910713,121.168009",,826.0,楊梅分局,,
大樓,私人住宅,EQA00428,桃園市楊梅區楊明里金山街368巷36號11樓,"24.912367,121.161100",,7787.0,楊梅分局,,
學校,瑞梅國小,EQA00429,桃園市楊梅區梅溪里三元街99號,"24.910047,121.168627",,1037.0,楊梅分局,,
大樓,博皇國際,EQA00430,桃園市楊梅區高上里高青路42-2號,"24.927530,121.158358",,581.0,楊梅分局,,
大樓,私人住宅,EQA00432,桃園市楊梅區豐野里豐興街78號,"24.936337,121.084264",,479.0,楊梅分局,,
政府機關,富岡圖書館,EQA00433,桃園市楊梅區富岡里中華街66巷45號,"24.934692,121.078956",,832.0,楊梅分局,,
大樓,景碩員工宿舍,EQA00434,桃園市新屋區石磊里華興路67巷17號2樓,"24.991010,121.097464",,1521.0,楊梅分局,,
學校,社子國小,EQA00435,桃園市新屋區社子里社福路235號,"24.956797,121.079488",,87.0,楊梅分局,,
大樓,私人住宅,EQA00437,桃園市楊梅區楊江里光華街1號,"24.908402,121.146175",,1247.0,楊梅分局,,
大樓,夢想家,EQA00438,桃園市楊梅區東流里中山南路616號12樓,"24.903860,121.124907",,1463.0,楊梅分局,,
工廠,立多祿工業,EQA00439,桃園市楊梅區青山里獅五路1號,"24.925047,121.171736",,854.0,楊梅分局,,
大樓,大硯一期社區,EQA00440,桃園市楊梅區青山里青山一街155號,"24.921293,121.171267",,5026.0,楊梅分局,,
大樓,聖光雕塑,EQA00441,桃園市楊梅區青山里獅五路3號,"24.925844,121.170774",,953.0,楊梅分局,,
大樓,私人住宅,EQA00442,桃園市楊梅區金溪里瑞坪路276巷18號,"24.898041,121.174494",,5307.0,楊梅分局,,
大樓,私人住宅,EQA00443,桃園市楊梅區梅溪里新農街二段192號,"24.912095,121.169416",,5256.0,楊梅分局,,
大樓,臺億建築建築經理股份有限公司紀玉枝,EQA00444,桃園市新屋區頭洲里高洲一街37號,"24.961861,121.158317",2.0,1029.0,楊梅分局,O,
大樓,大清雄讚,EQA00445,桃園市新屋區石磊里中華路885巷19號,"24.985890,121.103196",,309.0,楊梅分局,,
大樓,私人住宅,EQA00446,桃園市楊梅區青山里青山一街111-1號,"24.921707,121.172582",,3617.0,楊梅分局,,
大樓,私人住宅,EQA00447,桃園市楊梅區瑞塘里梅獅路二段89號,"24.908807,121.173518",,1916.0,楊梅分局,,
大樓,私人住宅,EQA00448,桃園市楊梅區永寧里大北坑街一段215號,"24.873363,121.169921",,1218.0,楊梅分局,,
大樓,私人住宅,EQA00449,桃園市楊梅區豐野里豐興街82號,"24.936426,121.084177",,346.0,楊梅分局,,
大樓,福隆硬鉻,EQA00450,桃園市楊梅區高上里青年路5號,"24.925466,121.168265",,817.0,楊梅分局,,
金融機構,楊梅區農會法定代理人理事長：傅鑫財,EQA00451,桃園市楊梅區楊明里中山北路一段494巷76號,"24.911154,121.158243",3.0,4090.0,楊梅分局,,
大樓,私人住宅,EQA00452,桃園市楊梅區中山里中山北路一段199巷15號,"24.906696,121.152093",,9464.0,楊梅分局,,
大樓,私人住宅,EQA00454,桃園市楊梅區大同里楊新北路265號5樓之3,"24.912664,121.150508",,10474.0,楊梅分局,,
大樓,私人住宅,EQA00455,桃園市楊梅區楊明里中山北路一段369號,"24.908493,121.156257",,242.0,楊梅分局,,
學校,景碩幼兒園,EQA00456,桃園市新屋區清華里中華路768號,"24.983510,121.104409",,1018.0,楊梅分局,,
大樓,私人住宅,EQA00457,桃園市楊梅區楊梅里大成路165號,"24.911976,121.143470",2.0,112.0,楊梅分局,O,
大樓,私人住宅,EQA00458,桃園市楊梅區四維里永美路387巷17號,"24.915120,121.178228",,6472.0,楊梅分局,,
大樓,私人住宅,EQA00459,桃園市新屋區清華里新文路1088巷150弄106號,"24.984211,121.121701",,712.0,楊梅分局,,
大樓,私人住宅,EQA00460,桃園市楊梅區瑞塘里四維二路76號,"24.913118,121.177593",,3813.0,楊梅分局,,
學校,富岡國小,EQA00462,桃園市楊梅區豐野里19鄰中正路147號,,1.0,548.0,楊梅分局,,
大樓,億可國際飲食公司,EQA00479,桃園市楊梅區上田里和平路236巷8號,"24.940672,121.126795",1.0,118.0,楊梅分局,O,
大樓,私人住宅,EQA00480,桃園市楊梅區瑞坪里18鄰梅獅路二段251號,"24.905594,121.175430",3.0,2290.0,楊梅分局,O,
大樓,傻師傅食品有限公司負責人:江凱軒,EQA00481,桃園市楊梅區永平里3鄰永平路235號,"24.921130,121.178449",1.0,866.0,楊梅分局,O,
大樓,私人住宅,EQA00482,桃園市楊梅區永寧里25鄰環南路216號,"24.902318,121.142606",2.0,1426.0,楊梅分局,O,
大樓,私人住宅,EQA00483,桃園市楊梅區永平里3鄰永平路232號,"24.920915,121.178111",1.0,1129.0,楊梅分局,O,
大樓,家家買生活百貨有限公司負責人:陳柏壽,EQA00484,桃園市楊梅區仁美里2鄰永平路101號,"24.921456,121.179386",1.0,817.0,楊梅分局,O,
工廠,欣興電子股份有限公司負責人:曾子章,EQA00485,桃園市楊梅區永平里10鄰梅獅路一段426巷68號,"24.917431,121.174921",1.0,1811.0,楊梅分局,O,
大樓,私人住宅,EQA00486,桃園市楊梅區梅溪里20鄰中山北路二段220號,"24.909647,121.170099",1.0,372.0,楊梅分局,O,
電信機構,中華電信研究院,EQA00487,桃園市楊梅區新榮里6鄰電研路99-1號,"24.956010,121.165146",1.0,1080.0,楊梅分局,O,
大樓,私人住宅,EQA00488,桃園市楊梅區瑞坪里35鄰瑞溪路二段126號,"24.908738,121.181259",3.0,853.0,楊梅分局,,
大樓,私人住宅,EQA00489,桃園市楊梅區楊梅里26鄰楊新路41號,"24.91320,121.14696",2.0,160.0,楊梅分局,,
工廠,私人住宅,EQA00490,桃園市楊梅區中山里4鄰環東路298巷8號,"24.90699,121.15864",1.0,636.0,楊梅分局,,
工廠,私人住宅,EQA00491,桃園市楊梅區上田里6鄰和平路236巷31弄28號,"24.94100,121.12720",2.0,1029.0,楊梅分局,,
工廠,私人住宅,EQA00492,桃園市楊梅區金龍里14鄰金龍一路2號,"24.91190,121.186060",2.0,2428.0,楊梅分局,,
大樓,大清雄讚2.0,EQA00493,桃園市新屋區石磊里1鄰中華路835巷30號,"24.984803,121.105271",3.0,1482.0,楊梅分局,O,
大樓,私人住宅,EQA00494,桃園市楊梅區永平里9鄰新農街二段239巷2號,"24.912365,121.172734",2.0,506.0,楊梅分局,,
大樓,私人住宅,EQA00495,桃園市楊梅區中山里5鄰中山北路一段80號,"24.907797,121.151537",1.0,161.0,楊梅分局,,
大樓,私人住宅,EQA00496,桃園市楊梅區頭湖里12鄰泰圳路389號,"24.904512,121.109089",1.0,2719.0,楊梅分局,,
大樓,私人住宅,EQA00497,桃園市楊梅區中山里4鄰環東路298巷196號,"24.906900,121.160066",1.0,4024.0,楊梅分局,,
