類別,電腦編號,村里別,地址,地下樓層數,可容納人數,備註,placemark_address
大樓,UOAO003,吉貝村,澎湖縣白沙鄉吉貝村8號之7,1.0,144.0,,澎湖縣白沙鄉吉貝村8號之7
學校,UOAO0018,赤崁村,澎湖縣白沙鄉赤崁村294號,1.0,118.0,,澎湖縣白沙鄉赤崁村294號
學校,UOAO0017,赤崁村,澎湖縣白沙鄉赤崁村370號,1.0,301.0,*無障礙避難,澎湖縣白沙鄉赤崁村370號
宮廟,UOAO0012,小門村,"23.651976779373697, 119.51806348636724",1.0,48.0,澎湖縣西嶼鄉小門村19號之1,"23.651976779373697, 119.51806348636724"
學校,UOAO0016,外垵村,"23.56784842767596, 119.48103404341583",1.0,266.0,澎湖縣西嶼鄉外垵村29號之3
宮廟,UOAO0022,池西村,"23.599734102605634, 119.50511098909594",1.0,104.0,澎湖縣西嶼鄉池西村161號；*無障礙避難,"23.599734102605634, 119.50511098909594"
金融機構,UOAO0020,池東村,"23.60270006747199, 119.51065639662205",1.0,229.0,澎湖縣西嶼鄉池東村1號,"23.60270006747199, 119.51065639662205"
中華電信局,UOAO0021,池東村,"23.599663945806377, 119.51132708206313",1.0,112.0,澎湖縣西嶼鄉池東村211號,"23.599663945806377, 119.51132708206313"
中華電信局,UOAO0019,池東村,"23.59962777636935, 119.51145902645922",1.0,146.0,澎湖縣西嶼鄉池東村211號之1,"23.59962777636935, 119.51145902645922"
宮廟,UOAO0013,竹灣村,澎湖縣西嶼鄉竹灣村75號,1.0,200.0,,澎湖縣西嶼鄉竹灣村75號
旅宿業,UNA00598,山水里,澎湖縣馬公市山水里110之6號,1.0,1239.0,,澎湖縣馬公市山水里110之6號
大樓,UNA00380,中央里,澎湖縣馬公市中央里中正路25號,1.0,78.0,,澎湖縣馬公市中央里中正路25號
大樓,UNA00377,中央里,澎湖縣馬公市中央里中正路27號,1.0,90.0,,澎湖縣馬公市中央里中正路27號
大樓,UNA00379,中央里,"23.56427224744538, 119.56476173361935",1.0,74.0,澎湖縣馬公市中央里中正路3巷1號,"23.56427224744538, 119.56476173361935"
大樓,UNA00386,中央里,"23.564301749987457, 119.56477246245439",1.0,85.0,澎湖縣馬公市中央里正義街48號
大樓,UNA00383,中央里,澎湖縣馬公市中央里惠民一路12號,1.0,93.0,,澎湖縣馬公市中央里惠民一路12號
大樓,UNA00384,中央里,澎湖縣馬公市中央里惠民一路13號,1.0,50.0,,澎湖縣馬公市中央里惠民一路13號
大樓,UNA00381,中央里,澎湖縣馬公市中央里惠民路73號,1.0,50.0,,澎湖縣馬公市中央里惠民路73號
大樓,UNA00376,中央里,"澎湖縣馬公市中央里惠民路75號 ",1.0,50.0,,澎湖縣馬公市中央里惠民路75號
大樓,UNA00379,中央里,澎湖縣馬公市中央里惠安路17號,1.0,230.0,,澎湖縣馬公市中央里惠安路17號
衛生局,UNA00512,中興里,澎湖縣馬公市中興里中正路115號,1.0,420.0,*無障礙避難,澎湖縣馬公市中興里中正路115號
縣議會,UNA00524,中興里,"澎湖縣馬公市中興里中正路76號 ",1.0,200.0,*無障礙避難,澎湖縣馬公市中興里中正路76號
大樓,UNA00520,中興里,"澎湖縣馬公市中興里文化路57號  ",1.0,270.0,,澎湖縣馬公市中興里文化路57號
旅宿業,UNA00516,中興里,澎湖縣馬公市中興里民生路10號,1.0,240.0,*無障礙避難,澎湖縣馬公市中興里民生路10號
玉山銀行,UNA00525,中興里,澎湖縣馬公市中興里民生路2號,1.0,100.0,,澎湖縣馬公市中興里民生路2號
旅宿業,UNA00527,中興里,澎湖縣馬公市中興里民生路34號,1.0,846.0,,澎湖縣馬公市中興里民生路34號
學校,UNA00572,中興里,澎湖縣馬公市中興里民生路38號,2.0,4853.0,*無障礙避難,澎湖縣馬公市中興里民生路38號
學校,UNA00343,中興里,澎湖縣馬公市中興里民族路68號,1.0,489.0,*無障礙避難,澎湖縣馬公市中興里民族路68號
大樓,UNA00518,中興里,"澎湖縣馬公市中興里光復路33號 ",1.0,100.0,,澎湖縣馬公市中興里光復路33號
大樓,UNA00523,中興里,"澎湖縣馬公市中興里忠孝路1之4號  ",1.0,120.0,,澎湖縣馬公市中興里忠孝路1之4號
縣政府,UNA00519,中興里,澎湖縣馬公市中興里明遠路21號,1.0,374.0,,澎湖縣馬公市中興里明遠路21號
大樓,UNA00513,中興里,"澎湖縣馬公市中興里治平路15號  ",1.0,300.0,,澎湖縣馬公市中興里治平路15號
稅捐處,UNA00514,中興里,"澎湖縣馬公市中興里治平路17之2號 ",1.0,50.0,*無障礙避難,澎湖縣馬公市中興里治平路17之2號
大樓,UNA00531,中興里,澎湖縣馬公市中興里治平路26號,1.0,557.0,,澎湖縣馬公市中興里治平路26號
縣政府,UNA00532,中興里,澎湖縣馬公市中興里治平路32號,2.0,10484.0,*無障礙避難,澎湖縣馬公市中興里治平路32號
縣警局,UNA00530,中興里,澎湖縣馬公市中興里治平路36號,1.0,20.0,,澎湖縣馬公市中興里治平路36號
縣警局,UNA00516,中興里,澎湖縣馬公市中興里治平路36號,1.0,250.0,,澎湖縣馬公市中興里治平路36號
學校,UNA00553,五德里,澎湖縣馬公市五德里32號,1.0,333.0,,澎湖縣馬公市五德里32號
學校,UNA00554,五德里,澎湖縣馬公市五德里41號,1.0,490.0,,澎湖縣馬公市五德里41號
電信機房,UNA00548,石泉里,澎湖縣馬公市石泉里1之203號,1.0,404.0,,澎湖縣馬公市石泉里1之203號
學校,UNA00547,石泉里,澎湖縣馬公市石泉里1號,1.0,300.0,,澎湖縣馬公市石泉里1號
學校,UNA00573,光明里,澎湖縣馬公市光明里文光路17號,1.0,793.0,*無障礙避難,澎湖縣馬公市光明里文光路17號
大樓,UNA00264,光明里,澎湖縣馬公市光明里文光路34號,1.0,80.0,,澎湖縣馬公市光明里文光路34號
大樓,UNA00262,光明里,澎湖縣馬公市光明里文光路48巷9號,1.0,86.0,,澎湖縣馬公市光明里文光路48巷9號
大樓,UNA00252,光明里,澎湖縣馬公市光明里文光路50號,1.0,36.0,,澎湖縣馬公市光明里文光路50號
大樓,UNA00253,光明里,澎湖縣馬公市光明里文光路52之1號,1.0,25.0,,澎湖縣馬公市光明里文光路52之1號
大樓,UNA00270,光明里,澎湖縣馬公市光明里文光路54巷3號,1.0,36.0,,澎湖縣馬公市光明里文光路54巷3號
大樓,UNA00266,光明里,澎湖縣馬公市光明里文光路82號,1.0,80.0,,澎湖縣馬公市光明里文光路82號
大樓,UNA00274,光明里,澎湖縣馬公市光明里民族路143之1號,1.0,32.0,,澎湖縣馬公市光明里民族路143之1號
大樓,UNA00275,光明里,澎湖縣馬公市光明里民族路143之2號,1.0,32.0,,澎湖縣馬公市光明里民族路143之2號
大樓,UNA00255,光明里,澎湖縣馬公市光明里光復路107號,1.0,40.0,,澎湖縣馬公市光明里光復路107號
大樓,UNA00265,光明里,澎湖縣馬公市光明里光復路125之1號,1.0,34.0,,澎湖縣馬公市光明里光復路125之1號
大樓,UNA00263,光明里,澎湖縣馬公市光明里光復路125之2號,1.0,34.0,,澎湖縣馬公市光明里光復路125之2號
大樓,UNA00261,光明里,澎湖縣馬公市光明里光復路125號,1.0,34.0,,澎湖縣馬公市光明里光復路125號
大樓,UNA00256,光明里,澎湖縣馬公市光明里光復路127號,1.0,30.0,,澎湖縣馬公市光明里光復路127號
大樓,UNA00268,光明里,澎湖縣馬公市光明里光復路129之2號,1.0,40.0,,澎湖縣馬公市光明里光復路129之2號
大樓,UNA00269,光明里,澎湖縣馬公市光明里光復路129號,1.0,30.0,,澎湖縣馬公市光明里光復路129號
大樓,UNA00602,光明里,澎湖縣馬公市光明里光復路155號,1.0,374.0,,澎湖縣馬公市光明里光復路155號
大樓,UNA00601,光明里,澎湖縣馬公市光明里光復路157號,1.0,201.0,,澎湖縣馬公市光明里光復路157號
大樓,UNA00260,光明里,澎湖縣馬公市光明里光復路169巷1號,1.0,148.0,,澎湖縣馬公市光明里光復路169巷1號
大樓,UNA00254,光明里,澎湖縣馬公市光明里光復路85號,1.0,25.0,,澎湖縣馬公市光明里光復路85號
大樓,UNA00267,光明里,澎湖縣馬公市光明里光復路87號,1.0,25.0,,澎湖縣馬公市光明里光復路87號
大樓,UNA00258,光明里,澎湖縣馬公市光明里光復路91號,1.0,34.0,,澎湖縣馬公市光明里光復路91號
大樓,UNA00259,光明里,澎湖縣馬公市光明里光復路93號,1.0,90.0,,澎湖縣馬公市光明里光復路93號
大樓,UNA00272,光明里,澎湖縣馬公市光明里光復路95號,1.0,94.0,,澎湖縣馬公市光明里光復路95號
大樓,UNA00257,光明里,澎湖縣馬公市光明里光復路97號,1.0,30.0,,澎湖縣馬公市光明里光復路97號
大樓,UNA00280,光明里,澎湖縣馬公市光明里自立路104號,1.0,52.0,,澎湖縣馬公市光明里自立路104號
大樓,UNA00282,光明里,澎湖縣馬公市光明里自立路105號,1.0,41.0,,澎湖縣馬公市光明里自立路105號
大樓,UNA00281,光明里,澎湖縣馬公市光明里自立路106號,1.0,82.0,,澎湖縣馬公市光明里自立路106號
大樓,UNA00298,光明里,澎湖縣馬公市光明里忠孝路105號,1.0,150.0,,澎湖縣馬公市光明里忠孝路105號
旅宿業,UNA00298,光明里,澎湖縣馬公市光明里忠孝路105號,1.0,150.0,,澎湖縣馬公市光明里忠孝路105號
大樓,UNA00294,光明里,澎湖縣馬公市光明里忠孝路62號,1.0,60.0,,澎湖縣馬公市光明里忠孝路62號
大樓,UNA00297,光明里,澎湖縣馬公市光明里忠孝路81號,1.0,44.0,,澎湖縣馬公市光明里忠孝路81號
大樓,UNA00295,光明里,澎湖縣馬公市光明里忠孝路83號,1.0,44.0,,澎湖縣馬公市光明里忠孝路83號
大樓,UNA00296,光明里,澎湖縣馬公市光明里忠孝路85號,1.0,44.0,,澎湖縣馬公市光明里忠孝路85號
大樓,UNA00285,光明里,澎湖縣馬公市光明里忠孝路87號,1.0,42.0,,澎湖縣馬公市光明里忠孝路87號
大樓,UNA00289,光明里,澎湖縣馬公市光明里忠孝路89巷10號,1.0,26.0,,澎湖縣馬公市光明里忠孝路89巷10號
大樓,UNA00290,光明里,澎湖縣馬公市光明里忠孝路89巷12號,1.0,26.0,,澎湖縣馬公市光明里忠孝路89巷12號
大樓,UNA00291,光明里,澎湖縣馬公市光明里忠孝路89巷14號,1.0,26.0,,澎湖縣馬公市光明里忠孝路89巷14號
大樓,UNA00292,光明里,澎湖縣馬公市光明里忠孝路89巷16號,1.0,26.0,,澎湖縣馬公市光明里忠孝路89巷16號
大樓,UNA00293,光明里,澎湖縣馬公市光明里忠孝路89巷18號,1.0,26.0,,澎湖縣馬公市光明里忠孝路89巷18號
大樓,UNA00288,光明里,澎湖縣馬公市光明里忠孝路89巷8號,1.0,26.0,,澎湖縣馬公市光明里忠孝路89巷8號
大樓,UNA00279,光明里,澎湖縣馬公市光明里明遠路12巷10之1號,1.0,30.0,,澎湖縣馬公市光明里明遠路12巷10之1號
大樓,UNA00300,光明里,澎湖縣馬公市光明里明遠路12巷10之2號,1.0,26.0,,澎湖縣馬公市光明里明遠路12巷10之2號
大樓,UNA00276,光明里,澎湖縣馬公市光明里明遠路12巷10之3號,1.0,26.0,,澎湖縣馬公市光明里明遠路12巷10之3號
大樓,UNA00286,光明里,澎湖縣馬公市光明里明遠路12巷10之4號,1.0,26.0,,澎湖縣馬公市光明里明遠路12巷10之4號
大樓,UNA00287,光明里,澎湖縣馬公市光明里明遠路12巷10之5號,1.0,26.0,,澎湖縣馬公市光明里明遠路12巷10之5號
大樓,UNA00277,光明里,澎湖縣馬公市光明里明遠路12巷10之6號,1.0,26.0,,澎湖縣馬公市光明里明遠路12巷10之6號
大樓,UNA00278,光明里,澎湖縣馬公市光明里明遠路12巷10之7號,1.0,26.0,,澎湖縣馬公市光明里明遠路12巷10之7號
學校,UNA00271,光明里,澎湖縣馬公市光明里明遠路2號,1.0,1043.0,,澎湖縣馬公市光明里明遠路2號
旅宿業,UNA00299,光明里,澎湖縣馬公市光明里明遠路52號,1.0,333.0,,澎湖縣馬公市光明里明遠路52號
大樓,UNA00283,光明里,澎湖縣馬公市光明里信義路31之1號,1.0,48.0,,澎湖縣馬公市光明里信義路31之1號
大樓,UNA00055,光復里,澎湖縣馬公市光復里三民路40號,1.0,164.0,,澎湖縣馬公市光復里三民路40號
大樓,UNA00055,光復里,澎湖縣馬公市光復里三民路40號,1.0,164.0,,澎湖縣馬公市光復里三民路40號
大樓,UNA00071,光復里,澎湖縣馬公市光復里中華路15之2號,1.0,81.0,,澎湖縣馬公市光復里中華路15之2號
大樓,UNA00070,光復里,澎湖縣馬公市光復里中華路15之3號,1.0,81.0,,澎湖縣馬公市光復里中華路15之3號
大樓,UNA00068,光復里,澎湖縣馬公市光復里中華路17之1號,1.0,94.0,,澎湖縣馬公市光復里中華路17之1號
大樓,UNA00069,光復里,澎湖縣馬公市光復里中華路17號,1.0,80.0,,澎湖縣馬公市光復里中華路17號
大樓,UNA00049,光復里,澎湖縣馬公市光復里中華路20號,1.0,80.0,,澎湖縣馬公市光復里中華路20號
大樓,UNA00062,光復里,澎湖縣馬公市光復里中華路29之3號,1.0,102.0,,澎湖縣馬公市光復里中華路29之3號
大樓,UNA00081,光復里,澎湖縣馬公市光復里中華路33號,1.0,150.0,,澎湖縣馬公市光復里中華路33號
大樓,UNA00003,光復里,澎湖縣馬公市光復里中華路34號,1.0,20.0,,澎湖縣馬公市光復里中華路34號
大樓,UNA00075,光復里,澎湖縣馬公市光復里中華路35之3號,1.0,24.0,,澎湖縣馬公市光復里中華路35之3號
大樓,UNA00076,光復里,澎湖縣馬公市光復里中華路35號,1.0,30.0,,澎湖縣馬公市光復里中華路35號
大樓,UNA00051,光復里,澎湖縣馬公市光復里中華路36號,1.0,50.0,,澎湖縣馬公市光復里中華路36號
大樓,UNA00077,光復里,澎湖縣馬公市光復里中華路37號,1.0,28.0,,澎湖縣馬公市光復里中華路37號
大樓,UNA00059,光復里,澎湖縣馬公市光復里中華路39之1號,1.0,24.0,,澎湖縣馬公市光復里中華路39之1號
大樓,UNA00078,光復里,澎湖縣馬公市光復里中華路39號,1.0,30.0,,澎湖縣馬公市光復里中華路39號
大樓,UNA00011,光復里,澎湖縣馬公市光復里中華路40號,1.0,20.0,,澎湖縣馬公市光復里中華路40號
大樓,UNA00010,光復里,澎湖縣馬公市光復里中華路40號,1.0,22.0,,澎湖縣馬公市光復里中華路40號
大樓,UNA00064,光復里,澎湖縣馬公市光復里中華路43巷2號,1.0,208.0,,澎湖縣馬公市光復里中華路43巷2號
大樓,UNA00085,光復里,澎湖縣馬公市光復里中華路43巷4號,1.0,208.0,,澎湖縣馬公市光復里中華路43巷4號
大樓,UNA00063,光復里,澎湖縣馬公市光復里中華路43巷6號,1.0,258.0,,澎湖縣馬公市光復里中華路43巷6號
大樓,UNA00058,光復里,澎湖縣馬公市光復里中華路43號,1.0,24.0,,澎湖縣馬公市光復里中華路43號
大樓,UNA00047,光復里,澎湖縣馬公市光復里中華路44之2號,1.0,25.0,,澎湖縣馬公市光復里中華路44之2號
大樓,UNA00048,光復里,澎湖縣馬公市光復里中華路44之3號,1.0,24.0,,澎湖縣馬公市光復里中華路44之3號
大樓,UNA00079,光復里,澎湖縣馬公市光復里中華路45號,1.0,18.0,,澎湖縣馬公市光復里中華路45號
大樓,UNA00084,光復里,澎湖縣馬公市光復里中華路49之2號,1.0,36.0,,澎湖縣馬公市光復里中華路49之2號
大樓,UNA00083,光復里,澎湖縣馬公市光復里中華路49號,1.0,114.0,,澎湖縣馬公市光復里中華路49號
大樓,UNA00045,光復里,澎湖縣馬公市光復里中華路52之2號,1.0,69.0,,澎湖縣馬公市光復里中華路52之2號
大樓,UNA00003,光復里,澎湖縣馬公市光復里中華路59之2號,1.0,250.0,,澎湖縣馬公市光復里中華路59之2號
大樓,UNA00056,光復里,澎湖縣馬公市光復里水源路2之1號,1.0,620.0,*無障礙避難,澎湖縣馬公市光復里水源路2之1號
公寓,UNA00072,光復里,澎湖縣馬公市光復里北辰街17巷1號,1.0,266.0,,澎湖縣馬公市光復里北辰街17巷1號
大樓,UNA00080,光復里,澎湖縣馬公市光復里光復路18號,1.0,85.0,,澎湖縣馬公市光復里光復路18號
大樓,UNA00061,光復里,澎湖縣馬公市光復里光復路20之3號,1.0,20.0,,澎湖縣馬公市光復里光復路20之3號
大樓,UNA00060,光復里,澎湖縣馬公市光復里光復路20之4號,1.0,20.0,,澎湖縣馬公市光復里光復路20之4號
大樓,UNA00057,光復里,澎湖縣馬公市光復里光復路20號,1.0,13.0,,澎湖縣馬公市光復里光復路20號
大樓,UNA00074,光復里,澎湖縣馬公市光復里光復路48號,1.0,25.0,,澎湖縣馬公市光復里光復路48號
公寓,UNA00073,光復里,澎湖縣馬公市光復里光復路66號,1.0,266.0,,澎湖縣馬公市光復里光復路66號
百貨公司,UNA00599,光復里,澎湖縣馬公市光復里同和路158號,1.0,12968.0,*無障礙避難,澎湖縣馬公市光復里同和路158號
大樓,UNA00066,光復里,澎湖縣馬公市光復里治平路3之1號,1.0,208.0,,澎湖縣馬公市光復里治平路3之1號
大樓,UNA00067,光復里,澎湖縣馬公市光復里治平路3號,1.0,208.0,,澎湖縣馬公市光復里治平路3號
大樓,UNA00065,光復里,澎湖縣馬公市光復里治平路5號,1.0,208.0,,澎湖縣馬公市光復里治平路5號
大樓,UNA00020,光復里,澎湖縣馬公市光復里新生路113巷11號,1.0,33.0,,澎湖縣馬公市光復里新生路113巷11號
大樓,UNA00021,光復里,澎湖縣馬公市光復里新生路113巷13號,1.0,32.0,,澎湖縣馬公市光復里新生路113巷13號
大樓,UNA00042,光復里,澎湖縣馬公市光復里新生路113巷15號,1.0,33.0,,澎湖縣馬公市光復里新生路113巷15號
大樓,UNA00043,光復里,澎湖縣馬公市光復里新生路113巷17號,1.0,33.0,,澎湖縣馬公市光復里新生路113巷17號
大樓,UNA00046,光復里,澎湖縣馬公市光復里新生路113巷19號,1.0,33.0,,澎湖縣馬公市光復里新生路113巷19號
大樓,UNA00026,光復里,澎湖縣馬公市光復里新生路113巷1號,1.0,33.0,,澎湖縣馬公市光復里新生路113巷1號
大樓,UNA00044,光復里,澎湖縣馬公市光復里新生路113巷21號,1.0,33.0,,澎湖縣馬公市光復里新生路113巷21號
大樓,UNA00038,光復里,澎湖縣馬公市光復里新生路113巷25號,1.0,33.0,,澎湖縣馬公市光復里新生路113巷25號
大樓,UNA00036,光復里,澎湖縣馬公市光復里新生路113巷26號,1.0,33.0,,澎湖縣馬公市光復里新生路113巷26號
大樓,UNA00039,光復里,澎湖縣馬公市光復里新生路113巷27號,1.0,33.0,,澎湖縣馬公市光復里新生路113巷27號
大樓,UNA00035,光復里,澎湖縣馬公市光復里新生路113巷28號,1.0,33.0,,澎湖縣馬公市光復里新生路113巷28號
大樓,UNA00040,光復里,澎湖縣馬公市光復里新生路113巷29號,1.0,33.0,,澎湖縣馬公市光復里新生路113巷29號
大樓,UNA00034,光復里,澎湖縣馬公市光復里新生路113巷30號,1.0,33.0,,澎湖縣馬公市光復里新生路113巷30號
大樓,UNA00041,光復里,澎湖縣馬公市光復里新生路113巷31號,1.0,33.0,,澎湖縣馬公市光復里新生路113巷31號
大樓,UNA00033,光復里,澎湖縣馬公市光復里新生路113巷32號,1.0,33.0,,澎湖縣馬公市光復里新生路113巷32號
大樓,UNA00027,光復里,澎湖縣馬公市光復里新生路113巷3號,1.0,33.0,,澎湖縣馬公市光復里新生路113巷3號
大樓,UNA00017,光復里,澎湖縣馬公市光復里新生路113巷5號,1.0,33.0,,澎湖縣馬公市光復里新生路113巷5號
大樓,UNA00018,光復里,澎湖縣馬公市光復里新生路113巷7號,1.0,33.0,,澎湖縣馬公市光復里新生路113巷7號
大樓,UNA00019,光復里,澎湖縣馬公市光復里新生路113巷9號,1.0,33.0,,澎湖縣馬公市光復里新生路113巷9號
大樓,UNA00025,光復里,澎湖縣馬公市光復里新生路115之1號,1.0,30.0,,澎湖縣馬公市光復里新生路115之1號
大樓,UNA00031,光復里,澎湖縣馬公市光復里新生路16號,1.0,300.0,,澎湖縣馬公市光復里新生路16號
大樓,UNA00037,光復里,澎湖縣馬公市光復里新生路23號,1.0,33.0,,澎湖縣馬公市光復里新生路23號
大樓,UNA00002,光復里,澎湖縣馬公市光復里新生路46號,1.0,37.0,,澎湖縣馬公市光復里新生路46號
大樓,UNA00013,光復里,澎湖縣馬公市光復里新生路53之1號,1.0,37.0,,澎湖縣馬公市光復里新生路53之1號
大樓,UNA00014,光復里,澎湖縣馬公市光復里新生路53之2號,1.0,78.0,,澎湖縣馬公市光復里新生路53之2號
大樓,UNA00001,光復里,澎湖縣馬公市光復里新生路62號,1.0,40.0,,澎湖縣馬公市光復里新生路62號
大樓,UNA00050,光復里,澎湖縣馬公市光復里新生路64巷33號,1.0,93.0,,澎湖縣馬公市光復里新生路64巷33號
大樓,UNA00015,光復里,澎湖縣馬公市光復里新生路78號,1.0,33.0,,澎湖縣馬公市光復里新生路78號
大樓,UNA00008,光復里,澎湖縣馬公市光復里漁隆路35號,1.0,14.0,,澎湖縣馬公市光復里漁隆路35號
醫院,UNA00082,光復里,澎湖縣馬公市光復里樹德路14號,1.0,1180.0,,澎湖縣馬公市光復里樹德路14號
大樓,UNA00004,光復里,澎湖縣馬公市光復里興港北街2號,1.0,146.0,,澎湖縣馬公市光復里興港北街2號
大樓,UNA00009,光復里,澎湖縣馬公市光復里興港北街5號,1.0,53.0,,澎湖縣馬公市光復里興港北街5號
監理站,UNA00546,光華里,"23.558644069446053, 119.60494129884127",1.0,238.0,澎湖縣馬公市光華里121號,"23.558644069446053, 119.60494129884127"
老人之家,UNA00579,光華里,澎湖縣馬公市光華里123號,1.0,573.0,,澎湖縣馬公市光華里123號
公寓,UNA00579,光榮里,澎湖縣馬公市光榮里三多路343號,1.0,5614.0,*無障礙避難,澎湖縣馬公市光榮里三多路343號
公寓,UNA00578,光榮里,澎湖縣馬公市光榮里三多路351號,1.0,4227.0,*無障礙避難,澎湖縣馬公市光榮里三多路351號
大樓,UNA00004,光榮里,澎湖縣馬公市光榮里三多路390巷18號,1.0,355.0,,澎湖縣馬公市光榮里三多路390巷18號
旅宿業,UNA00594,光榮里,澎湖縣馬公市光榮里三多路390巷18號,1.0,355.0,*無障礙避難,澎湖縣馬公市光榮里三多路390巷18號
公寓,UNA00318,光榮里,澎湖縣馬公市光榮里三多路451號,1.0,3322.0,*無障礙避難,澎湖縣馬公市光榮里三多路451號
大樓,UNA00325,光榮里,澎湖縣馬公市光榮里文光路106巷4之1號,1.0,56.0,,澎湖縣馬公市光榮里文光路106巷4之1號
公寓,UNA00324,光榮里,澎湖縣馬公市光榮里文光路110號,1.0,578.0,,澎湖縣馬公市光榮里文光路110號
大樓,UNA00307,光榮里,澎湖縣馬公市光榮里文光路142巷4號,1.0,30.0,,澎湖縣馬公市光榮里文光路142巷4號
大樓,UNA00309,光榮里,澎湖縣馬公市光榮里文光路162巷6號,1.0,20.0,,澎湖縣馬公市光榮里文光路162巷6號
公寓,UNA00308,光榮里,澎湖縣馬公市光榮里文光路168巷49之2號,1.0,330.0,,澎湖縣馬公市光榮里文光路168巷49之2號
旅宿業,UNA00596,光榮里,澎湖縣馬公市光榮里文光路216號,1.0,939.0,*無障礙避難,澎湖縣馬公市光榮里文光路216號
大樓,UNA00314,光榮里,澎湖縣馬公市光榮里文光路49之1號,1.0,13.0,,澎湖縣馬公市光榮里文光路49之1號
大樓,UNA00311,光榮里,澎湖縣馬公市光榮里文光路63巷2號,1.0,26.0,,澎湖縣馬公市光榮里文光路63巷2號
公寓,UNA00317,光榮里,澎湖縣馬公市光榮里文光路71號,1.0,394.0,*無障礙避難,澎湖縣馬公市光榮里文光路71號
公寓,UNA00570,光榮里,澎湖縣馬公市光榮里文光路85號,1.0,3027.0,*無障礙避難,澎湖縣馬公市光榮里文光路85號
大樓,UNA00320,光榮里,澎湖縣馬公市光榮里光復路185之3號,1.0,22.0,,澎湖縣馬公市光榮里光復路185之3號
大樓,UNA00322,光榮里,澎湖縣馬公市光榮里光復路223號,1.0,50.0,,澎湖縣馬公市光榮里光復路223號
大樓,UNA00321,光榮里,澎湖縣馬公市光榮里光復路229號,1.0,20.0,,澎湖縣馬公市光榮里光復路229號
大樓,UNA00323,光榮里,澎湖縣馬公市光榮里光復路283號,1.0,40.0,,澎湖縣馬公市光榮里光復路283號
公寓,UNA00327,光榮里,澎湖縣馬公市光榮里光復路293號,1.0,258.0,,澎湖縣馬公市光榮里光復路293號
大樓,UNA00312,光榮里,澎湖縣馬公市光榮里成功街17號,1.0,37.0,,澎湖縣馬公市光榮里成功街17號
大樓,UNA00326,光榮里,澎湖縣馬公市光榮里陽明路縣府新村25號,1.0,105.0,,澎湖縣馬公市光榮里陽明路縣府新村25號
醫院,UNA00551,安宅里,澎湖縣馬公市安宅里宅腳嶼91號,1.0,874.0,,澎湖縣馬公市安宅里宅腳嶼91號
法院,UNA00089,西文里,澎湖縣馬公市西文里101之11號,1.0,1286.0,,澎湖縣馬公市西文里101之11號
大樓,UNA00088,西文里,"23.568755822193154, 119.58902832127436",1.0,772.0,澎湖縣馬公市西文里102之11號,"23.568755822193154, 119.58902832127436"
公寓,UNA00087,西文里,"23.568755822193154, 119.58904977894443",1.0,634.0,澎湖縣馬公市西文里102之8號,"23.568755822193154, 119.58904977894443"
公寓,UNA00087,西文里,"23.568755822193154, 119.58902832127431",1.0,45.0,澎湖縣馬公市西文里102之9號,"23.568755822193154, 119.58902832127431"
大樓,UNA00106,西文里,"23.568755822193154, 119.58904977894439",1.0,41.0,澎湖縣馬公市西文里113之60號,"23.568755822193154, 119.58904977894439"
公寓,UNA00107,西文里,"23.568795157571728, 119.58904977894439",1.0,46.0,澎湖縣馬公市西文里12之5號,"23.568795157571728, 119.58904977894439"
二信漁港分社,UNA00571,西文里,澎湖縣馬公市西文里240號,1.0,628.0,,澎湖縣馬公市西文里240號
法院,UNA00580,西文里,澎湖縣馬公市西文里310號,1.0,6933.0,,澎湖縣馬公市西文里310號
公寓,UNA00108,西文里,"23.565937018018275, 119.58616599894873",1.0,522.0,澎湖縣馬公市西文里63之29號,"23.565937018018275, 119.58616599894873"
公寓,UNA00109,西文里,澎湖縣馬公市西文里63之40號,1.0,476.0,,澎湖縣馬公市西文里63之40號
學校,UNA00103,西文里,澎湖縣馬公市西文里中華路326號,1.0,693.0,,澎湖縣馬公市西文里中華路326號
旅宿業,UNA00593,西文里,澎湖縣馬公市西文里文德路19號,1.0,341.0,*無障礙避難,澎湖縣馬公市西文里文德路19號
大樓,UNA00104,西文里,"23.56965049698968, 119.56911553953017",1.0,174.0,澎湖縣馬公市西文里惠民新村20號,"23.56965049698968, 119.56911553953017"
大樓,UNA00304,西衛里,澎湖縣馬公市西衛里三多路286號,1.0,50.0,,澎湖縣馬公市西衛里三多路286號
學校,UNA00568,西衛里,澎湖縣馬公市西衛里六合路299號,1.0,1990.0,,澎湖縣馬公市西衛里六合路299號
學校,UNA00576,西衛里,澎湖縣馬公市西衛里六合路300號,1.0,1991.0,,澎湖縣馬公市西衛里六合路300號
學校,UNA00306,西衛里,澎湖縣馬公市西衛里六合路300號,1.0,3521.0,*無障礙避難,澎湖縣馬公市西衛里六合路300號
大樓,UNA00303,西衛里,澎湖縣馬公市西衛里光復路327巷14號,1.0,28.0,,澎湖縣馬公市西衛里光復路327巷14號
大樓,UNA00301,西衛里,澎湖縣馬公市西衛里敬業街2號,1.0,40.0,,澎湖縣馬公市西衛里敬業街2號
大樓,UNA00302,西衛里,澎湖縣馬公市西衛里敬業街4號,1.0,40.0,,澎湖縣馬公市西衛里敬業街4號
學校,UNA00539,東文里,澎湖縣馬公市東文里大賢街285號,1.0,541.0,,澎湖縣馬公市東文里大賢街285號
公寓,UNA00537,東文里,澎湖縣馬公市東文里文山路146號,1.0,121.0,,澎湖縣馬公市東文里文山路146號
公寓,UNA00534,東文里,澎湖縣馬公市東文里文山路27巷1號,1.0,1014.0,,澎湖縣馬公市東文里文山路27巷1號
公寓,UNA00595,東文里,澎湖縣馬公市東文里文山路27巷8之5號,1.0,857.0,,澎湖縣馬公市東文里文山路27巷8之5號
公寓,UNA00541,東文里,澎湖縣馬公市東文里文山路69號,1.0,702.0,,澎湖縣馬公市東文里文山路69號
公寓,UNA00536,東文里,澎湖縣馬公市東文里文山路79號,1.0,837.0,,澎湖縣馬公市東文里文山路79號
公寓,UNA00538,東文里,澎湖縣馬公市東文里文明路101巷1號,1.0,732.0,,澎湖縣馬公市東文里文明路101巷1號
公寓,UNA00540,東文里,澎湖縣馬公市東文里文明路152號,1.0,513.0,,澎湖縣馬公市東文里文明路152號
公寓,UNA00535,東文里,澎湖縣馬公市東文里文明路62號,1.0,712.0,,澎湖縣馬公市東文里文明路62號
公寓,UNA00533,東文里,澎湖縣馬公市東文里文明路91號,1.0,136.0,,澎湖縣馬公市東文里文明路91號
旅宿業,UNA00600,東文里,澎湖縣馬公市東文里民富街25號,1.0,560.0,*無障礙避難,澎湖縣馬公市東文里民富街25號
公寓,UNA00604,東文里,澎湖縣馬公市東文里民富街48巷30號,1.0,1126.0,,澎湖縣馬公市東文里民富街48巷30號
旅宿業,UNA00603,東文里,澎湖縣馬公市東文里東文澳123之1號,1.0,645.0,*無障礙避難,澎湖縣馬公市東文里東文澳123之1號
旅宿業,UNA00590,東文里,澎湖縣馬公市東文里新店路390號,1.0,1920.0,,澎湖縣馬公市東文里新店路390號
旅宿業,UNA00591,東文里,澎湖縣馬公市東文里新店路398號,1.0,2421.0,,澎湖縣馬公市東文里新店路398號
旅宿業,UNA00584,東文里,澎湖縣馬公市東文里新店路420號,1.0,3040.0,*無障礙避難,澎湖縣馬公市東文里新店路420號
旅宿業,UNA00583,東文里,澎湖縣馬公市東文里新店路477號,1.0,2153.0,*無障礙避難,澎湖縣馬公市東文里新店路477號
學校,UNA00575,東衛里,澎湖縣馬公市東衛里169號,1.0,4056.0,,澎湖縣馬公市東衛里169號
中華電信,UNA00549,東衛里,澎湖縣馬公市東衛里7號,1.0,1148.0,,澎湖縣馬公市東衛里7號
大樓,UNA00339,長安里,"澎湖縣馬公市長安里中正路52號 ",1.0,150.0,,澎湖縣馬公市長安里中正路52號
大樓,UNA00370,長安里,澎湖縣馬公市長安里中正路54號,1.0,60.0,,澎湖縣馬公市長安里中正路54號
大樓,UNA00375,長安里,澎湖縣馬公市長安里中正路62號,1.0,40.0,,澎湖縣馬公市長安里中正路62號
大樓,UNA00371,長安里,"澎湖縣馬公市長安里中正路64號 ",1.0,100.0,,澎湖縣馬公市長安里中正路64號
大樓,UNA00372,長安里,澎湖縣馬公市長安里中正路66號,1.0,30.0,,澎湖縣馬公市長安里中正路66號
大樓,UNA00358,長安里,"澎湖縣馬公市長安里中興路41號 ",1.0,110.0,,澎湖縣馬公市長安里中興路41號
大樓,UNA00360,長安里,"澎湖縣馬公市長安里中興路51號 ",1.0,20.0,,澎湖縣馬公市長安里中興路51號
大樓,UNA00361,長安里,澎湖縣馬公市長安里中興路53號,1.0,50.0,,澎湖縣馬公市長安里中興路53號
大樓,UNA00362,長安里,澎湖縣馬公市長安里中興路59號,1.0,30.0,,澎湖縣馬公市長安里中興路59號
大樓,UNA00340,長安里,"澎湖縣馬公市長安里中興路59號  ",1.0,336.0,,澎湖縣馬公市長安里中興路59號
大樓,UNA00363,長安里,澎湖縣馬公市長安里中興路69號,1.0,50.0,,澎湖縣馬公市長安里中興路69號
台灣銀行,UNA00450,長安里,澎湖縣馬公市長安里仁愛路24號,1.0,1000.0,,澎湖縣馬公市長安里仁愛路24號
合作金庫,UNA00521,長安里,澎湖縣馬公市長安里仁愛路26號,1.0,710.0,,澎湖縣馬公市長安里仁愛路26號
大樓,UNA00328,長安里,澎湖縣馬公市長安里建國路9號,1.0,230.0,,澎湖縣馬公市長安里建國路9號
大樓,UNA00364,長安里,澎湖縣馬公市長安里民生路29號,1.0,25.0,,澎湖縣馬公市長安里民生路29號
大樓,UNA00336,長安里,澎湖縣馬公市長安里民族路47號,1.0,140.0,,澎湖縣馬公市長安里民族路47號
公車站,UNA00561,長安里,澎湖縣馬公市長安里民族路58之1號,1.0,50.0,*無障礙避難,澎湖縣馬公市長安里民族路58之1號
大樓,UNA00368,長安里,"澎湖縣馬公市長安里永興街10號 ",1.0,40.0,,澎湖縣馬公市長安里永興街10號
大樓,UNA00365,長安里,澎湖縣馬公市長安里永興街2號,1.0,25.0,,澎湖縣馬公市長安里永興街2號
大樓,UNA00366,長安里,澎湖縣馬公市長安里永興街5號,1.0,16.0,,澎湖縣馬公市長安里永興街5號
大樓,UNA00367,長安里,澎湖縣馬公市長安里永興街9號,1.0,82.0,,澎湖縣馬公市長安里永興街9號
大樓,UNA00379,長安里,澎湖縣馬公市長安里光明路40號,1.0,26.0,,澎湖縣馬公市長安里光明路40號
大樓,UNA00374,長安里,澎湖縣馬公市長安里建國路17號,1.0,40.0,,澎湖縣馬公市長安里建國路17號
旅宿業,UNA00338,長安里,澎湖縣馬公市長安里建國路3號,1.0,110.0,*無障礙避難,澎湖縣馬公市長安里建國路3號
大樓,UNA00319,重光里,"23.586965650111946, 119.57186146641156",1.0,550.0,澎湖縣馬公市重光里14之1號,"23.586965650111946, 119.57186146641156"
大樓,UNA00507,重慶里,澎湖縣馬公市重慶里三民路33號,1.0,20.0,,澎湖縣馬公市重慶里三民路33號
大樓,UNA00508,重慶里,澎湖縣馬公市重慶里三民路35號,1.0,21.0,,澎湖縣馬公市重慶里三民路35號
大樓,UNA00509,重慶里,澎湖縣馬公市重慶里三民路37號,1.0,32.0,,澎湖縣馬公市重慶里三民路37號
大樓,UNA00505,重慶里,澎湖縣馬公市重慶里三民路5號,1.0,13.0,,澎湖縣馬公市重慶里三民路5號
旅宿業,UNA00466,重慶里,澎湖縣馬公市重慶里中興路23號,1.0,120.0,*無障礙避難,澎湖縣馬公市重慶里中興路23號
大樓,UNA00446,重慶里,澎湖縣馬公市重慶里中興路31號,1.0,117.0,,澎湖縣馬公市重慶里中興路31號
大樓,UNA00438,重慶里,澎湖縣馬公市重慶里民生路15號,1.0,40.0,,澎湖縣馬公市重慶里民生路15號
大樓,UNA00472,重慶里,澎湖縣馬公市重慶里民權路56號,1.0,100.0,,澎湖縣馬公市重慶里民權路56號
大樓,UNA00473,重慶里,澎湖縣馬公市重慶里民權路78號,1.0,80.0,,澎湖縣馬公市重慶里民權路78號
大樓,UNA00469,重慶里,澎湖縣馬公市重慶里民權路81號,1.0,10.0,,澎湖縣馬公市重慶里民權路81號
大樓,UNA00511,重慶里,澎湖縣馬公市重慶里民權路82號,1.0,30.0,,澎湖縣馬公市重慶里民權路82號
大樓,UNA00470,重慶里,澎湖縣馬公市重慶里民權路83號,1.0,10.0,,澎湖縣馬公市重慶里民權路83號
旅宿業,UNA00586,重慶里,"23.566251675736353, 119.56830479609417",1.0,778.0,澎湖縣馬公市重慶里民福路75號；*無障礙避難
旅宿業,UNA00465,重慶里,澎湖縣馬公市重慶里光明路2號,1.0,28.0,*無障礙避難,澎湖縣馬公市重慶里光明路2號
大樓,UNA00439,重慶里,澎湖縣馬公市重慶里建國路14巷9號,1.0,170.0,,澎湖縣馬公市重慶里建國路14巷9號
大樓,UNA00467,重慶里,澎湖縣馬公市重慶里重慶街16之1號,1.0,10.0,,澎湖縣馬公市重慶里重慶街16之1號
大樓,UNA00452,重慶里,澎湖縣馬公市重慶里重慶街16號,1.0,12.0,,澎湖縣馬公市重慶里重慶街16號
大樓,UNA00471,重慶里,澎湖縣馬公市重慶里重慶街1號,1.0,10.0,,澎湖縣馬公市重慶里重慶街1號
大樓,UNA00451,重慶里,澎湖縣馬公市重慶里重慶街4號,1.0,200.0,,澎湖縣馬公市重慶里重慶街4號
大樓,UNA00447,重慶里,澎湖縣馬公市重慶里重慶街15號,1.0,20.0,,澎湖縣馬公市重慶里重慶街15號
大樓,UNA00444,重慶里,澎湖縣馬公市重慶里重慶街29號,1.0,20.0,,澎湖縣馬公市重慶里重慶街29號
大樓,UNA00448,重慶里,澎湖縣馬公市重慶里重慶街29號,1.0,560.0,,澎湖縣馬公市重慶里重慶街29號
大樓,UNA00475,重慶里,"23.56774060085153, 119.57060486836524",1.0,17.0,澎湖縣馬公市重慶里海埔路12號,"23.56774060085153, 119.57060486836524"
大樓,UNA00510,重慶里,澎湖縣馬公市重慶里漁隆路1號,1.0,17.0,,澎湖縣馬公市重慶里漁隆路1號
學校,UNA00605,案山里,"23.557045973200772, 119.58183810341059",1.0,118.0,澎湖縣馬公市案山里25之6號,"23.557045973200772, 119.58183810341059"
勞工育樂中心,UNA00544,案山里,澎湖縣馬公市案山里大賢街160號,1.0,117.0,,澎湖縣馬公市案山里大賢街160號
大樓,UNA00542,案山里,澎湖縣馬公市案山里民樂街97巷37號,1.0,54.0,,澎湖縣馬公市案山里民樂街97巷37號
經國紀念館,UNA00545,案山里,澎湖縣馬公市案山里經國路111號,1.0,288.0,,澎湖縣馬公市案山里經國路111號
大樓,UNA00406,啟明里,澎湖縣馬公市啟明里中山路14號,1.0,20.0,,澎湖縣馬公市啟明里中山路14號
大樓,UNA00407,啟明里,澎湖縣馬公市啟明里中山路18號,1.0,33.0,,澎湖縣馬公市啟明里中山路18號
大樓,UNA00409,啟明里,澎湖縣馬公市啟明里中山路20之4號,1.0,20.0,,澎湖縣馬公市啟明里中山路20之4號
大樓,UNA00408,啟明里,澎湖縣馬公市啟明里中山路20號,1.0,50.0,,澎湖縣馬公市啟明里中山路20號
大樓,UNA00403,啟明里,澎湖縣馬公市啟明里中山路4之1號,1.0,13.0,,澎湖縣馬公市啟明里中山路4之1號
大樓,UNA00405,啟明里,澎湖縣馬公市啟明里中山路8之1號,1.0,33.0,,澎湖縣馬公市啟明里中山路8之1號
大樓,UNA00404,啟明里,澎湖縣馬公市啟明里中山路8號,1.0,33.0,,澎湖縣馬公市啟明里中山路8號
大樓,UNA00395,啟明里,澎湖縣馬公市啟明里中正路20號,1.0,30.0,,澎湖縣馬公市啟明里中正路20號
大樓,UNA00521,啟明里,澎湖縣馬公市啟明里中正路22號,1.0,100.0,,澎湖縣馬公市啟明里中正路22號
旅宿業,UNA00402,啟明里,澎湖縣馬公市啟明里中正路2號,1.0,300.0,*無障礙避難,澎湖縣馬公市啟明里中正路2號
大樓,UNA00401,啟明里,澎湖縣馬公市啟明里中正路30號,1.0,104.0,,澎湖縣馬公市啟明里中正路30號
旅宿業,UNA00356,啟明里,澎湖縣馬公市啟明里中正路8號,1.0,100.0,*無障礙避難,澎湖縣馬公市啟明里中正路8號
大樓,UNA00387,啟明里,澎湖縣馬公市啟明里仁愛路41號,1.0,40.0,,澎湖縣馬公市啟明里仁愛路41號
大樓,UNA00388,啟明里,澎湖縣馬公市啟明里仁愛路43號,1.0,25.0,,澎湖縣馬公市啟明里仁愛路43號
大樓,UNA00389,啟明里,澎湖縣馬公市啟明里仁愛路45號,1.0,20.0,,澎湖縣馬公市啟明里仁愛路45號
大樓,UNA00390,啟明里,澎湖縣馬公市啟明里仁愛路47號,1.0,10.0,,澎湖縣馬公市啟明里仁愛路47號
大樓,UNA00418,啟明里,澎湖縣馬公市啟明里仁愛路61號,1.0,100.0,,澎湖縣馬公市啟明里仁愛路61號
大樓,UNA00421,啟明里,澎湖縣馬公市啟明里仁愛路7號,1.0,125.0,,澎湖縣馬公市啟明里仁愛路7號
石油公司,UNA00417,啟明里,澎湖縣馬公市啟明里民福路16號,1.0,100.0,,澎湖縣馬公市啟明里民福路16號
旅宿業,UNA00426,啟明里,澎湖縣馬公市啟明里民福路4號,1.0,80.0,*無障礙避難,澎湖縣馬公市啟明里民福路4號
大樓,UNA00423,啟明里,澎湖縣馬公市啟明里民權路14號,1.0,100.0,,澎湖縣馬公市啟明里民權路14號
大樓,UNA00420,啟明里,澎湖縣馬公市啟明里民權路14號,1.0,100.0,,澎湖縣馬公市啟明里民權路14號
大樓,UNA00414,啟明里,澎湖縣馬公市啟明里民權路15號,1.0,10.0,,澎湖縣馬公市啟明里民權路15號
大樓,UNA00434,啟明里,澎湖縣馬公市啟明里民權路16號,1.0,13.0,,澎湖縣馬公市啟明里民權路16號
大樓,UNA00436,啟明里,澎湖縣馬公市啟明里民權路22之1號,1.0,26.0,,澎湖縣馬公市啟明里民權路22之1號
大樓,UNA00416,啟明里,澎湖縣馬公市啟明里民權路24號,1.0,20.0,,澎湖縣馬公市啟明里民權路24號
大樓,UNA00435,啟明里,澎湖縣馬公市啟明里民權路26號,1.0,96.0,,澎湖縣馬公市啟明里民權路26號
大樓,UNA00415,啟明里,澎湖縣馬公市啟明里民權路27號,1.0,16.0,,澎湖縣馬公市啟明里民權路27號
大樓,UNA00424,啟明里,澎湖縣馬公市啟明里民權路28號,1.0,40.0,,澎湖縣馬公市啟明里民權路28號
大樓,UNA00422,啟明里,澎湖縣馬公市啟明里民權路2號,1.0,417.0,,澎湖縣馬公市啟明里民權路2號
大樓,UNA00425,啟明里,澎湖縣馬公市啟明里民權路36號,1.0,40.0,,澎湖縣馬公市啟明里民權路36號
一信民權,UNA00437,啟明里,澎湖縣馬公市啟明里民權路44號,1.0,46.0,,澎湖縣馬公市啟明里民權路44號
一信總社,UNA00496,啟明里,澎湖縣馬公市啟明里民權路51號,1.0,70.0,,澎湖縣馬公市啟明里民權路51號
大樓,UNA00413,啟明里,澎湖縣馬公市啟明里民權路9號,1.0,20.0,,澎湖縣馬公市啟明里民權路9號
大樓,UNA00398,啟明里,澎湖縣馬公市啟明里啟明街12號,1.0,6.0,,澎湖縣馬公市啟明里啟明街12號
大樓,UNA00400,啟明里,澎湖縣馬公市啟明里啟明街29號,1.0,14.0,,澎湖縣馬公市啟明里啟明街29號
大樓,UNA00397,啟明里,"澎湖縣馬公市啟明里啟明街5號 ",1.0,20.0,,澎湖縣馬公市啟明里啟明街5號
大樓,UNA00573,啟明里,澎湖縣馬公市啟明里惠民路42號,1.0,65.0,,澎湖縣馬公市啟明里惠民路42號
大樓,UNA00419,啟明里,澎湖縣馬公市啟明里臨海路10號之6,1.0,50.0,,澎湖縣馬公市啟明里臨海路10號之6
大樓,UNA00411,啟明里,澎湖縣馬公市啟明里臨海路22號,1.0,20.0,,澎湖縣馬公市啟明里臨海路22號
大樓,UNA00412,啟明里,"澎湖縣馬公市啟明里臨海路23號 ",1.0,16.0,,澎湖縣馬公市啟明里臨海路23號
旅宿業,UNA00582,啟明里,澎湖縣馬公市啟明里臨海路3號,1.0,788.0,*無障礙避難,澎湖縣馬公市啟明里臨海路3號
大樓,UNA00341,復興里,"澎湖縣馬公市復興里中山路12巷3號  ",1.0,160.0,,澎湖縣馬公市復興里中山路12巷3號
港務局,UNA00349,復興里,澎湖縣馬公市復興里臨海路36號,1.0,1252.0,*無障礙避難,澎湖縣馬公市復興里臨海路36號
大樓,UNA00349,復興里,"澎湖縣馬公市復興里中山路65巷5之1號 ",1.0,130.0,,澎湖縣馬公市復興里中山路65巷5之1號
大樓,UNA00357,復興里,"澎湖縣馬公市復興里中山路75號 ",1.0,100.0,,澎湖縣馬公市復興里中山路75號
大樓,UNA00355,復興里,"澎湖縣馬公市復興里臨海路32號 ",1.0,150.0,,澎湖縣馬公市復興里臨海路32號
大樓,UNA00351,復興里,"澎湖縣馬公市復興里臨海路39號 ",1.0,100.0,,澎湖縣馬公市復興里臨海路39號
大樓,UNA00244,朝陽里,澎湖縣馬公市朝陽里三多路120號,1.0,36.0,,澎湖縣馬公市朝陽里三多路120號
大樓,UNA00245,朝陽里,澎湖縣馬公市朝陽里三多路122號,1.0,34.0,,澎湖縣馬公市朝陽里三多路122號
大樓,UNA00246,朝陽里,澎湖縣馬公市朝陽里三多路124號,1.0,34.0,,澎湖縣馬公市朝陽里三多路124號
大樓,UNA00247,朝陽里,澎湖縣馬公市朝陽里三多路126號,1.0,34.0,,澎湖縣馬公市朝陽里三多路126號
大樓,UNA00248,朝陽里,澎湖縣馬公市朝陽里三多路128號,1.0,34.0,,澎湖縣馬公市朝陽里三多路128號
大樓,UNA00249,朝陽里,澎湖縣馬公市朝陽里三多路130號,1.0,34.0,,澎湖縣馬公市朝陽里三多路130號
大樓,UNA00250,朝陽里,澎湖縣馬公市朝陽里三多路132號,1.0,34.0,,澎湖縣馬公市朝陽里三多路132號
大樓,UNA00121,朝陽里,澎湖縣馬公市朝陽里三多路178號,1.0,34.0,,澎湖縣馬公市朝陽里三多路178號
大樓,UNA00218,朝陽里,澎湖縣馬公市朝陽里中華路241號,1.0,45.0,,澎湖縣馬公市朝陽里中華路241號
大樓,UNA00215,朝陽里,澎湖縣馬公市朝陽里中華路261號,1.0,82.0,,澎湖縣馬公市朝陽里中華路261號
大樓,UNA00201,朝陽里,澎湖縣馬公市朝陽里中華路289號,1.0,96.0,,澎湖縣馬公市朝陽里中華路289號
大樓,UNA00198,朝陽里,澎湖縣馬公市朝陽里中華路291巷9號,1.0,40.0,,澎湖縣馬公市朝陽里中華路291巷9號
學校,UNA00589,朝陽里,澎湖縣馬公市朝陽里中華路369號,1.0,3116.0,*無障礙避難,澎湖縣馬公市朝陽里中華路369號
公寓,UNA00251,朝陽里,澎湖縣馬公市朝陽里文昌街44號,1.0,958.0,,澎湖縣馬公市朝陽里文昌街44號
公寓,UNA00243,朝陽里,澎湖縣馬公市朝陽里文昌街50號,1.0,266.0,,澎湖縣馬公市朝陽里文昌街50號
大樓,UNA00217,朝陽里,澎湖縣馬公市朝陽里文林街18號,1.0,48.0,,澎湖縣馬公市朝陽里文林街18號
大樓,UNA00232,朝陽里,澎湖縣馬公市朝陽里四維路125號,1.0,193.0,,澎湖縣馬公市朝陽里四維路125號
大樓,UNA00237,朝陽里,澎湖縣馬公市朝陽里光復路126號,1.0,60.0,,澎湖縣馬公市朝陽里光復路126號
大樓,UNA00236,朝陽里,澎湖縣馬公市朝陽里光復路134之1號,1.0,81.0,,澎湖縣馬公市朝陽里光復路134之1號
大樓,UNA00239,朝陽里,澎湖縣馬公市朝陽里光復路148巷150號,1.0,542.0,,澎湖縣馬公市朝陽里光復路148巷150號
大樓,UNA00238,朝陽里,澎湖縣馬公市朝陽里光復路156號,1.0,26.0,,澎湖縣馬公市朝陽里光復路156號
大樓,UNA00234,朝陽里,澎湖縣馬公市朝陽里光復路162巷160號,1.0,118.0,,澎湖縣馬公市朝陽里光復路162巷160號
學校,UNA00235,朝陽里,澎湖縣馬公市朝陽里光復路186號,1.0,146.0,,澎湖縣馬公市朝陽里光復路186號
學校,UNA00240,朝陽里,澎湖縣馬公市朝陽里光復路186號,1.0,537.0,,澎湖縣馬公市朝陽里光復路186號
公寓,UNA00242,朝陽里,澎湖縣馬公市朝陽里林森路104巷9號,1.0,561.0,,澎湖縣馬公市朝陽里林森路104巷9號
大樓,UNA00214,朝陽里,澎湖縣馬公市朝陽里林森路15巷46號,1.0,48.0,,澎湖縣馬公市朝陽里林森路15巷46號
大樓,UNA00213,朝陽里,澎湖縣馬公市朝陽里林森路15巷50號,1.0,20.0,,澎湖縣馬公市朝陽里林森路15巷50號
大樓,UNA00231,朝陽里,澎湖縣馬公市朝陽里林森路61號,1.0,42.0,,澎湖縣馬公市朝陽里林森路61號
大樓,UNA00230,朝陽里,澎湖縣馬公市朝陽里林森路63號,1.0,98.0,,澎湖縣馬公市朝陽里林森路63號
大樓,UNA00229,朝陽里,澎湖縣馬公市朝陽里林森路65號,1.0,42.0,,澎湖縣馬公市朝陽里林森路65號
大樓,UNA00228,朝陽里,澎湖縣馬公市朝陽里林森路67號,1.0,42.0,,澎湖縣馬公市朝陽里林森路67號
大樓,UNA00227,朝陽里,澎湖縣馬公市朝陽里林森路69號,1.0,42.0,,澎湖縣馬公市朝陽里林森路69號
大樓,UNA00202,朝陽里,澎湖縣馬公市朝陽里林森路6號,1.0,20.0,,澎湖縣馬公市朝陽里林森路6號
大樓,UNA00226,朝陽里,澎湖縣馬公市朝陽里林森路71號,1.0,98.0,,澎湖縣馬公市朝陽里林森路71號
大樓,UNA00197,朝陽里,澎湖縣馬公市朝陽里林森路73號,1.0,310.0,,澎湖縣馬公市朝陽里林森路73號
大樓,UNA00225,朝陽里,澎湖縣馬公市朝陽里林森路73號,1.0,42.0,,澎湖縣馬公市朝陽里林森路73號
大樓,UNA00224,朝陽里,澎湖縣馬公市朝陽里林森路75號,1.0,42.0,,澎湖縣馬公市朝陽里林森路75號
大樓,UNA00123,朝陽里,澎湖縣馬公市朝陽里林森路77號,1.0,42.0,,澎湖縣馬公市朝陽里林森路77號
大樓,UNA00122,朝陽里,澎湖縣馬公市朝陽里林森路79號,1.0,42.0,,澎湖縣馬公市朝陽里林森路79號
公寓,UNA00574,朝陽里,澎湖縣馬公市朝陽里林森路86之1號,1.0,752.0,*無障礙避難,澎湖縣馬公市朝陽里林森路86之1號
大樓,UNA00203,朝陽里,澎湖縣馬公市朝陽里林森路8號,1.0,20.0,,澎湖縣馬公市朝陽里林森路8號
大樓,UNA00210,朝陽里,澎湖縣馬公市朝陽里朝陽路117號,1.0,38.0,,澎湖縣馬公市朝陽里朝陽路117號
大樓,UNA00211,朝陽里,澎湖縣馬公市朝陽里朝陽路119號,1.0,42.0,,澎湖縣馬公市朝陽里朝陽路119號
大樓,UNA00196,朝陽里,澎湖縣馬公市朝陽里朝陽路41巷10之1號,1.0,66.0,,澎湖縣馬公市朝陽里朝陽路41巷10之1號
大樓,UNA00199,朝陽里,澎湖縣馬公市朝陽里朝陽路41巷16之1號,1.0,24.0,,澎湖縣馬公市朝陽里朝陽路41巷16之1號
大樓,UNA00206,朝陽里,澎湖縣馬公市朝陽里朝陽路56號,1.0,290.0,,澎湖縣馬公市朝陽里朝陽路56號
大樓,UNA00207,朝陽里,澎湖縣馬公市朝陽里朝陽路58號,1.0,290.0,,澎湖縣馬公市朝陽里朝陽路58號
大樓,UNA00208,朝陽里,澎湖縣馬公市朝陽里朝陽路60號,1.0,291.0,,澎湖縣馬公市朝陽里朝陽路60號
大樓,UNA00209,朝陽里,澎湖縣馬公市朝陽里朝陽路62號,1.0,290.0,,澎湖縣馬公市朝陽里朝陽路62號
大樓,UNA00233,朝陽里,澎湖縣馬公市朝陽里朝陽路64號,1.0,290.0,,澎湖縣馬公市朝陽里朝陽路64號
公寓,UNA00204,朝陽里,澎湖縣馬公市朝陽里朝陽路71巷11號,1.0,600.0,,澎湖縣馬公市朝陽里朝陽路71巷11號
大樓,UNA00212,朝陽里,澎湖縣馬公市朝陽里朝陽路88之1號,1.0,10.0,,澎湖縣馬公市朝陽里朝陽路88之1號
大樓,UNA00220,朝陽里,澎湖縣馬公市朝陽里朝陽路90號,1.0,432.0,,澎湖縣馬公市朝陽里朝陽路90號
大樓,UNA00216,朝陽里,澎湖縣馬公市朝陽里陽明路28號,1.0,48.0,,澎湖縣馬公市朝陽里陽明路28號
大樓,UNA00219,朝陽里,澎湖縣馬公市朝陽里陽明路2號,1.0,780.0,,澎湖縣馬公市朝陽里陽明路2號
旅宿業,UNA00241,朝陽里,澎湖縣馬公市朝陽里陽明路92巷1之7號,1.0,1098.0,*無障礙避難,澎湖縣馬公市朝陽里陽明路92巷1之7號
公寓,UNA00606,菜園里,澎湖縣馬公市菜園里68號,1.0,602.0,,澎湖縣馬公市菜園里68號
大樓,UNA00138,陽明里,澎湖縣馬公市陽明里大仁街16號,1.0,74.0,,澎湖縣馬公市陽明里大仁街16號
大樓,UNA00155,陽明里,澎湖縣馬公市陽明里大仁街24號,1.0,52.0,,澎湖縣馬公市陽明里大仁街24號
大樓,UNA00156,陽明里,澎湖縣馬公市陽明里大仁街26號,1.0,52.0,,澎湖縣馬公市陽明里大仁街26號
大樓,UNA00157,陽明里,澎湖縣馬公市陽明里大仁街28號,1.0,52.0,,澎湖縣馬公市陽明里大仁街28號
大樓,UNA00182,陽明里,澎湖縣馬公市陽明里大仁街2號,1.0,56.0,,澎湖縣馬公市陽明里大仁街2號
大樓,UNA00158,陽明里,澎湖縣馬公市陽明里大仁街30號,1.0,53.0,,澎湖縣馬公市陽明里大仁街30號
大樓,UNA00159,陽明里,澎湖縣馬公市陽明里大仁街32號,1.0,53.0,,澎湖縣馬公市陽明里大仁街32號
大樓,UNA00149,陽明里,澎湖縣馬公市陽明里大仁街34號,1.0,42.0,,澎湖縣馬公市陽明里大仁街34號
大樓,UNA00147,陽明里,澎湖縣馬公市陽明里大仁街36號,1.0,53.0,,澎湖縣馬公市陽明里大仁街36號
大樓,UNA00149,陽明里,澎湖縣馬公市陽明里大仁街39號,1.0,49.0,,澎湖縣馬公市陽明里大仁街39號
大樓,UNA00001,陽明里,澎湖縣馬公市陽明里大仁街40號,1.0,53.0,,澎湖縣馬公市陽明里大仁街40號
大樓,UNA00002,陽明里,澎湖縣馬公市陽明里大仁街41號,1.0,42.0,,澎湖縣馬公市陽明里大仁街41號
大樓,UNA00003,陽明里,澎湖縣馬公市陽明里大仁街42號,1.0,50.0,,澎湖縣馬公市陽明里大仁街42號
大樓,UNA00150,陽明里,澎湖縣馬公市陽明里大仁街43號,1.0,104.0,,澎湖縣馬公市陽明里大仁街43號
大樓,UNA00151,陽明里,澎湖縣馬公市陽明里大仁街44號,1.0,50.0,,澎湖縣馬公市陽明里大仁街44號
大樓,UNA00176,陽明里,澎湖縣馬公市陽明里大仁街46號,1.0,52.0,,澎湖縣馬公市陽明里大仁街46號
大樓,UNA00143,陽明里,澎湖縣馬公市陽明里大仁街48號,1.0,50.0,,澎湖縣馬公市陽明里大仁街48號
大樓,UNA00179,陽明里,澎湖縣馬公市陽明里大仁街4號,1.0,52.0,,澎湖縣馬公市陽明里大仁街4號
大樓,UNA00142,陽明里,澎湖縣馬公市陽明里大仁街66號,1.0,48.0,,澎湖縣馬公市陽明里大仁街66號
大樓,UNA00154,陽明里,澎湖縣馬公市陽明里大仁街6號,1.0,52.0,,澎湖縣馬公市陽明里大仁街6號
大樓,UNA00134,陽明里,澎湖縣馬公市陽明里大仁街70號,1.0,98.0,,澎湖縣馬公市陽明里大仁街70號
大樓,UNA00152,陽明里,澎湖縣馬公市陽明里大仁街9號,1.0,106.0,,澎湖縣馬公市陽明里大仁街9號
大樓,UNA00163,陽明里,澎湖縣馬公市陽明里大勇街11號,1.0,52.0,,澎湖縣馬公市陽明里大勇街11號
大樓,UNA00160,陽明里,澎湖縣馬公市陽明里大勇街13號,1.0,52.0,,澎湖縣馬公市陽明里大勇街13號
大樓,UNA00162,陽明里,澎湖縣馬公市陽明里大勇街15號,1.0,52.0,,澎湖縣馬公市陽明里大勇街15號
大樓,UNA00165,陽明里,澎湖縣馬公市陽明里大勇街17號,1.0,52.0,,澎湖縣馬公市陽明里大勇街17號
大樓,UNA00166,陽明里,澎湖縣馬公市陽明里大勇街19號,1.0,52.0,,澎湖縣馬公市陽明里大勇街19號
大樓,UNA00164,陽明里,澎湖縣馬公市陽明里大勇街21號,1.0,52.0,,澎湖縣馬公市陽明里大勇街21號
大樓,UNA00168,陽明里,澎湖縣馬公市陽明里大勇街23號,1.0,52.0,,澎湖縣馬公市陽明里大勇街23號
大樓,UNA00161,陽明里,澎湖縣馬公市陽明里大勇街25號,1.0,52.0,,澎湖縣馬公市陽明里大勇街25號
大樓,UNA00137,陽明里,澎湖縣馬公市陽明里大勇街33號,1.0,120.0,,澎湖縣馬公市陽明里大勇街33號
大樓,UNA00153,陽明里,澎湖縣馬公市陽明里大勇街39號,1.0,61.0,,澎湖縣馬公市陽明里大勇街39號
大樓,UNA00135,陽明里,澎湖縣馬公市陽明里大勇街7號,1.0,118.0,,澎湖縣馬公市陽明里大勇街7號
大樓,UNA00133,陽明里,澎湖縣馬公市陽明里大勇街9號,1.0,122.0,,澎湖縣馬公市陽明里大勇街9號
大樓,UNA00129,陽明里,澎湖縣馬公市陽明里大智街15號,1.0,18.0,,澎湖縣馬公市陽明里大智街15號
大樓,UNA00141,陽明里,澎湖縣馬公市陽明里大智街17號,1.0,20.0,,澎湖縣馬公市陽明里大智街17號
大樓,UNA00173,陽明里,澎湖縣馬公市陽明里大智街18巷3號,1.0,49.0,,澎湖縣馬公市陽明里大智街18巷3號
大樓,UNA00174,陽明里,澎湖縣馬公市陽明里大智街18巷5號,1.0,49.0,,澎湖縣馬公市陽明里大智街18巷5號
大樓,UNA00171,陽明里,澎湖縣馬公市陽明里大智街18巷6號,1.0,48.0,,澎湖縣馬公市陽明里大智街18巷6號
大樓,UNA00175,陽明里,澎湖縣馬公市陽明里大智街18巷7號,1.0,49.0,,澎湖縣馬公市陽明里大智街18巷7號
大樓,UNA00172,陽明里,澎湖縣馬公市陽明里大智街18巷8號,1.0,54.0,,澎湖縣馬公市陽明里大智街18巷8號
大樓,UNA00140,陽明里,澎湖縣馬公市陽明里大智街19號,1.0,22.0,,澎湖縣馬公市陽明里大智街19號
大樓,UNA00184,陽明里,澎湖縣馬公市陽明里大智街24巷13弄5號,1.0,20.0,,澎湖縣馬公市陽明里大智街24巷13弄5號
大樓,UNA00180,陽明里,澎湖縣馬公市陽明里大智街24巷27弄19號,1.0,40.0,,澎湖縣馬公市陽明里大智街24巷27弄19號
大樓,UNA00183,陽明里,澎湖縣馬公市陽明里大智街24巷27弄1號,1.0,20.0,,澎湖縣馬公市陽明里大智街24巷27弄1號
大樓,UNA00181,陽明里,澎湖縣馬公市陽明里大智街24巷27弄21號,1.0,40.0,,澎湖縣馬公市陽明里大智街24巷27弄21號
大樓,UNA00185,陽明里,澎湖縣馬公市陽明里大智街27號,1.0,52.0,,澎湖縣馬公市陽明里大智街27號
大樓,UNA00186,陽明里,澎湖縣馬公市陽明里大智街31號,1.0,52.0,,澎湖縣馬公市陽明里大智街31號
大樓,UNA00187,陽明里,澎湖縣馬公市陽明里大智街32號,1.0,24.0,,澎湖縣馬公市陽明里大智街32號
大樓,UNA00188,陽明里,澎湖縣馬公市陽明里大智街33號,1.0,52.0,,澎湖縣馬公市陽明里大智街33號
大樓,UNA00189,陽明里,澎湖縣馬公市陽明里大智街35號,1.0,52.0,,澎湖縣馬公市陽明里大智街35號
大樓,UNA00191,陽明里,澎湖縣馬公市陽明里大智街37號,1.0,18.0,,澎湖縣馬公市陽明里大智街37號
大樓,UNA00190,陽明里,澎湖縣馬公市陽明里大智街39號,1.0,18.0,,澎湖縣馬公市陽明里大智街39號
大樓,UNA00168,陽明里,澎湖縣馬公市陽明里大智街41號,1.0,53.0,,澎湖縣馬公市陽明里大智街41號
大樓,UNA00169,陽明里,澎湖縣馬公市陽明里大智街43號,1.0,53.0,,澎湖縣馬公市陽明里大智街43號
大樓,UNA00170,陽明里,澎湖縣馬公市陽明里大智街46號,1.0,53.0,,澎湖縣馬公市陽明里大智街46號
大樓,UNA00128,陽明里,澎湖縣馬公市陽明里大智街8號,1.0,189.0,,澎湖縣馬公市陽明里大智街8號
大樓,UNA00125,陽明里,澎湖縣馬公市陽明里中華路163號,1.0,140.0,,澎湖縣馬公市陽明里中華路163號
大樓,UNA00122,陽明里,澎湖縣馬公市陽明里中華路169號,1.0,101.0,,澎湖縣馬公市陽明里中華路169號
大樓,UNA00124,陽明里,澎湖縣馬公市陽明里中華路177號,1.0,101.0,,澎湖縣馬公市陽明里中華路177號
大樓,UNA00123,陽明里,澎湖縣馬公市陽明里中華路185號,1.0,52.0,,澎湖縣馬公市陽明里中華路185號
大樓,UNA00118,陽明里,澎湖縣馬公市陽明里中華路214號,1.0,622.0,,澎湖縣馬公市陽明里中華路214號
大樓,UNA00115,陽明里,澎湖縣馬公市陽明里中華路56號,1.0,254.0,,澎湖縣馬公市陽明里中華路56號
大樓,UNA00114,陽明里,澎湖縣馬公市陽明里中華路74之1號,1.0,30.0,,澎湖縣馬公市陽明里中華路74之1號
政府機關,UNA00113,陽明里,澎湖縣馬公市陽明里水源路15之2號,1.0,298.0,,澎湖縣馬公市陽明里水源路15之2號
大樓,UNA00112,陽明里,澎湖縣馬公市陽明里水源路46號,1.0,237.0,,澎湖縣馬公市陽明里水源路46號
大樓,UNA00192,陽明里,澎湖縣馬公市陽明里北辰街34號,1.0,18.0,,澎湖縣馬公市陽明里北辰街34號
大樓,UNA00194,陽明里,澎湖縣馬公市陽明里北辰街36號,1.0,18.0,,澎湖縣馬公市陽明里北辰街36號
大樓,UNA00195,陽明里,澎湖縣馬公市陽明里北辰街38號,1.0,18.0,,澎湖縣馬公市陽明里北辰街38號
大樓,UNA00126,陽明里,澎湖縣馬公市陽明里北辰街40號,1.0,18.0,,澎湖縣馬公市陽明里北辰街40號
大樓,UNA00127,陽明里,澎湖縣馬公市陽明里北辰街42號,1.0,18.0,,澎湖縣馬公市陽明里北辰街42號
大樓,UNA00136,陽明里,"23.569879211211987, 119.57598493742393",1.0,56.0,澎湖縣馬公市陽明里永安街5巷17號,"23.569879211211987, 119.57598493742393"
旅宿業,UNA00587,陽明里,澎湖縣馬公市陽明里同和路100號,1.0,1393.0,*無障礙避難,澎湖縣馬公市陽明里同和路100號
旅宿業,UNA00588,陽明里,"23.567750434773295, 119.57061559720026",1.0,527.0,澎湖縣馬公市陽明里海埔路81號,"23.567750434773295, 119.57061559720026"
大樓,UNA00121,陽明里,澎湖縣馬公市陽明里陽明路97號,1.0,10.0,,澎湖縣馬公市陽明里陽明路97號
大樓,UNA00120,陽明里,澎湖縣馬公市陽明里陽明路99號,1.0,10.0,,澎湖縣馬公市陽明里陽明路99號
大樓,UNA00110,陽明里,澎湖縣馬公市陽明里新生路118號,1.0,202.0,,澎湖縣馬公市陽明里新生路118號
政府機關,UNA00111,陽明里,澎湖縣馬公市陽明里新生路177號,1.0,314.0,,澎湖縣馬公市陽明里新生路177號
公寓,UNA00117,陽明里,澎湖縣馬公市陽明里新生路199號,1.0,722.0,,澎湖縣馬公市陽明里新生路199號
政府機關,UNA00116,陽明里,澎湖縣馬公市陽明里新生路201號,1.0,1434.0,,澎湖縣馬公市陽明里新生路201號
大樓,UNA00119,陽明里,澎湖縣馬公市陽明里新生路21號,1.0,1252.0,,澎湖縣馬公市陽明里新生路21號
旅宿業,UNA00592,陽明里,澎湖縣馬公市陽明里新店路197號,1.0,5809.0,*無障礙避難,澎湖縣馬公市陽明里新店路197號
旅宿業,UNA00585,陽明里,澎湖縣馬公市陽明里新店路6巷6號,1.0,508.0,,澎湖縣馬公市陽明里新店路6巷6號
廟宇,UNA00581,鎖港里,"23.524661703132672, 119.6034773383835",1.0,1280.0,澎湖縣馬公市鎖港里593號,"23.524661703132672, 119.6034773383835"
學校,UMA005,中和村,澎湖縣七美鄉4鄰埔內1號,1.0,120.0,,澎湖縣七美鄉4鄰埔內1號
政府機關,UMA002,東安村,澎湖縣望安鄉東安村57號,1.0,26.0,,澎湖縣望安鄉東安村57號
旅宿業,UMA006,南港村,"23.197020994398315, 119.42173080300083",1.0,60.0,,"23.197020994398315, 119.42173080300083"
大樓,UMA003,將軍所,澎湖縣望安鄉將軍村140號,1.0,10.0,,澎湖縣望安鄉將軍村140號
廟宇,UNA00564,成功村,"23.581071424850816, 119.6229364343139",1.0,195.0,澎湖縣湖西鄉成功村76號,"23.581071424850816, 119.6229364343139"
學校,UNA00562,西溪村,"23.58269645572515, 119.6416717519499",1.0,377.0,澎湖縣湖西鄉西溪村130號,"23.58269645572515, 119.6416717519499"
大樓,UNA00563,西溪村,"23.581188751953874, 119.63532289009194",1.0,119.0,澎湖縣湖西鄉西溪村45號,"23.581188751953874, 119.63532289009194"
政府機關,UNA00567,沙港村,"23.60146723739428, 119.62233777135468",1.0,250.0,澎湖縣湖西鄉沙港村75號之2,"23.60146723739428, 119.62233777135468"
馬公機場,UNA00559,隘門村,澎湖縣湖西鄉隘門村126之1號,1.0,500.0,,澎湖縣湖西鄉隘門村126之1號
學校,UNA00557,隘門村,澎湖縣湖西鄉隘門村15號,1.0,301.0,,澎湖縣湖西鄉隘門村15號
區公所,UNA00566,沙港村,澎湖縣湖西鄉鼎灣村1號之1,1.0,549.0,,澎湖縣湖西鄉鼎灣村1號之1
公車站,UNA00342,長安里,澎湖縣馬公市長安里民族路58之1號,1.0,50.0,,澎湖縣馬公市長安里民族路58之1號
