編號,里別,地址,避難所在之地下樓層數,可容納人數,轄區分局,經度,緯度
1.0,北興里,臺中市北屯區北屯路106號,1.0,600.0,第五分局,"120.693798 ","24.163834 "
2.0,北興里,臺中市北屯區北屯路88號,1.0,200.0,第五分局,"120.693558 ","24.163108 "
3.0,平昌里,臺中市北屯區文心路四段956號,1.0,4131.0,第五分局,"120.694954 ","24.170446 "
4.0,三光里,臺中市北屯區北屯路190號,1.0,200.0,第五分局,"120.694978 ","24.165714 "
5.0,三光里,臺中市北屯區北屯路226巷94弄2號,1.0,1447.0,第五分局,"120.697141 ","24.169013 "
6.0,水景里,臺中市北屯區景賢六路200號,1.0,3884.0,第五分局,"120.712160 ","24.166557 "
7.0,軍功里,臺中市北屯區軍和街43號,1.0,200.0,第五分局,"120.715447 ","24.175950 "
8.0,北京里,臺中市北屯區進化北路2號,1.0,300.0,第五分局,"120.690653 ","24.163285 "
9.0,軍功里,臺中市北屯區軍和街43號,1.0,1311.0,第五分局,"120.715447 ","24.175950 "
10.0,北京里,臺中市北屯區進化北路37之1號,1.0,120.0,第五分局,"120.691100 ","24.162711 "
11.0,北京里,臺中市北屯區進化北路53號,1.0,300.0,第五分局,"120.690501 ","24.162766 "
12.0,北京里,臺中市北屯區北屯路147號,1.0,71.0,第五分局,"120.693003 ","24.163336 "
13.0,水景里,臺中市北屯區36鄰景賢南一路26號,1.0,438.0,第五分局,"120.711230 ","24.166160 "
14.0,北屯里,臺中市北屯區太原路三段139巷1號,1.0,500.0,第五分局,"120.689791 ","24.165179 "
15.0,北屯里,臺中市北屯區興安路一段19號,1.0,500.0,第五分局,"120.691222 ","24.165665 "
16.0,北屯里,臺中市北屯區興安路一段17號,1.0,300.0,第五分局,"120.691138 ","24.165588 "
17.0,北屯里,臺中市北屯區青島路四段239號,1.0,500.0,第五分局,"120.692329 ","24.165444 "
18.0,北屯里,臺中市北屯區興安路一段1號,1.0,150.0,第五分局,"120.691114 ","24.165241 "
19.0,北屯里,臺中市北屯區崇興路一段1號,1.0,1420.0,第五分局,"120.692052 ","24.165740 "
20.0,北屯里,臺中市北屯區青島路四段199號,1.0,140.0,第五分局,"120.691802 ","24.166737 "
21.0,北屯里,臺中市北屯區青島路四段201號,1.0,130.0,第五分局,"120.691834 ","24.166705 "
22.0,北屯里,臺中市北屯區崇興路一段78號,1.0,290.0,第五分局,"120.690544 ","24.166094 "
23.0,北屯里,臺中市北屯區國校巷69號,1.0,150.0,第五分局,"120.690646 ","24.165482 "
24.0,北屯里,臺中市北屯區太原路三段199號,1.0,2020.0,第五分局,"120.691813 ","24.165065 "
25.0,北屯里,臺中市北屯區太原路三段139巷1號,1.0,1650.0,第五分局,"120.689791 ","24.165179 "
26.0,北屯里,臺中市北屯區興安路一段1號,1.0,860.0,第五分局,"120.691114 ","24.165241 "
27.0,北屯里,臺中市北屯區興安路一段19號,1.0,1200.0,第五分局,"120.691222 ","24.165665 "
28.0,北屯里,臺中市北屯區青島路四段203號,1.0,6400.0,第五分局,"120.691913 ","24.166843 "
29.0,北屯里,臺中市北屯區太原路三段139巷36號,1.0,360.0,第五分局,"120.690044 ","24.166333 "
30.0,北屯里,臺中市北屯區漢口路五段160號,1.0,40.0,第五分局,"120.690183 ","24.166730 "
31.0,北屯里,臺中市北屯區崇興路一段15號,2.0,930.0,第五分局,"120.691777 ","24.165776 "
32.0,北屯里,臺中市北屯區國校巷48號,1.0,140.0,第五分局,"120.690932 ","24.165210 "
33.0,北屯里,臺中市北屯區太原路三段139巷1號,1.0,200.0,第五分局,"120.689791 ","24.165179 "
34.0,北屯里,臺中市北屯區青島路四段251號,1.0,120.0,第五分局,"120.692340 ","24.165239 "
35.0,北屯里,臺中市北屯區青島路四段10號,1.0,200.0,第五分局,"120.692111 ","24.165545 "
36.0,北屯里,臺中市北屯區太原路三段245號,1.0,980.0,第五分局,"120.692721 ","24.165040 "
37.0,北屯里,臺中市北屯區北屯路247號,1.0,400.0,第五分局,"120.694339 ","24.165509 "
38.0,北屯里,臺中市北屯區太原路三段199號,1.0,2037.0,第五分局,"120.691813 ","24.165065 "
39.0,北屯里,臺中市北屯區昌平路一段21巷6號,1.0,1062.0,第五分局,"120.693854 ","24.166167 "
40.0,北屯里,臺中市北屯區興安路一段22號,1.0,3002.0,第五分局,"120.691473 ","24.165970 "
41.0,北屯里,臺中市北屯區興安路一段32號,1.0,1646.0,第五分局,"120.691668 ","24.166447 "
42.0,北屯里,臺中市北屯區太原路三段161號,1.0,912.0,第五分局,"120.690411 ","24.165063 "
43.0,北屯里,臺中市北屯區崇興路一段15號,1.0,357.0,第五分局,"120.691777 ","24.165776 "
44.0,北屯里,臺中市北屯區昌平路1段17之3號,3.0,1036.0,第五分局,"120.694060 ","24.167110 "
45.0,水景里,臺中市北屯區軍福十八路328號,2.0,6073.0,第五分局,"120.711719 ","24.178459 "
46.0,水景里,臺中市北屯區軍福十八路311號,3.0,2226.0,第五分局,"120.712977 ","24.177862 "
47.0,水景里,臺中市北屯區軍仁街68號,1.0,2989.0,第五分局,"120.711888 ","24.176546 "
48.0,水景里,臺中市北屯區松竹五路181號,3.0,3660.0,第五分局,"120.713166 ","24.177486 "
49.0,水景里,臺中市北屯區松竹五路59號,3.0,1692.0,第五分局,"120.712003 ","24.175692 "
50.0,水景里,臺中市北屯區松竹五路二段89號,3.0,15870.0,第五分局,"120.712515 ","24.176223 "
51.0,水景里,臺中市北屯區旱溪東路三段41號,2.0,2142.0,第五分局,"120.710955 ","24.175913 "
52.0,水景里,臺中市北屯區東山路一段207巷37號,1.0,3110.0,第五分局,"120.712055 ","24.173663 "
53.0,水景里,臺中市北屯區水景街132號,2.0,2314.0,第五分局,"120.711186 ","24.174467 "
54.0,水景里,臺中市北屯區水景街88巷3號,1.0,1773.0,第五分局,"120.711591 ","24.173439 "
55.0,水景里,臺中市北屯區東山路一段198-7號,1.0,40.0,第五分局,"120.711913 ","24.172291 "
56.0,水景里,臺中市北屯區東山路一段199巷3號,1.0,40.0,第五分局,"120.712007 ","24.172794 "
57.0,水景里,臺中市北屯區東山路一段199巷5號,1.0,40.0,第五分局,"120.711997 ","24.172840 "
58.0,水景里,臺中市北屯區東山路一段199巷9號,1.0,40.0,第五分局,"120.712007 ","24.172939 "
59.0,水景里,臺中市北屯區東山路一段199巷11號,1.0,40.0,第五分局,"120.711995 ","24.172993 "
60.0,水景里,臺中市北屯區東山路一段199巷13號,1.0,40.0,第五分局,"120.711990 ","24.173030 "
61.0,水景里,臺中市北屯區東山路一段199巷15號,1.0,40.0,第五分局,"120.711980 ","24.173079 "
62.0,水景里,臺中市北屯區東山路一段199巷17號,1.0,40.0,第五分局,"120.711973 ","24.173127 "
63.0,水景里,臺中市北屯區東山路一段199巷19號,1.0,40.0,第五分局,"120.711966 ","24.173165 "
64.0,水景里,臺中市北屯區東山路一段199巷21號,1.0,40.0,第五分局,"120.711958 ","24.173204 "
65.0,水景里,臺中市北屯區東山路一段199巷23號,1.0,40.0,第五分局,"120.711951 ","24.173248 "
66.0,水景里,臺中市北屯區東山路一段199巷25號,1.0,40.0,第五分局,"120.711951 ","24.173248 "
67.0,水景里,臺中市北屯區景賢二路458號,3.0,4582.0,第五分局,"120.717510 ","24.172121 "
68.0,水景里,臺中市北屯區東山路一段209號,1.0,40.0,第五分局,"120.712806 ","24.173006 "
69.0,水景里,臺中市北屯區東山路一段215號,1.0,40.0,第五分局,"120.713508 ","24.173366 "
70.0,水景里,臺中市北屯區東山路一段215-1號,1.0,40.0,第五分局,"120.713539 ","24.173389 "
71.0,水景里,臺中市北屯區東山路一段215-2號,1.0,40.0,第五分局,"120.713553 ","24.173441 "
72.0,水景里,臺中市北屯區東山路一段215-3號,1.0,40.0,第五分局,"120.713609 ","24.173435 "
73.0,水景里,臺中市北屯區東山路一段215-4號,1.0,40.0,第五分局,"120.713645 ","24.173458 "
74.0,水景里,臺中市北屯區東山路一段215-6號,1.0,40.0,第五分局,"120.713702 ","24.173517 "
75.0,水景里,臺中市北屯區東山路一段215-7號,1.0,40.0,第五分局,"120.713736 ","24.173541 "
76.0,水景里,臺中市北屯區東山路一段192巷5弄9號,1.0,50.0,第五分局,"120.710140 ","24.170724 "
77.0,水景里,臺中市北屯區東山路一段192巷5弄11號,1.0,100.0,第五分局,"120.710168 ","24.170873 "
78.0,水景里,臺中市北屯區東山路一段192-31號,1.0,120.0,第五分局,"120.710932 ","24.171862 "
79.0,水景里,臺中市北屯區東山路一段192-33號,1.0,40.0,第五分局,"120.711026 ","24.171880 "
80.0,水景里,臺中市北屯區東山路一段192-34號,1.0,40.0,第五分局,"120.711012 ","24.171910 "
81.0,水景里,臺中市北屯區東山路一段192號,1.0,70.0,第五分局,"120.709746 ","24.171199 "
82.0,水景里,臺中市北屯區東山路一段192巷25弄46號,1.0,650.0,第五分局,"120.709638 ","24.169041 "
83.0,水景里,臺中市北屯區東山路一段192巷28弄17號,1.0,998.0,第五分局,"120.710248 ","24.171339 "
84.0,水景里,臺中市北屯區東山路一段192號,1.0,70.0,第五分局,"120.709746 ","24.171199 "
85.0,水景里,臺中市北屯區東山路一段192巷3弄19號,1.0,70.0,第五分局,"120.710283 ","24.171355 "
86.0,水景里,臺中市北屯區東山路一段192巷3弄21號,1.0,40.0,第五分局,"120.710318 ","24.171372 "
87.0,水景里,臺中市北屯區東山路一段192巷3弄10號,1.0,70.0,第五分局,"120.710130 ","24.171102 "
88.0,水景里,臺中市北屯區東山路一段192巷3弄14號,1.0,70.0,第五分局,"120.710195 ","24.171144 "
89.0,水景里,臺中市北屯區東山路一段192巷3弄18號,1.0,70.0,第五分局,"120.710278 ","24.171156 "
90.0,水景里,臺中市北屯區東山路一段192巷3弄22號,1.0,70.0,第五分局,"120.710337 ","24.171212 "
91.0,水景里,臺中市北屯區東山路一段192巷3弄26號,1.0,70.0,第五分局,"120.710415 ","24.171230 "
92.0,水景里,臺中市北屯區東山路一段192巷3弄30號,1.0,70.0,第五分局,"120.710524 ","24.171247 "
93.0,水景里,臺中市北屯區東山路一段147巷266號,2.0,1529.0,第五分局,"120.710144 ","24.172550 "
94.0,水景里,臺中市北屯區景和街346號,2.0,4528.0,第五分局,"120.709108 ","24.169827 "
95.0,水景里,臺中市北屯區東山路一段147巷20弄30號,1.0,60.0,第五分局,"120.707575 ","24.170763 "
96.0,水景里,臺中市北屯區東山路一段147巷21弄1號,1.0,224.0,第五分局,"120.706430 ","24.170341 "
97.0,水景里,臺中市北屯區東山路一段147巷31弄1號,1.0,40.0,第五分局,"120.706405 ","24.170718 "
98.0,水景里,臺中市北屯區東山路一段147巷20弄6號,1.0,40.0,第五分局,"120.707044 ","24.170411 "
99.0,水景里,臺中市北屯區東山路一段147巷41弄5號,1.0,40.0,第五分局,"120.706213 ","24.171077 "
100.0,水景里,臺中市北屯區東山路一段147巷20弄30-2號,1.0,50.0,第五分局,"120.707596 ","24.170629 "
101.0,水景里,臺中市北屯區東山路一段147巷20弄30-2號,1.0,1000.0,第五分局,"120.707596 ","24.170629 "
102.0,水景里,臺中市北屯區東山路一段147巷40弄11-35號,1.0,500.0,第五分局,"120.707785 ","24.172011 "
103.0,水景里,臺中市北屯區東山路一段147巷40弄11-21號,1.0,500.0,第五分局,"120.707257 ","24.171897 "
104.0,水景里,臺中市北屯區東山路一段154巷22弄33號,1.0,1506.0,第五分局,"120.708147 ","24.168787 "
105.0,水景里,臺中市北屯區東山路一段210巷12弄43號,1.0,40.0,第五分局,"120.712610 ","24.171690 "
106.0,水景里,臺中市北屯區里東山路一段210巷12弄41號,1.0,40.0,第五分局,"120.712542 ","24.171659 "
107.0,水景里,臺中市北屯區東山路一段210巷12弄39號,1.0,40.0,第五分局,"120.712477 ","24.171627 "
108.0,水景里,臺中市北屯區東山路一段210巷12弄37號,1.0,40.0,第五分局,"120.712439 ","24.171574 "
109.0,水景里,臺中市北屯區東山路一段210巷12弄35號,1.0,80.0,第五分局,"120.712384 ","24.171547 "
110.0,水景里,臺中市北屯區東山路一段210巷2號,1.0,60.0,第五分局,"120.712858 ","24.172533 "
111.0,水景里,臺中市北屯區東山路一段210巷4號,1.0,60.0,第五分局,"120.712858 ","24.172533 "
112.0,水景里,臺中市北屯區東山路一段210巷6號,1.0,60.0,第五分局,"120.712892 ","24.172464 "
113.0,水景里,臺中市北屯區東山路一段210巷8號,1.0,60.0,第五分局,"120.712913 ","24.172429 "
114.0,水景里,臺中市北屯區東山路一段210巷10號,1.0,60.0,第五分局,"120.712933 ","24.172395 "
115.0,水景里,臺中市北屯區東山路一段210巷10-1號,1.0,60.0,第五分局,"120.712960 ","24.172347 "
116.0,水景里,臺中市北屯區東山路一段210巷14號,1.0,50.0,第五分局,"120.713061 ","24.172231 "
117.0,水景里,臺中市北屯區東山路一段210巷16號,1.0,50.0,第五分局,"120.713089 ","24.172193 "
118.0,水景里,臺中市北屯區東山路一段210巷18號,1.0,50.0,第五分局,"120.713113 ","24.172153 "
119.0,水景里,臺中市北屯區東山路一段212號,1.0,60.0,第五分局,"120.712998 ","24.172712 "
120.0,水景里,臺中市北屯區東山路一段212-1號,1.0,60.0,第五分局,"120.712998 ","24.172712 "
121.0,水景里,臺中市北屯區東山路一段212-2號,1.0,60.0,第五分局,"120.712998 ","24.172712 "
122.0,水景里,臺中市北屯區東山路一段210巷12弄5號,1.0,50.0,第五分局,"120.712844 ","24.172011 "
123.0,水景里,臺中市北屯區東山路一段210巷12弄7號,1.0,50.0,第五分局,"120.712791 ","24.172022 "
124.0,水景里,臺中市北屯區東山路一段210巷12弄15號,1.0,60.0,第五分局,"120.712611 ","24.172000 "
125.0,水景里,臺中市北屯區東山路一段210巷11弄5號,1.0,340.0,第五分局,"120.713296 ","24.172625 "
126.0,水景里,臺中市北屯區水景街23號,1.0,100.0,第五分局,"120.711437 ","24.170237 "
127.0,水景里,臺中市北屯區景賢路372號,1.0,2874.0,第五分局,"120.714738 ","24.167410 "
128.0,水景里,臺中市北屯區水景街21號,1.0,100.0,第五分局,"120.711449 ","24.170203 "
129.0,水景里,臺中市北屯區水景街19號,1.0,104.0,第五分局,"120.711454 ","24.170164 "
130.0,水景里,臺中市北屯區水景街17號,1.0,100.0,第五分局,"120.711457 ","24.170114 "
131.0,水景里,臺中市北屯區水景街13號,1.0,100.0,第五分局,"120.711487 ","24.170034 "
132.0,水景里,臺中市北屯區水景街11號,1.0,100.0,第五分局,"120.711483 ","24.169996 "
133.0,水景里,臺中市北屯區水景街9號,1.0,100.0,第五分局,"120.711487 ","24.169958 "
134.0,水景里,臺中市北屯區水景街7號,1.0,100.0,第五分局,"120.711498 ","24.169913 "
135.0,水景里,臺中市北屯區水景街5號,1.0,140.0,第五分局,"120.711495 ","24.169878 "
136.0,水景里,臺中市北屯區東山路一段200號,1.0,100.0,第五分局,"120.712173 ","24.172370 "
137.0,水景里,臺中市北屯區東山路一段202號,1.0,100.0,第五分局,"120.712230 ","24.172401 "
138.0,水景里,臺中市北屯區東山路一段204號,1.0,40.0,第五分局,"120.712290 ","24.172404 "
139.0,水景里,臺中市北屯區東山路一段206號,1.0,40.0,第五分局,"120.712327 ","24.172419 "
140.0,水景里,臺中市北屯區東山路一段208號,1.0,60.0,第五分局,"120.712834 ","24.172636 "
141.0,水景里,臺中市北屯區東山路一段208-1號,1.0,60.0,第五分局,"120.712464 ","24.172474 "
142.0,水景里,臺中市北屯區東山路一段208-2號,1.0,60.0,第五分局,"120.712509 ","24.172498 "
143.0,水景里,臺中市北屯區東山路一段208-6號,1.0,60.0,第五分局,"120.712627 ","24.172554 "
144.0,水景里,臺中市北屯區東山路一段208-7號,1.0,60.0,第五分局,"120.712684 ","24.172578 "
145.0,水景里,臺中市北屯區東山路一段208-9號,1.0,60.0,第五分局,"120.712785 ","24.172619 "
146.0,水景里,臺中市北屯區東山路一段208-10號,1.0,60.0,第五分局,"120.712834 ","24.172636 "
147.0,水景里,臺中市北屯區東山路一段210巷12弄20號,1.0,60.0,第五分局,"120.712310 ","24.172052 "
148.0,水景里,臺中市北屯區東山路一段210巷12弄22號,1.0,60.0,第五分局,"120.712250 ","24.171989 "
149.0,水景里,臺中市北屯區東山路一段210巷12弄17號,1.0,60.0,第五分局,"120.712560 ","24.171984 "
150.0,水景里,臺中市北屯區東山路一段210巷12弄19號,1.0,60.0,第五分局,"120.712498 ","24.171948 "
151.0,水景里,臺中市北屯區東山路一段210巷12弄21號,1.0,50.0,第五分局,"120.712440 ","24.171921 "
152.0,水景里,臺中市北屯區東山路一段210巷12弄23號,1.0,50.0,第五分局,"120.712383 ","24.171890 "
153.0,水景里,臺中市北屯區東山路一段210巷12弄25號,1.0,50.0,第五分局,"120.712315 ","24.171856 "
154.0,水景里,臺中市北屯區東山路一段210巷12弄27號,1.0,50.0,第五分局,"120.712345 ","24.171766 "
155.0,水景里,臺中市北屯區東山路一段210巷12弄29號,1.0,40.0,第五分局,"120.712318 ","24.171697 "
156.0,水景里,臺中市北屯區東山路一段210巷12弄31號,1.0,40.0,第五分局,"120.712325 ","24.171641 "
157.0,水景里,臺中市北屯區東山路一段186-1號,2.0,1712.0,第五分局,"120.708659 ","24.170445 "
158.0,水景里,臺中市北屯區軍功路一段409號,3.0,3352.0,第五分局,"120.718442 ","24.170382 "
159.0,水景里,臺中市北屯區景賢6路200號,1.0,3884.0,第五分局,"120.712160 ","24.166557 "
160.0,水景里,臺中市北屯區景賢路390號,1.0,121.0,第五分局,"120.714136 ","24.167487 "
161.0,水景里,臺中市北屯區景賢路392號,1.0,121.0,第五分局,"120.714043 ","24.167483 "
162.0,水景里,臺中市北屯區景賢路392號,1.0,450.0,第五分局,"120.714043 ","24.167483 "
163.0,水景里,臺中市北屯區景賢二路56號,1.0,1960.0,第五分局,"120.714640 ","24.164819 "
164.0,水景里,臺中市北屯區景和東街360號,1.0,1006.0,第五分局,"120.717659 ","24.169694 "
165.0,水景里,臺中市北屯區景和街336號,1.0,1596.0,第五分局,"120.709346 ","24.170065 "
166.0,水景里,臺中市北屯區旱溪東路三段41號,1.0,998.0,第五分局,"120.710955 ","24.175913 "
167.0,水景里,臺中市北屯區東山路一段147巷266號,1.0,1208.0,第五分局,"120.710144 ","24.172550 "
168.0,水景里,臺中市北屯區松竹五路100號,2.0,2908.0,第五分局,"120.712492 ","24.175583 "
169.0,水景里,臺中市北屯區松竹五路89號,1.0,722.0,第五分局,"120.712515 ","24.176223 "
170.0,水景里,臺中市北屯區東山路一段152-7號,1.0,1251.0,第五分局,"120.707251 ","24.169447 "
171.0,水景里,臺中市北屯區景賢南二路307號,1.0,1412.0,第五分局,"120.707356 ","24.165392 "
172.0,水景里,臺中市北屯區景賢六路15號,1.0,2945.0,第五分局,"120.711793 ","24.165120 "
173.0,水景里,臺中市北屯區太原路三段603號,3.0,3230.0,第五分局,"120.706155 ","24.164987 "
174.0,水景里,臺中市北屯區太原路3段633號,5.0,1942.0,第五分局,"120.707210 ","24.165190 "
175.0,軍功里,臺中市北屯區東山路一段240號,1.0,260.0,第五分局,"120.717662 ","24.175355 "
176.0,軍功里,臺中市北屯區東山路一段242號,1.0,110.0,第五分局,"120.717712 ","24.175367 "
177.0,軍功里,臺中市北屯區東山路一段244號,1.0,120.0,第五分局,"120.717759 ","24.175377 "
178.0,軍功里,臺中市北屯區東山路一段246號,1.0,120.0,第五分局,"120.717789 ","24.175412 "
179.0,軍功里,臺中市北屯區東山路一段246-1號,1.0,120.0,第五分局,"120.717851 ","24.175404 "
180.0,軍功里,臺中市北屯區東山路一段246-2號,1.0,110.0,第五分局,"120.717887 ","24.175425 "
181.0,軍功里,臺中市北屯區東山路一段246-3號,1.0,120.0,第五分局,"120.717887 ","24.175425 "
182.0,軍功里,臺中市北屯區東山路一段248號,1.0,940.0,第五分局,"120.718029 ","24.175480 "
183.0,軍功里,臺中市北屯區東山路一段225-16號,1.0,2026.0,第五分局,"120.715802 ","24.174880 "
184.0,軍功里,臺中市北屯區東山路一段218巷6之7弄2號,1.0,3670.0,第五分局,"120.714772 ","24.172702 "
185.0,軍功里,臺中市北屯區軍和街227巷22弄2號,1.0,749.0,第五分局,"120.720544 ","24.177695 "
186.0,軍功里,臺中市北屯區軍和街27號,1.0,6840.0,第五分局,"120.714634 ","24.175190 "
187.0,軍功里,臺中市北屯區軍和街43號,1.0,960.0,第五分局,"120.715447 ","24.175950 "
188.0,軍功里,臺中市北屯區軍和街43號,1.0,380.0,第五分局,"120.715447 ","24.175950 "
189.0,軍功里,臺中市北屯區東山路一段238巷15弄33號,1.0,1038.0,第五分局,"120.718434 ","24.175363 "
190.0,軍功里,臺中市北屯區東山路一段220-18號,1.0,1556.0,第五分局,"120.716545 ","24.174982 "
191.0,軍功里,臺中市北屯區東山路一段225之16巷1號,1.0,450.0,第五分局,"120.715706 ","24.174878 "
192.0,軍功里,臺中市北屯區軍功路二段88號,1.0,173.0,第五分局,"120.719545 ","24.177429 "
193.0,軍功里,臺中市北屯區軍福十八路99號,3.0,2134.0,第五分局,"120.717997 ","24.178099 "
194.0,軍功里,臺中市北屯區軍榮一街28號,3.0,4362.0,第五分局,"120.720530 ","24.178753 "
195.0,軍功里,臺中市北屯區松竹五路261號,1.0,1225.0,第五分局,"120.713183 ","24.181487 "
196.0,軍功里,臺中市北屯區松竹路一段833號,3.0,2659.0,第五分局,"120.716331 ","24.182186 "
197.0,軍功里,臺中市北屯區軍和街43號,1.0,1808.0,第五分局,"120.715447 ","24.175950 "
198.0,軍功里,臺中市北屯區軍榮一街28號,1.0,2029.0,第五分局,"120.720530 ","24.178753 "
199.0,軍功里,臺中市北屯區軍榮一街35號,3.0,1888.0,第五分局,"120.720254 ","24.179017 "
200.0,軍功里,臺中市北屯區軍福十八路275號,3.0,2059.0,第五分局,"120.714357 ","24.178100 "
201.0,軍功里,臺中市北屯區東山路一段238巷15弄33號,1.0,908.0,第五分局,"120.718434 ","24.175363 "
202.0,軍功里,臺中市北屯區松竹路一段887號,1.0,3952.0,第五分局,"120.714661 ","24.182179 "
203.0,軍功里,臺中市北屯區松竹路一段833號,1.0,1113.0,第五分局,"120.716331 ","24.182186 "
204.0,軍功里,臺中市北屯區軍榮一街35號1樓之3,1.0,701.0,第五分局,"120.720254 ","24.179017 "
205.0,軍功里,臺中市北屯區軍福十九路8號,3.0,4538.0,第五分局,"120.720979 ","24.180306 "
206.0,軍功里,臺中市北屯區松竹五路268號,2.0,2682.0,第五分局,"120.713814 ","24.179030 "
207.0,軍功里,臺中市北屯區松竹路一段887號,3.0,3697.0,第五分局,"120.714661 ","24.182179 "
208.0,軍功里,臺中市北屯區軍福18路99號,1.0,1602.0,第五分局,"120.717997 ","24.178099 "
209.0,軍功里,臺中市北屯區軍仁街68號,1.0,2989.0,第五分局,"120.711888 ","24.176546 "
210.0,軍功里,臺中市北屯區松竹路一段929號,1.0,2076.0,第五分局,"120.713143 ","24.182160 "
211.0,軍功里,臺中市北屯區軍福十八路275號,1.0,1684.0,第五分局,"120.714465 ","24.178100 "
212.0,軍功里,臺中市北屯區松竹五路130號,2.0,1316.0,第五分局,"120.712999 ","24.176196 "
213.0,軍功里,臺中市北屯區松竹五路2段428號,3.0,717.0,第五分局,"120.713450 ","24.182160 "
214.0,軍功里,臺中市北屯區松竹路3段33號,1.0,989.0,第五分局,"120.684660 ","24.181670 "
215.0,三光里,臺中市北屯區北屯路212巷126號,1.0,310.0,第五分局,"120.699134 ","24.166219 "
216.0,三光里,臺中市北屯區南京東路三段142號,1.0,620.0,第五分局,"120.699827 ","24.167665 "
217.0,三光里,臺中市北屯區北屯路226巷61號,1.0,466.0,第五分局,"120.697141 ","24.169013 "
218.0,三光里,臺中市北屯區北屯路174號,1.0,120.0,第五分局,"120.694563 ","24.165106 "
219.0,三光里,臺中市北屯區昌平路一段30-6號,3.0,2813.0,第五分局,"120.694164 ","24.166647 "
220.0,三光里,臺中市北屯區太原路三段345巷18號,1.0,1670.0,第五分局,"120.696847 ","24.165206 "
221.0,三光里,臺中市北屯區太原路三段423號,1.0,1000.0,第五分局,"120.698777 ","24.165074 "
222.0,三光里,臺中市北屯區三光一街1號,1.0,1445.0,第五分局,"120.697413 ","24.165206 "
223.0,三光里,臺中市北屯區北屯路226巷47號,1.0,600.0,第五分局,"120.697141 ","24.169013 "
224.0,三光里,臺中市北屯區北平路四段207號,1.0,200.0,第五分局,"120.696870 ","24.169820 "
225.0,三光里,臺中市北屯區北屯路240巷5-1號,1.0,882.0,第五分局,"120.698094 ","24.169819 "
226.0,三光里,臺中市北屯區太原路三段335號,1.0,4441.0,第五分局,"120.696487 ","24.165068 "
227.0,三光里,臺中市北屯區北屯路174-1號,1.0,120.0,第五分局,"120.694563 ","24.165106 "
228.0,三光里,臺中市北屯區北屯路192號,1.0,240.0,第五分局,"120.695127 ","24.166065 "
229.0,三光里,臺中市北屯區北屯路200巷5號,1.0,1110.0,第五分局,"120.695911 ","24.166685 "
230.0,三光里,臺中市北屯區文昌東12街15號,1.0,1670.0,第五分局,"120.694847 ","24.167169 "
231.0,三光里,臺中市北屯區北屯路174號,1.0,350.0,第五分局,"120.694563 ","24.165106 "
232.0,三光里,臺中市北屯區三光巷9號,1.0,120.0,第五分局,"120.694716 ","24.164700 "
233.0,三光里,臺中市北屯區三光巷9-5號,1.0,120.0,第五分局,"120.694556 ","24.164414 "
234.0,三光里,臺中市北屯區三光巷9-4號,1.0,120.0,第五分局,"120.694509 ","24.164432 "
235.0,三光里,臺中市北屯區北屯路226巷7號,1.0,180.0,第五分局,"120.697141 ","24.169013 "
236.0,三光里,臺中市北屯區九龍街89號,1.0,1996.0,第五分局,"120.696327 ","24.166720 "
237.0,三光里,臺中市北屯區北屯路226巷43號,1.0,2481.0,第五分局,"120.697141 ","24.169013 "
238.0,三光里,臺中市北屯區昌平路一段30-6號,3.0,1739.0,第五分局,"120.694164 ","24.166647 "
239.0,三光里,臺中市北屯區東山路一段50巷58號,1.0,4140.0,第五分局,"120.701663 ","24.166964 "
240.0,三光里,臺中市北屯區東山路一段140巷81弄14-3號,1.0,510.0,第五分局,"120.704414 ","24.167224 "
241.0,三光里,臺中市北屯區東山路一段140巷2弄13-4號,1.0,1680.0,第五分局,"120.703289 ","24.167992 "
242.0,三和里,臺中市北屯區東山路一段138巷50號,1.0,370.0,第五分局,"120.702547 ","24.167262 "
243.0,三和里,臺中市北屯區東山路一段146號,1.0,6477.0,第五分局,"120.703791 ","24.169333 "
244.0,三和里,臺中市北屯區東山路一段138巷31號,1.0,170.0,第五分局,"120.702821 ","24.167625 "
245.0,三和里,臺中市北屯區東光路790號,1.0,2230.0,第五分局,"120.700688 ","24.167220 "
246.0,三和里,臺中市北屯區東山路一段50巷47號,1.0,240.0,第五分局,"120.701981 ","24.167439 "
247.0,三和里,臺中市北屯區東山路一段138巷46號,1.0,209.0,第五分局,"120.702527 ","24.167422 "
248.0,三和里,臺中市北屯區東山路一段50巷30弄11號,1.0,242.0,第五分局,"120.701367 ","24.167835 "
249.0,北京里,臺中市北屯區進化北路18號,1.0,120.0,第五分局,"120.690233 ","24.163188 "
250.0,北京里,臺中市北屯區進化北路16號,1.0,120.0,第五分局,"120.690274 ","24.163193 "
251.0,北京里,臺中市北屯區進化北路24巷8弄2號,1.0,120.0,第五分局,"120.690237 ","24.163325 "
252.0,北京里,臺中市北屯區進化北路24巷7弄12號,1.0,140.0,第五分局,"120.689533 ","24.163629 "
253.0,北京里,臺中市北屯區進化北路64巷5號,1.0,120.0,第五分局,"120.688975 ","24.163347 "
254.0,北京里,臺中市北屯區進化北路8號,1.0,180.0,第五分局,"120.690544 ","24.163198 "
255.0,北京里,臺中市北屯區進化北路10號,1.0,180.0,第五分局,"120.690473 ","24.163177 "
256.0,北京里,臺中市北屯區進化北路12號,1.0,120.0,第五分局,"120.690411 ","24.163177 "
257.0,北京里,臺中市北屯區進化北路12-1號,1.0,120.0,第五分局,"120.690363 ","24.163177 "
258.0,北京里,臺中市北屯區進化北路12-2號,1.0,120.0,第五分局,"120.690320 ","24.163180 "
259.0,北京里,臺中市北屯區進化北路24巷8弄6號,1.0,160.0,第五分局,"120.690371 ","24.163336 "
260.0,北京里,臺中市北屯區進化北路24巷8弄8號,1.0,160.0,第五分局,"120.690436 ","24.163346 "
261.0,北京里,臺中市北屯區進化北路24巷8弄10號,1.0,160.0,第五分局,"120.690494 ","24.163349 "
262.0,北京里,臺中市北屯區進化北路24巷8弄12號,1.0,100.0,第五分局,"120.690563 ","24.163339 "
263.0,北京里,臺中市北屯區天祥街1號,1.0,660.0,第五分局,"120.694290 ","24.161451 "
264.0,北京里,臺中市北屯區天祥街7號,1.0,250.0,第五分局,"120.694475 ","24.161425 "
265.0,北京里,臺中市北屯區進化北路33號,1.0,140.0,第五分局,"120.691371 ","24.162658 "
266.0,北京里,臺中市北屯區進化北路61號,1.0,250.0,第五分局,"120.689978 ","24.162800 "
267.0,北京里,臺中市北屯區進化北路63巷10號,1.0,310.0,第五分局,"120.689685 ","24.162365 "
268.0,北京里,臺中市北屯區衛道路66號,1.0,720.0,第五分局,"120.691400 ","24.162013 "
269.0,北京里,臺中市北屯區衛道路84號,1.0,1060.0,第五分局,"120.690325 ","24.162208 "
270.0,北京里,臺中市北屯區進化北路53巷4號,1.0,160.0,第五分局,"120.690217 ","24.162559 "
271.0,北京里,臺中市北屯區進化北路53巷6號,1.0,360.0,第五分局,"120.690118 ","24.162569 "
272.0,北京里,臺中市北屯區進化北路55號,1.0,360.0,第五分局,"120.690346 ","24.162756 "
273.0,北京里,臺中市北屯區進化北路55-4號,1.0,200.0,第五分局,"120.690265 ","24.162745 "
274.0,北京里,臺中市北屯區進化北路55-5號,1.0,170.0,第五分局,"120.690213 ","24.162758 "
275.0,北京里,臺中市北屯區進化北路55-10號,1.0,200.0,第五分局,"120.690141 ","24.162766 "
276.0,北京里,臺中市北屯區國校巷7-2號,1.0,140.0,第五分局,"120.690653 ","24.164192 "
277.0,北京里,臺中市北屯區國校巷41號,1.0,140.0,第五分局,"120.690648 ","24.164451 "
278.0,北京里,臺中市北屯區北興街20號,1.0,120.0,第五分局,"120.690033 ","24.163916 "
279.0,北京里,臺中市北屯區太原路三段150巷6弄22號,1.0,120.0,第五分局,"120.689370 ","24.164504 "
280.0,北京里,臺中市北屯區北興街19號,1.0,120.0,第五分局,"120.690023 ","24.163737 "
281.0,北京里,臺中市北屯區太原路三段150巷2弄1號,1.0,120.0,第五分局,"120.690014 ","24.164629 "
282.0,北京里,臺中市北屯區太原路三段150巷2弄14號,1.0,120.0,第五分局,"120.689572 ","24.164787 "
283.0,北京里,臺中市北屯區太原路三段150巷2弄10號,1.0,120.0,第五分局,"120.689780 ","24.164797 "
284.0,北京里,臺中市北屯區進化北路82號,1.0,300.0,第五分局,"120.688730 ","24.163262 "
285.0,北京里,臺中市北屯區進化北路24巷10號,1.0,120.0,第五分局,"120.690276 ","24.163585 "
286.0,北京里,臺中市北屯區衛道路38號,1.0,1600.0,第五分局,"120.691897 ","24.162137 "
287.0,北京里,臺中市北屯區太原路三段110號,2.0,1121.0,第五分局,"120.689470 ","24.164702 "
288.0,北京里,臺中市北屯區衛道路36號,2.0,2273.0,第五分局,"120.692017 ","24.162054 "
289.0,北京里,臺中市北屯區北興街43號,1.0,1536.0,第五分局,"120.688888 ","24.163771 "
290.0,北興里,臺中市北屯區北興巷30號,1.0,270.0,第五分局,"120.699119 ","24.162552 "
291.0,北興里,臺中市北屯區天祥街13號,1.0,280.0,第五分局,"120.697936 ","24.160862 "
292.0,北興里,臺中市北屯區北興巷26號,1.0,300.0,第五分局,"120.698848 ","24.163419 "
293.0,北興里,臺中市北屯區北華街210號,1.0,500.0,第五分局,"120.698787 ","24.161944 "
294.0,北興里,臺中市北屯區北華街153號,1.0,420.0,第五分局,"120.697661 ","24.162265 "
295.0,北興里,臺中市北屯區三光巷90弄65號,1.0,470.0,第五分局,"120.694130 ","24.163606 "
296.0,北興里,臺中市北屯區北屯路72巷1-1號,1.0,200.0,第五分局,"120.693432 ","24.162972 "
297.0,北興里,臺中市北屯區北華街47-8號,1.0,120.0,第五分局,"120.694442 ","24.162875 "
298.0,北興里,臺中市北屯區三光巷22號,1.0,300.0,第五分局,"120.694830 ","24.163903 "
299.0,北興里,臺中市北屯區三光巷2號,1.0,380.0,第五分局,"120.694168 ","24.164217 "
300.0,北興里,臺中市北屯區北華街71巷1號,1.0,580.0,第五分局,"120.695220 ","24.162559 "
301.0,北興里,臺中市北屯區北華街115號,1.0,150.0,第五分局,"120.696331 ","24.162426 "
302.0,北興里,臺中市北屯區太原路554號,1.0,800.0,第五分局,"120.697496 ","24.164705 "
303.0,北興里,臺中市北屯區北華街119號,1.0,250.0,第五分局,"120.696485 ","24.162417 "
304.0,北興里,臺中市北屯區北華街87巷25號,1.0,180.0,第五分局,"120.695587 ","24.162521 "
305.0,北興里,臺中市北屯區北華街49-1號,1.0,174.0,第五分局,"120.694532 ","24.162669 "
306.0,北興里,臺中市北屯區北安街53號,1.0,300.0,第五分局,"120.697806 ","24.164618 "
307.0,北興里,臺中市北屯區北祥街6號,1.0,300.0,第五分局,"120.699343 ","24.164111 "
308.0,北興里,臺中市北屯區北屯路88號,1.0,893.0,第五分局,"120.693558 ","24.163108 "
309.0,北興里,臺中市北屯區13鄰江興街89號,2.0,3373.0,第五分局,"120.697320 ","24.165270 "
310.0,平昌里,臺中市北屯區文昌東十一街47號,1.0,1980.0,第五分局,"120.693894 ","24.167964 "
311.0,平昌里,臺中市北屯區昌平路一段52號,1.0,50.0,第五分局,"120.693331 ","24.167788 "
312.0,平昌里,臺中市北屯區興安路一段128巷3號,1.0,80.0,第五分局,"120.693647 ","24.168344 "
313.0,平昌里,臺中市北屯區昌平路一段30-12號,1.0,200.0,第五分局,"120.693939 ","24.166898 "
314.0,平昌里,臺中市北屯區昌平路一段48號,1.0,50.0,第五分局,"120.693378 ","24.167722 "
315.0,平昌里,臺中市北屯區昌平路一段50號,1.0,50.0,第五分局,"120.693355 ","24.167755 "
316.0,平昌里,臺中市北屯區昌平路一段30-11號,1.0,240.0,第五分局,"120.693999 ","24.166868 "
317.0,平昌里,臺中市北屯區太原路三段109號,1.0,1292.0,第五分局,"120.689145 ","24.165116 "
318.0,平昌里,臺中市北屯區13鄰漢口路五段147巷135-1,2.0,1317.0,第五分局,"120.690210 ","24.167710 "
319.0,平昌里,臺中市北屯區青島路4段183號,1.0,263.0,第五分局,"120.690400 ","24.167940 "
320.0,平昌里,臺中市北屯區天津路4段165號,1.0,425.0,第五分局,"120.690340 ","24.169220 "
321.0,平昌里,臺中市北屯區昌平路1段91號,1.0,905.0,第五分局,"120.691910 ","24.168150 "
322.0,平昌里,臺中市北屯區北平路4段118號,1.0,818.0,第五分局,"120.692530 ","24.170560 "
323.0,平德里,臺中市北屯區河北路二段1-2號,2.0,1260.0,第五分局,"120.682826 ","24.168669 "
324.0,平德里,臺中市北屯區青島路三段15號,1.0,1400.0,第五分局,"120.679533 ","24.168641 "
325.0,平德里,臺中市北屯區梅川東路四段50號,1.0,3600.0,第五分局,"120.679571 ","24.171467 "
326.0,平德里,臺中市北屯區文心路四段462號,3.0,2130.0,第五分局,"120.682680 ","24.172167 "
327.0,平德里,臺中市北屯區文心路四段486號,2.0,850.0,第五分局,"120.683218 ","24.172139 "
328.0,平德里,臺中市北屯區崇德路二段51號,2.0,1380.0,第五分局,"120.685117 ","24.170241 "
329.0,平德里,臺中市北屯區天津路三段1號,2.0,1733.0,第五分局,"120.679491 ","24.169913 "
330.0,平德里,臺中市北屯區河北路二段8號,2.0,650.0,第五分局,"120.683150 ","24.168918 "
331.0,平德里,臺中市北屯區文心路四段532號,2.0,1260.0,第五分局,"120.684785 ","24.171973 "
332.0,平德里,臺中市北屯區綏遠路二段38號,3.0,565.0,第五分局,"120.681467 ","24.170059 "
333.0,平德里,臺中市北屯區文心路四段506號,1.0,1057.0,第五分局,"120.683708 ","24.172094 "
334.0,平德里,臺中市北屯區天津路三段160號,1.0,179.0,第五分局,"120.684190 ","24.169470 "
335.0,平德里,臺中市北屯區天津路三段113號,2.0,656.0,第五分局,"120.682910 ","24.169620 "
336.0,平安里,臺中市北屯區崇德路二段16號,2.0,2520.0,第五分局,"120.685554 ","24.168785 "
337.0,平安里,臺中市北屯區熱河路二段23號,1.0,1210.0,第五分局,"120.687025 ","24.168847 "
338.0,平安里,臺中市北屯區文昌東七街56巷18號,2.0,1400.0,第五分局,"120.689260 ","24.169654 "
339.0,平安里,台中市北屯區熱河路二段2號,2.0,1060.0,第五分局,"120.687270 ","24.168710 "
340.0,平安里,臺中市北屯區柳陽西街8號,1.0,1130.0,第五分局,"120.688916 ","24.168167 "
341.0,平安里,臺中市北屯區北平路四段52號,2.0,958.0,第五分局,"120.688997 ","24.170393 "
342.0,平安里,臺中市北屯區熱河路二段65號,1.0,1000.0,第五分局,"120.686752 ","24.169619 "
343.0,平安里,臺中市北屯區崇德路二段130號,1.0,2690.0,第五分局,"120.685655 ","24.171122 "
344.0,平安里,臺中市北屯區文心路四段696號,1.0,2230.0,第五分局,"120.687287 ","24.171578 "
345.0,平安里,臺中市北屯區天津路四段94號,1.0,1080.0,第五分局,"120.687862 ","24.169193 "
346.0,平安里,臺中市北屯區文心路四段752號,1.0,1342.0,第五分局,"120.688455 ","24.171513 "
347.0,平安里,臺中市北屯區熱河路二段117號,3.0,3437.0,第五分局,"120.687458 ","24.171028 "
348.0,平和里,臺中市北屯區瀋陽路一段122號,2.0,1680.0,第五分局,"120.679002 ","24.173936 "
349.0,平和里,臺中市北屯區山西路二段242號,2.0,106.0,第五分局,"120.676462 ","24.174681 "
350.0,平和里,臺中市北屯區梅川西路四段286號,2.0,2720.0,第五分局,"120.679488 ","24.174313 "
351.0,平和里,臺中市北屯區文心路四段213號,3.0,1010.0,第五分局,"120.677201 ","24.173525 "
352.0,平和里,臺中市北屯區旅順路一段138號,5.0,3440.0,第五分局,"120.681540 ","24.174859 "
353.0,平和里,臺中市北屯區文心路4段339號,3.0,1000.0,第五分局,"120.680989 ","24.172972 "
354.0,平和里,臺中市北屯區梅川西路4段105號,3.0,2500.0,第五分局,"120.680038 ","24.174468 "
355.0,平和里,臺中市北屯區瀋陽路二段33號,1.0,590.0,第五分局,"120.681002 ","24.173967 "
356.0,平和里,臺中市北屯區瀋陽路二段42號,2.0,2430.0,第五分局,"120.681296 ","24.173684 "
357.0,平和里,臺中市北屯區梅川東路4段106號,4.0,2100.0,第五分局,"120.680147 ","24.174622 "
358.0,平和里,臺中市北屯區文心路四段575號,1.0,1420.0,第五分局,"120.682670 ","24.173164 "
359.0,平和里,臺中市北屯區旅順路一段150號,1.0,1250.0,第五分局,"120.682175 ","24.174790 "
360.0,平和里,臺中市北屯區瀋陽路二段148號,1.0,1460.0,第五分局,"120.683712 ","24.173452 "
361.0,平和里,臺中市北屯區安順二街43號,1.0,680.0,第五分局,"120.682311 ","24.174465 "
362.0,平和里,臺中市北屯區文心路四段575號,1.0,3560.0,第五分局,"120.682670 ","24.173164 "
363.0,平和里,臺中市北屯區安順二街75號,1.0,360.0,第五分局,"120.683913 ","24.174292 "
364.0,平和里,臺中市北屯區旅順路一段258號,1.0,1600.0,第五分局,"120.684684 ","24.174524 "
365.0,平和里,臺中市北屯區文心路四段595號,1.0,4300.0,第五分局,"120.684507 ","24.172450 "
366.0,平和里,臺中市北屯區大連路二段36號,1.0,617.0,第五分局,"120.683134 ","24.175944 "
367.0,平和里,臺中市北屯區大連路二段1號,2.0,974.0,第五分局,"120.681754 ","24.176425 "
368.0,平和里,臺中市北屯區文心路四段137號,3.0,1708.0,第五分局,"120.675538 ","24.174052 "
369.0,平和里,臺中市北屯區安順東6街50號,2.0,16044.0,第五分局,"120.678652 ","24.174575 "
370.0,平心里,臺中市北屯區瀋陽路三段70號,2.0,2300.0,第五分局,"120.687935 ","24.173013 "
371.0,平心里,臺中市北屯區文心路四段667號,3.0,2330.0,第五分局,"120.687387 ","24.172205 "
372.0,平心里,臺中市北屯區瀋陽路三段105號,2.0,200.0,第五分局,"120.689152 ","24.173029 "
373.0,平心里,臺中市北屯區文心路四段623號,4.0,2738.0,第五分局,"120.686801 ","24.172229 "
374.0,平心里,臺中市北屯區瀋陽路三段54號,1.0,2210.0,第五分局,"120.687197 ","24.173065 "
375.0,平心里,臺中市北屯區文心路四段667號,3.0,2336.0,第五分局,"120.687387 ","24.172205 "
376.0,平心里,臺中市北屯區昌平路一段95-14號,2.0,2024.0,第五分局,"120.690199 ","24.172242 "
377.0,平心里,臺中市北屯區瀋陽路三段70號,2.0,2304.0,第五分局,"120.687935 ","24.173013 "
378.0,平心里,臺中市北屯區瀋陽路三段112號,1.0,2476.0,第五分局,"120.688895 ","24.172832 "
379.0,平心里,臺中市北屯區文心路四段693號,2.0,805.0,第五分局,"120.688588 ","24.172263 "
380.0,平心里,臺中市北屯區崇德路二段168號,4.0,12405.0,第五分局,"120.685704 ","24.172837 "
381.0,平心里,臺中市北屯區熱河路2段175號,1.0,266.0,第五分局,"120.687599 ","24.173129 "
382.0,平順里,臺中市北屯區熱河路二段196號,2.0,1050.0,第五分局,"120.688076 ","24.173821 "
383.0,平順里,臺中市北屯區大連路三段21巷17號,1.0,2320.0,第五分局,"120.691146 ","24.176010 "
384.0,平順里,臺中市北屯區柳陽西街92巷2號,2.0,7280.0,第五分局,"120.693040 ","24.175518 "
385.0,平陽里,臺中市北屯區大連路三段61號,1.0,940.0,第五分局,"120.692373 ","24.175189 "
386.0,平順里,臺中市北屯區大連路三段52號,1.0,840.0,第五分局,"120.692196 ","24.174956 "
387.0,平順里,臺中市北屯區旅順路二段201號,1.0,1060.0,第五分局,"120.692250 ","24.173964 "
388.0,平順里,臺中市北屯區安順東九街71號,1.0,1810.0,第五分局,"120.691027 ","24.175090 "
389.0,平順里,臺中市北屯區大連路三段18號,1.0,2390.0,第五分局,"120.691373 ","24.175118 "
390.0,平陽里,臺中市北屯區旅順路一段14號,1.0,2500.0,第五分局,"120.676913 ","24.175373 "
391.0,平陽里,臺中市北屯區安順東五街19號,1.0,1120.0,第五分局,"120.682636 ","24.175065 "
392.0,平陽里,臺中市北屯區旅順路一段161號,1.0,860.0,第五分局,"120.682163 ","24.175027 "
393.0,平陽里,臺中市北屯區河北路二段219號,1.0,1760.0,第五分局,"120.683483 ","24.175020 "
394.0,平陽里,臺中市北屯區旅順路一段98號,1.0,3833.0,第五分局,"120.679312 ","24.175087 "
395.0,平陽里,臺中市北屯區崇德路二段227號,1.0,2824.0,第五分局,"120.684574 ","24.175127 "
396.0,平陽里,臺中市北屯區河北路三段16號,1.0,7757.0,第五分局,"120.683965 ","24.177009 "
397.0,平陽里,臺中市北屯區崇德路二段255號,1.0,230.0,第五分局,"120.685582 ","24.176383 "
398.0,平陽里,臺中市北屯區文心路四段281號,1.0,1804.0,第五分局,"120.679221 ","24.173285 "
399.0,平福里,臺中市北屯區大連路二段226號,1.0,2220.0,第五分局,"120.688802 ","24.175447 "
400.0,平福里,臺中市北屯區崇德路二段282號,4.0,8173.0,第五分局,"120.686468 ","24.175930 "
401.0,平福里,臺中市北屯區崇德路二段252號,3.0,3757.0,第五分局,"120.685906 ","24.174989 "
402.0,平福里,臺中市北屯區大連路二段219號,2.0,800.0,第五分局,"120.688380 ","24.175851 "
403.0,平福里,臺中市北屯區大連路二段193號,3.0,847.0,第五分局,"120.687234 ","24.175863 "
404.0,平福里,臺中市北屯區大連路二段200號,3.0,1246.0,第五分局,"120.688289 ","24.175543 "
405.0,和平里,臺中市北屯區軍和街417號,1.0,100.0,第五分局,"120.723558 ","24.176879 "
406.0,和平里,臺中市北屯區東山路1段332號之1,4.0,3541.0,第五分局,"120.723890 ","24.176160 "
407.0,和平里,臺中市北屯區軍福十五路332,1.0,1375.0,第五分局,"120.723328 ","24.174191 "
408.0,和平里,臺中市北屯區軍福十五路316號,1.0,2620.0,第五分局,"120.724413 ","24.174174 "
409.0,和平里,臺中市北屯區軍和街378巷33號,1.0,120.0,第五分局,"120.725960 ","24.179027 "
410.0,和平里,臺中市北屯區和平里12鄰東山路1段369號23,1.0,130.0,第五分局,"120.726161 ","24.176486 "
411.0,和平里,臺中市北屯區和祥街181號,3.0,163.0,第五分局,"120.724573 ","24.179498 "
412.0,和平里,臺中市北屯區和祥街183號,3.0,163.0,第五分局,"120.724498 ","24.179490 "
413.0,和平里,臺中市北屯區鄰軍福15路266號,3.0,151.0,第五分局,"120.725928 ","24.174190 "
414.0,和平里,臺中市北屯區軍福15路268號,3.0,151.0,第五分局,"120.725928 ","24.174190 "
415.0,和平里,臺中市北屯區祥順路2段181號,3.0,391.0,第五分局,"120.727470 ","24.169590 "
416.0,和平里,臺中市北屯區軍福15路261號,3.0,211.0,第五分局,"120.726143 ","24.174100 "
417.0,和平里,臺中市北屯區軍福十六285號,1.0,3004.0,第五分局,"120.723072 ","24.174904 "
418.0,和平里,臺中市北屯區軍福十三200號,1.0,655.0,第五分局,"120.724140 ","24.172435 "
419.0,和平里,臺中市北屯區軍福16路346號,1.0,3167.0,第五分局,"120.724042 ","24.175478 "
420.0,和平里,臺中市北屯區和福路236號,1.0,2225.0,第五分局,"120.723473 ","24.175643 "
421.0,和平里,"臺中市北屯區軍福十六路 271號",1.0,3477.0,第五分局,"120.724248 ","24.174886 "
422.0,和平里,臺中市北屯區軍福十三路210號,1.0,2516.0,第五分局,"120.723933 ","24.172426 "
423.0,和平里,臺中市北屯區東山路1段394號,1.0,160.0,第五分局,"120.734325 ","24.177018 "
424.0,和平里,臺中市北屯區軍福十三路300號,1.0,4258.0,第五分局,"120.719359 ","24.173020 "
425.0,和平里,臺中市北屯區軍福十七路32號,1.0,808.0,第五分局,"120.719964 ","24.175497 "
426.0,和平里,臺中市北屯區東山路1段363號,1.0,370.0,第五分局,"120.723260 ","24.176383 "
427.0,和平里,臺中市北屯區軍和街320號,3.0,2080.0,第五分局,"120.724863 ","24.176817 "
428.0,和平里,臺中市北屯區東山路1段367號,1.0,250.0,第五分局,"120.724097 ","24.176562 "
429.0,和平里,臺中市北屯區東山路1段367-1號,1.0,250.0,第五分局,"120.724097 ","24.176562 "
430.0,和平里,臺中市北屯區東山路1段369號,1.0,120.0,第五分局,"120.724968 ","24.176444 "
431.0,和平里,臺中市北屯區東山路1段365-2號,1.0,120.0,第五分局,"120.724110 ","24.176603 "
432.0,和平里,臺中市北屯區東山路1段315號,1.0,200.0,第五分局,"120.722167 ","24.176360 "
433.0,和平里,臺中市北屯區環中東路2段1066號,1.0,953.0,第五分局,"120.721130 ","24.175850 "
434.0,和平里,臺中市北屯區環中東路2段281號,1.0,1161.0,第五分局,"120.721147 ","24.174544 "
435.0,和平里,臺中市北屯區軍和街318號,1.0,2080.0,第五分局,"120.724857 ","24.176867 "
436.0,和平里,臺中市北屯區環中東路二段369號,1.0,128.0,第五分局,"120.721072 ","24.171996 "
437.0,和平里,臺中市北屯區和順路425號,3.0,870.0,第五分局,"120.722393 ","24.172129 "
438.0,和平里,臺中市北屯區環中東路2段431號,3.0,343.0,第五分局,"120.721623 ","24.170890 "
439.0,和平里,臺中市北屯區環中東路2段420號,3.0,509.0,第五分局,"120.720628 ","24.172048 "
440.0,和平里,臺中市北屯區和祥7街59號,3.0,149.0,第五分局,"120.728796 ","24.176180 "
441.0,和平里,臺中市北屯區松竹路1段7-16號,1.0,634.0,第五分局,"120.730168 ","24.176379 "
442.0,和平里,臺中市北屯區軍福13路269號,3.0,310.0,第五分局,"120.723323 ","24.172362 "
443.0,廍子里,臺中市北屯區太原路三段1317號,3.0,9526.0,第五分局,"120.730046 ","24.161203 "
444.0,廍子里,臺中市北屯區祥順一街99號,1.0,485.0,第五分局,"120.729792 ","24.161787 "
445.0,廍子里,臺中市北屯區建和路1段101號,1.0,2477.0,第五分局,"120.720541 ","24.161451 "
446.0,廍子里,臺中市北屯區軍福七路36號,3.0,3516.0,第五分局,"120.726245 ","24.165420 "
447.0,廍子里,臺中市北屯區太和東街136號,1.0,2604.0,第五分局,"120.726840 ","24.164597 "
448.0,廍子里,臺中市北屯區太和東街120號,2.0,1186.0,第五分局,"120.726944 ","24.164082 "
449.0,廍子里,臺中市北屯區太和東街8號1樓之1,1.0,873.0,第五分局,"120.727165 ","24.162502 "
450.0,廍子里,臺中市北屯區太和東街128號,3.0,589.0,第五分局,"120.726962 ","24.164262 "
451.0,廍子里,臺中市北屯區太原路3段1289號,3.0,3783.0,第五分局,"120.726022 ","24.161833 "
452.0,廍子里,臺中市北屯區太原路3段1277號,3.0,1508.0,第五分局,"120.725719 ","24.161860 "
453.0,廍子里,臺中市北屯區軍福7路5號,3.0,1820.0,第五分局,"120.722006 ","24.165854 "
454.0,廍子里,臺中市北屯區太原路3段1299號2樓之3,3.0,3744.0,第五分局,"120.726823 ","24.162533 "
455.0,廍子里,臺中市北屯區祥順路2段60號,3.0,1866.0,第五分局,"120.727160 ","24.166446 "
456.0,廍子里,臺中市北屯區祥順東路二段51號,11.0,4956.0,第五分局,"120.729505 ","24.170864 "
457.0,廍子里,"臺中市北屯區祥順六街125號 ",1.0,1027.0,第五分局,"120.730019 ","24.169560 "
458.0,廍子里,臺中市北屯區軍福13路95號,1.0,873.0,第五分局,"120.730428 ","24.167622 "
459.0,廍子里,臺中市北屯區廍子路327號,1.0,1148.0,第五分局,"120.733144 ","24.169673 "
460.0,廍子里,臺中市北屯區祥順六街188號,1.0,2023.0,第五分局,"120.729193 ","24.169872 "
461.0,廍子里,臺中市北屯區景賢路68號,3.0,2021.0,第五分局,"120.727919 ","24.167294 "
462.0,廍子里,臺中市北屯區環太東路621號,3.0,5190.0,第五分局,"120.734500 ","24.159645 "
463.0,廍子里,臺中市北屯區廍子巷7弄26號,1.0,240.0,第五分局,"120.734786 ","24.164869 "
464.0,廍子里,臺中市北屯區廍子巷11號,1.0,21830.0,第五分局,"120.731894 ","24.172574 "
465.0,廍子里,臺中市北屯區廍子巷7弄66號,1.0,21830.0,第五分局,"120.731894 ","24.172574 "
466.0,廍子里,臺中市北屯區廍子巷11號,1.0,21830.0,第五分局,"120.731894 ","24.172574 "
467.0,廍子里,臺中市北屯區廍子巷11號,1.0,21830.0,第五分局,"120.731894 ","24.172574 "
468.0,廍子里,臺中市北屯區廍子巷11號,1.0,21830.0,第五分局,"120.731894 ","24.172574 "
469.0,廍子里,臺中市北屯區子巷11號,1.0,21830.0,第五分局,"120.731894 ","24.172574 "
470.0,廍子里,臺中市北屯區子巷11號,1.0,21830.0,第五分局,"120.731894 ","24.172574 "
471.0,廍子里,臺中市北屯區太祥路250號,1.0,1061.0,第五分局,"120.731309 ","24.171115 "
472.0,廍子里,臺中市北屯區祥順路1段482號,3.0,2862.0,第五分局,"120.724470 ","24.152744 "
473.0,廍子里,臺中市北屯區太順五街118號,1.0,228.0,第五分局,"120.725251 ","24.161724 "
474.0,廍子里,臺中市北屯區太原路3段1220號,1.0,1391.0,第五分局,"120.726601 ","24.161000 "
475.0,廍子里,臺中市北屯區太順路97號,1.0,4375.0,第五分局,"120.725305 ","24.158562 "
476.0,廍子里,臺中市北屯區祥順路1段420號,1.0,397.0,第五分局,"120.727138 ","24.157197 "
477.0,廍子里,臺中市北屯區新平路3段453號,1.0,1332.0,第五分局,"120.726804 ","24.157053 "
478.0,廍子里,臺中市北屯區太順東街8號,1.0,556.0,第五分局,"120.721964 ","24.159410 "
479.0,廍子里,臺中市北屯區太順路82號,1.0,3397.0,第五分局,"120.725410 ","24.158899 "
480.0,廍子里,臺中市北屯區祥順路一段502號,1.0,1712.0,第五分局,"120.727425 ","24.160374 "
481.0,廍子里,臺中市北屯區軍福7路70之2號,1.0,2068.0,第五分局,"120.725275 ","24.165627 "
482.0,廍子里,臺中市北屯區景賢路129號,1.0,4830.0,第五分局,"120.725702 ","24.166623 "
483.0,廍子里,臺中市北屯區太和一街133號,1.0,390.0,第五分局,"120.723660 ","24.162662 "
484.0,廍子里,臺中市北屯區太和一街123號,1.0,949.0,第五分局,"120.724317 ","24.162628 "
485.0,廍子里,臺中市北屯區太和東街198號,1.0,615.0,第五分局,"120.726254 ","24.166059 "
486.0,廍子里,臺中市北屯區太原路三段1189號,3.0,3724.0,第五分局,"120.724063 ","24.162231 "
487.0,廍子里,臺中市北屯區太和東街188號,3.0,734.0,第五分局,"120.726616 ","24.166046 "
488.0,廍子里,臺中市北屯區景賢路161號,3.0,1433.0,第五分局,"120.723082 ","24.166674 "
489.0,廍子里,臺中市北屯區景賢路151號,3.0,3414.0,第五分局,"120.723896 ","24.166678 "
490.0,廍子里,臺中市北屯區景賢路99號,1.0,2519.0,第五分局,"120.724314 ","24.166602 "
491.0,廍子里,臺中市北屯區軍福七路168號,3.0,3946.0,第五分局,"120.722584 ","24.165724 "
492.0,廍子里,臺中市北屯區建和路二段20號,1.0,797.0,第五分局,"120.724563 ","24.167249 "
493.0,廍子里,臺中市北屯區太原路三段1160號,3.0,746.0,第五分局,"120.723209 ","24.161791 "
494.0,廍子里,臺中市北屯軍福七路158號,3.0,5198.0,第五分局,"120.723223 ","24.165675 "
495.0,廍子里,臺中市北屯區環中東路三段37號,1.0,2004.0,第五分局,"120.719260 ","24.162071 "
496.0,廍子里,臺中市北屯區太和五街88號,1.0,2469.0,第五分局,"120.724033 ","24.164923 "
497.0,廍子里,臺中市北屯區景賢路290號,1.0,1103.0,第五分局,"120.722020 ","24.167273 "
498.0,廍子里,臺中市北屯區和順三街26號,1.0,104.0,第五分局,"120.723604 ","24.169127 "
499.0,廍子里,臺中市北屯區建和路1段107號,3.0,1272.0,第五分局,"120.720695 ","24.161499 "
500.0,廍子里,臺中市北屯區環太東路513號,3.0,9246.0,第五分局,"120.730986 ","24.160032 "
501.0,廍子里,臺中市北屯區環太東路459號,3.0,10003.0,第五分局,"120.729040 ","24.157463 "
502.0,廍子里,臺中市北屯區祥順路2段100號,3.0,883.0,第五分局,"120.727214 ","24.166446 "
503.0,廍子里,臺中市北屯區太和東街196號,1.0,345.0,第五分局,"120.726427 ","24.166318 "
504.0,廍子里,臺中市北屯區樹孝路718號,1.0,2887.0,第五分局,"120.722327 ","24.160916 "
505.0,廍子里,臺中市北屯區太和路一段223號,1.0,1098.0,第五分局,"120.724822 ","24.160958 "
506.0,廍子里,臺中市北屯區樹孝路586號,3.0,1988.0,第五分局,"120.720987 ","24.159364 "
507.0,廍子里,臺中市北屯區樹孝路758號,2.0,804.0,第五分局,"120.723600 ","24.161459 "
508.0,大坑里,臺中市北屯區東山路2段151號,1.0,200.0,第五分局,"120.763156 ","24.199134 "
509.0,大坑里,臺中市北屯區東山路2段151號2,1.0,300.0,第五分局,"120.764179 ","24.198499 "
510.0,大坑里,臺中市北屯區東山路2段75號18,1.0,80.0,第五分局,"120.744797 ","24.187239 "
511.0,大坑里,臺中市北屯區東山路2段66號1,1.0,80.0,第五分局,"120.744797 ","24.187239 "
512.0,大坑里,臺中市北屯區東山路2段66號2,1.0,80.0,第五分局,"120.744894 ","24.187387 "
513.0,大坑里,臺中市北屯區東山路2段66號3,1.0,40.0,第五分局,"120.747457 ","24.195585 "
514.0,大坑里,臺中市北屯區東山路2段75號8,1.0,520.0,第五分局,"120.746506 ","24.191890 "
515.0,大坑里,臺中市北屯區東山路2段75號,1.0,704.0,第五分局,"120.746108 ","24.191130 "
516.0,大坑里,臺中市北屯區東山路2段98號,1.0,50.0,第五分局,"120.746108 ","24.191130 "
517.0,大坑里,臺中市北屯區東山路2段112號,1.0,365.0,第五分局,"120.748181 ","24.195971 "
518.0,東山里,臺中市北屯區東山路2段56號,1.0,1000.0,第五分局,"120.743854 ","24.185618 "
519.0,民政里,臺中市北屯區橫坑巷46號,1.0,50.0,第五分局,"120.747106 ","24.177818 "
520.0,民政里,臺中市北屯區橫坑巷46號,1.0,50.0,第五分局,"120.746869 ","24.177969 "
521.0,民政里,臺中市北屯區北坑巷60號,1.0,120.0,第五分局,"120.747106 ","24.177818 "
522.0,平田里,臺中市北屯區瀋陽路3段338號,1.0,940.0,第五分局,"120.695120 ","24.172490 "
523.0,平田里,臺中市北屯區文心路4段959號,3.0,3270.0,第五分局,"120.695350 ","24.171450 "
524.0,平田里,臺中市北屯區旅順路2段322號,1.0,940.0,第五分局,"120.694899 ","24.173754 "
525.0,平田里,臺中市北屯區遼陽5街128號,1.0,130.0,第五分局,"120.694984 ","24.172046 "
526.0,平田里,臺中市北屯區遼寧路1段27號,1.0,480.0,第五分局,"120.696712 ","24.172820 "
527.0,平田里,臺中市北屯區旅順路2段31號,1.0,750.0,第五分局,"120.687370 ","24.174693 "
528.0,平田里,臺中市北屯區遼陽北二街11號,1.0,180.0,第五分局,"120.692804 ","24.173464 "
529.0,平田里,臺中市北屯區遼陽北二街95號,1.0,190.0,第五分局,"120.695426 ","24.173043 "
530.0,平田里,臺中市北屯區旅順路2段298號,1.0,260.0,第五分局,"120.693813 ","24.173767 "
531.0,平田里,臺中市北屯區遼陽北一街26號,1.0,250.0,第五分局,"120.693527 ","24.173772 "
532.0,平田里,臺中市北屯區遼陽北二街9號,1.0,160.0,第五分局,"120.692796 ","24.173460 "
533.0,平田里,臺中市北屯區文心路4段821號,1.0,2460.0,第五分局,"120.692065 ","24.171811 "
534.0,平田里,臺中市北屯區文心路4段875號,1.0,2170.0,第五分局,"120.693302 ","24.171737 "
535.0,平田里,臺中市北屯區大連路3段122號,1.0,470.0,第五分局,"120.694288 ","24.174702 "
536.0,平田里,臺中市北屯區旅順路2段259號,1.0,240.0,第五分局,"120.694603 ","24.173900 "
537.0,平田里,臺中市北屯區興安路1段321巷18號,1.0,2030.0,第五分局,"120.694703 ","24.173819 "
538.0,平田里,臺中市北屯區興安路1段309號,1.0,230.0,第五分局,"120.694230 ","24.173938 "
539.0,平田里,臺中市北屯區興安路2段38號,1.0,230.0,第五分局,"120.694817 ","24.175849 "
540.0,平田里,臺中市北屯區興安路2段46號,1.0,240.0,第五分局,"120.694810 ","24.176110 "
541.0,平田里,臺中市北屯區遼陽六街35號,1.0,1500.0,第五分局,"120.695276 ","24.173485 "
542.0,平田里,臺中市北屯區文心路4段845號,1.0,601.0,第五分局,"120.692552 ","24.171826 "
543.0,平田里,臺中市北屯區文心路4段993號,1.0,2572.0,第五分局,"120.696605 ","24.171129 "
544.0,平田里,臺中市北屯區遼寧路1段15號,2.0,1231.0,第五分局,"120.697109 ","24.171746 "
545.0,平田里,臺中市北屯區遼寧路一段36號,3.0,1856.0,第五分局,"120.696855 ","24.173163 "
546.0,平田里,臺中市北屯區文心路4段989號,1.0,150.0,第五分局,"120.696416 ","24.171108 "
547.0,平田里,臺中市北屯區興安路1段264號,1.0,100.0,第五分局,"120.694366 ","24.171728 "
548.0,平田里,臺中市北屯區遼寧路1段33號,1.0,1780.0,第五分局,"120.696630 ","24.172902 "
549.0,平田里,臺中市北屯區興安路1段270號,1.0,100.0,第五分局,"120.694430 ","24.175721 "
550.0,平田里,臺中市北屯區興安路1段266號,1.0,100.0,第五分局,"120.694463 ","24.172706 "
551.0,平田里,臺中市北屯區興安路1段250號,1.0,100.0,第五分局,"120.693958 ","24.169818 "
552.0,平田里,臺中市北屯區興安路1段121號,1.0,350.0,第五分局,"120.693090 ","24.168690 "
553.0,平田里,臺中市北屯區遼陽北二街73號,1.0,320.0,第五分局,"120.694950 ","24.173260 "
554.0,平田里,臺中市北屯區瀋陽路3段334號,1.0,350.0,第五分局,"120.694920 ","24.172490 "
555.0,平田里,臺中市北屯區綏遠路2段72號,1.0,440.0,第五分局,"120.681750 ","24.171650 "
556.0,平田里,臺中市北屯區大連路3段139號,1.0,1208.0,第五分局,"120.694700 ","24.174830 "
557.0,平田里,臺中市北屯區遼寧路1段14號,1.0,156.0,第五分局,"120.696690 ","24.172560 "
558.0,平田里,臺中市北屯區興安路2段33巷10號,1.0,3760.0,第五分局,"120.694640 ","24.175640 "
559.0,平田里,臺中市北屯區興安路1段121號,1.0,350.0,第五分局,"120.694460 ","24.175570 "
560.0,平田里,臺中市北屯區興安路1段179號,1.0,80.0,第五分局,"120.694050 ","24.170610 "
561.0,平田里,臺中市北屯區文心路4段830號,1.0,60.0,第五分局,"120.691200 ","24.171450 "
562.0,平田里,臺中市北屯區興安路2段61號,1.0,42.0,第五分局,"120.694740 ","24.176750 "
563.0,平田里,臺中市北屯區興安路2段63號,1.0,54.0,第五分局,"120.694750 ","24.176820 "
564.0,平田里,臺中市北屯區興安路2段65號,1.0,54.0,第五分局,"120.694680 ","24.176840 "
565.0,平田里,臺中市北屯區興安路2段67號,1.0,60.0,第五分局,"120.694720 ","24.176880 "
566.0,平田里,臺中市北屯區興安路2段69號,1.0,60.0,第五分局,"120.694740 ","24.176910 "
567.0,平田里,臺中市北屯區興安路2段71號,1.0,60.0,第五分局,"120.694670 ","24.176930 "
568.0,平田里,臺中市北屯區興安路1段275號,1.0,40.0,第五分局,"120.694300 ","24.172980 "
569.0,平田里,臺中市北屯區興安路1段277號,1.0,40.0,第五分局,"120.694240 ","24.173040 "
570.0,平田里,臺中市北屯區興安路1段279號,1.0,40.0,第五分局,"120.694480 ","24.174480 "
571.0,平田里,臺中市北屯區興安路1段301號,1.0,40.0,第五分局,"120.693960 ","24.174720 "
572.0,平田里,臺中市北屯區興安路1段250號,1.0,100.0,第五分局,"120.691140 ","24.165550 "
573.0,平田里,臺中市北屯區興安路1段298號,1.0,40.0,第五分局,"120.694740 ","24.175260 "
574.0,平田里,臺中市北屯區興安路1段296號,1.0,40.0,第五分局,"120.694220 ","24.175330 "
575.0,平田里,臺中市北屯區興安路1段294號,1.0,40.0,第五分局,"120.694910 ","24.175170 "
576.0,平田里,臺中市北屯區安路1段292號,1.0,40.0,第五分局,"120.694310 ","24.174930 "
577.0,平田里,臺中市北屯區興安路1段290號,1.0,40.0,第五分局,"120.691190 ","24.165540 "
578.0,平田里,臺中市北屯區遼陽六街33號,1.0,1490.0,第五分局,"120.695370 ","24.173370 "
579.0,平田里,臺中市北屯區瀋陽路3段335號,1.0,50.0,第五分局,"120.694990 ","24.172780 "
580.0,平田里,臺中市北屯區遼陽五街107號,1.0,50.0,第五分局,"120.694790 ","24.172210 "
581.0,平田里,臺中市北屯區遼陽五街1號,1.0,50.0,第五分局,"120.691480 ","24.172400 "
582.0,平田里,臺中市北屯區興安路1段264號,1.0,100.0,第五分局,"120.694440 ","24.171760 "
583.0,平田里,臺中市北屯區瀋陽路3段396號,1.0,601.0,第五分局,"120.696730 ","24.172220 "
584.0,平田里,臺中市北屯區崇興路1段113號,1.0,85.0,第五分局,"120.688280 ","24.168360 "
585.0,平田里,臺中市北屯區崇興路1段117號,1.0,86.0,第五分局,"120.688520 ","24.165960 "
586.0,平興里,臺中市北屯區柳陽東街69巷2號,1.0,970.0,第五分局,"120.693476 ","24.175701 "
587.0,平興里,臺中市北屯區遼寧路1段57號,1.0,10530.0,第五分局,"120.696609 ","24.175093 "
588.0,平興里,臺中市北屯區崇德2路1段159號,1.0,2150.0,第五分局,"120.685554 ","24.177595 "
589.0,平興里,臺中市北屯區柳陽東街81號,1.0,3660.0,第五分局,"120.693657 ","24.176375 "
590.0,平興里,臺中市北屯區崇德2路1段159號,1.0,2150.0,第五分局,"120.685706 ","24.178049 "
591.0,平興里,臺中市北屯區興安路2段15號,1.0,3022.0,第五分局,"120.694500 ","24.175294 "
592.0,平興里,臺中市北屯區文心路4段935號,1.0,2930.0,第五分局,"120.694453 ","24.171548 "
593.0,平興里,臺中市北屯區遼寧路1段132號,1.0,11485.0,第五分局,"120.696920 ","24.174954 "
594.0,平興里,臺中市北屯區北屯路407號,1.0,11429.0,第五分局,"120.697832 ","24.173304 "
595.0,平興里,臺中市北屯區興安路二段77號,1.0,1266.0,第五分局,"120.694437 ","24.177187 "
596.0,東光里,臺中市北屯區東山路1段133巷13號,1.0,600.0,第五分局,"120.698067 ","24.170648 "
597.0,東光里,臺中市北屯區東山路1段133巷6號,1.0,100.0,第五分局,"120.698046 ","24.170599 "
598.0,東光里,臺中市北屯區東山路1段133巷8號,1.0,100.0,第五分局,"120.702820 ","24.169062 "
599.0,東光里,臺中市北屯區東山路1段133巷10號,1.0,100.0,第五分局,"120.698024 ","24.170618 "
600.0,東光里,臺中市北屯區東山路1段55-7號,1.0,530.0,第五分局,"120.708204 ","24.170765 "
601.0,東光里,臺中市北屯區東山路1段49-6號,1.0,1690.0,第五分局,"120.698046 ","24.170608 "
602.0,東光里,臺中市北屯區東山路1段143-5號,1.0,260.0,第五分局,"120.698003 ","24.170628 "
603.0,東光里,臺中市北屯區東山路1段37號,1.0,250.0,第五分局,"120.698013 ","24.170653 "
604.0,東光里,臺中市北屯區北屯路365號,1.0,130.0,第五分局,"120.698001 ","24.171318 "
605.0,東光里,臺中市北屯區北屯路401號,1.0,700.0,第五分局,"120.698131 ","24.173115 "
606.0,東光里,臺中市北屯區東山路1段33巷9弄2號,1.0,180.0,第五分局,"120.698046 ","24.170706 "
607.0,東光里,臺中市北屯區北屯路397-1號,1.0,330.0,第五分局,"120.697964 ","24.172435 "
608.0,東光里,臺中市北屯區遼寧路1段6-1號,1.0,1080.0,第五分局,"120.697943 ","24.172405 "
609.0,東光里,臺中市北屯區北屯路290號,1.0,1788.0,第五分局,"120.698886 ","24.172634 "
610.0,東光里,臺中市北屯區東光路926號,1.0,3096.0,第五分局,"120.698789 ","24.172830 "
611.0,東光里,臺中市北屯區北屯路409號,3.0,3828.0,第五分局,"120.698466 ","24.174738 "
612.0,東光里,臺中市北屯區北屯路385號,1.0,317.0,第五分局,"120.698086 ","24.172162 "
613.0,東光里,臺中市北屯區北屯路298巷8之3號,3.0,767.0,第五分局,"120.699986 ","24.175153 "
614.0,東光里,臺中市北屯區北屯路290巷1號,1.0,4140.0,第五分局,"120.698810 ","24.172490 "
615.0,松安里,臺中市北屯區昌平路2段10巷155號,1.0,310.0,第五分局,"120.690253 ","24.179985 "
616.0,松安里,臺中市北屯區松安街205號,1.0,1130.0,第五分局,"120.693176 ","24.181578 "
617.0,松安里,臺中市北屯區松和街296號,1.0,2180.0,第五分局,"120.693384 ","24.182894 "
618.0,松安里,臺中市北屯區昌平路2段50-2號,1.0,280.0,第五分局,"120.683685 ","24.191694 "
619.0,松安里,臺中市北屯區昌平路2段10巷772弄105-9號,1.0,1770.0,第五分局,"120.685699 ","24.189471 "
620.0,松安里,臺中市北屯區興安路2段366巷47號,1.0,990.0,第五分局,"120.695085 ","24.181515 "
621.0,松安里,臺中市北屯區興安路2段226巷28弄28號,1.0,170.0,第五分局,"120.695113 ","24.180169 "
622.0,松安里,臺中市北屯區遼寧路1段281號,1.0,3410.0,第五分局,"120.697066 ","24.175793 "
623.0,松安里,臺中市北屯區崇德六路41號,1.0,2220.0,第五分局,"120.688337 ","24.180256 "
624.0,松安里,臺中市北屯區崇德六路1號,1.0,140.0,第五分局,"120.689351 ","24.180326 "
625.0,松安里,臺中市北屯區修齊巷92弄6號,1.0,1018.0,第五分局,"120.694055 ","24.180608 "
626.0,松安里,臺中市北屯區台中市北屯區遼寧路1段369號,2.0,2485.0,第五分局,"120.696093 ","24.183192 "
627.0,松安里,臺中市北屯區崇德六路65號,2.0,2962.0,第五分局,"120.687556 ","24.180222 "
628.0,松強里,臺中市北屯區松竹路2段180號,1.0,2210.0,第五分局,"120.695896 ","24.183678 "
629.0,松強里,臺中市北屯區興安路2段461巷50號,1.0,118.0,第五分局,"120.694160 ","24.184345 "
630.0,松強里,臺中市北屯區興安路2段461巷12號,1.0,3370.0,第五分局,"120.694699 ","24.184504 "
631.0,松強里,臺中市北屯區松竹路2段314號,1.0,750.0,第五分局,"120.691709 ","24.182858 "
632.0,松強里,臺中市北屯區松竹路2段376號,2.0,7350.0,第五分局,"120.689318 ","24.182545 "
633.0,松強里,臺中市北屯區興安路2段461巷58弄3號,1.0,2580.0,第五分局,"120.693817 ","24.184813 "
634.0,松強里,臺中市北屯區興安路2段461巷58弄10號,1.0,3060.0,第五分局,"120.693902 ","24.184901 "
635.0,松強里,臺中市北屯區興安路2段461巷33號,1.0,7405.0,第五分局,"120.694674 ","24.184007 "
636.0,松強里,臺中市北屯區松竹路2段180-1號,1.0,994.0,第五分局,"120.695917 ","24.183639 "
637.0,松強里,臺中市北屯區山西路3段210號,1.0,100.0,第五分局,"120.687573 ","24.185545 "
638.0,松強里,臺中市北屯區山西路3段321號,1.0,100.0,第五分局,"120.687573 ","24.181179 "
639.0,松和里,臺中市北屯區松竹路2段387號,1.0,3000.0,第五分局,"120.690373 ","24.182353 "
640.0,松和里,臺中市北屯區松竹路2段337巷13號,1.0,1210.0,第五分局,"120.692521 ","24.182203 "
641.0,松和里,臺中市北屯區松竹路2段299號,1.0,310.0,第五分局,"120.713378 ","24.182564 "
642.0,松和里,臺中市北屯區松竹路2段337巷28號,1.0,5530.0,第五分局,"120.692074 ","24.182192 "
643.0,松和里,臺中市北屯區松竹路2段305巷18號,1.0,400.0,第五分局,"120.692267 ","24.182594 "
644.0,松和里,臺中市北屯區松竹路2段337巷7號,1.0,290.0,第五分局,"120.692202 ","24.182574 "
645.0,松和里,臺中市北屯區松竹路2段305巷25號,1.0,260.0,第五分局,"120.697331 ","24.184169 "
646.0,松和里,臺中市北屯區昌平路2段金谷巷65號,1.0,190.0,第五分局,"120.692188 ","24.177749 "
647.0,松和里,臺中市北屯區昌平路2段金谷巷69號,1.0,150.0,第五分局,"120.692275 ","24.177677 "
648.0,松和里,臺中市北屯區昌平路2段金谷巷62號,1.0,680.0,第五分局,"120.692603 ","24.177601 "
649.0,松和里,臺中市北屯區昌平路2段10巷72弄101號,1.0,160.0,第五分局,"120.692808 ","24.179471 "
650.0,松和里,臺中市北屯區昌平路2段10巷72弄111號,1.0,120.0,第五分局,"120.692757 ","24.179295 "
651.0,松和里,臺中市北屯區昌平路2段10巷72弄117號,1.0,280.0,第五分局,"120.692467 ","24.179338 "
652.0,松和里,臺中市北屯區昌平路2段10巷72弄75號,1.0,240.0,第五分局,"120.692395 ","24.179615 "
653.0,松和里,臺中市北屯區昌平路2段10巷72弄71號,1.0,140.0,第五分局,"120.692627 ","24.179247 "
654.0,松和里,臺中市北屯區崇德6路1段207號,1.0,150.0,第五分局,"120.690213 ","24.180490 "
655.0,松和里,臺中市北屯區松竹路2段317號,2.0,1054.0,第五分局,"120.692539 ","24.182757 "
656.0,松和里,臺中市北屯區松安街328號,1.0,777.0,第五分局,"120.691150 ","24.181994 "
657.0,松和里,臺中市北屯區昌平路2段12號,1.0,1732.0,第五分局,"120.690605 ","24.178291 "
658.0,松和里,臺中市北屯區松和街239號,2.0,1943.0,第五分局,"120.693361 ","24.182543 "
659.0,松茂里,臺中市北屯區北屯路509巷146弄87號,1.0,180.0,第五分局,"120.702348 ","24.186704 "
660.0,松茂里,臺中市北屯區北屯路509巷146弄25-20號,1.0,180.0,第五分局,"120.702391 ","24.186792 "
661.0,松茂里,臺中市北屯區北屯路509巷148號,1.0,100.0,第五分局,"120.702380 ","24.186724 "
662.0,松茂里,臺中市北屯區北屯路509巷145弄20號,1.0,200.0,第五分局,"120.702423 ","24.186694 "
663.0,松茂里,臺中市北屯區北屯路509巷145弄30號,1.0,110.0,第五分局,"120.702413 ","24.186763 "
664.0,松茂里,臺中市北屯區北屯路509巷145弄32號,1.0,110.0,第五分局,"120.702380 ","24.186694 "
665.0,松茂里,臺中市北屯區松竹路509巷145弄219號,1.0,130.0,第五分局,"120.701976 ","24.180431 "
666.0,松茂里,臺中市北屯區北屯路509巷155號,1.0,100.0,第五分局,"120.702434 ","24.186665 "
667.0,松茂里,臺中市北屯區松山街170號,1.0,100.0,第五分局,"120.697472 ","24.186940 "
668.0,松茂里,臺中市北屯區松竹路178巷76弄193號,1.0,100.0,第五分局,"120.702030 ","24.180461 "
669.0,松茂里,臺中市北屯區松竹路2段160巷33弄13號,1.0,1440.0,第五分局,"120.697114 ","24.184995 "
670.0,松茂里,臺中市北屯區松竹路178巷76弄193號,1.0,430.0,第五分局,"120.701923 ","24.180480 "
671.0,松茂里,臺中市北屯區里松竹路2段166號,1.0,1910.0,第五分局,"120.697203 ","24.183501 "
672.0,松茂里,臺中市北屯區北屯區松義街157號,1.0,2260.0,第五分局,"120.697193 ","24.183559 "
673.0,松茂里,臺中市北屯區松竹路2段160巷4弄18號,1.0,990.0,第五分局,"120.697756 ","24.183964 "
674.0,松茂里,臺中市北屯區松竹路2段160巷6號,1.0,2420.0,第五分局,"120.697630 ","24.184464 "
675.0,松茂里,臺中市北屯區松竹路178巷76弄82號,1.0,4920.0,第五分局,"120.701944 ","24.180461 "
676.0,松茂里,臺中市北屯區松義街125號,1.0,5290.0,第五分局,"120.698138 ","24.184182 "
677.0,松茂里,臺中市北屯區興安路2段470號,1.0,1990.0,第五分局,"120.695250 ","24.183979 "
678.0,松茂里,臺中市北屯區松竹路178巷76弄51號,1.0,170.0,第五分局,"120.701912 ","24.180461 "
679.0,松茂里,臺中市北屯區松竹路178巷76弄51號,1.0,170.0,第五分局,"120.696916 ","24.184595 "
680.0,松茂里,臺中市北屯區松竹路145巷7號,1.0,500.0,第五分局,"120.701955 ","24.180480 "
681.0,松茂里,臺中市北屯區松竹路48號,1.0,500.0,第五分局,"120.700517 ","24.182888 "
682.0,松茂里,臺中市北屯區北新路2巷2弄4號,1.0,150.0,第五分局,"120.698090 ","24.181230 "
683.0,松茂里,臺中市北屯區北新路13號,1.0,360.0,第五分局,"120.698040 ","24.181930 "
684.0,松茂里,臺中市北屯區松竹路2段107巷61號,1.0,160.0,第五分局,"120.697151 ","24.183356 "
685.0,松茂里,臺中市北屯區松竹路2段107巷66-2號,1.0,1700.0,第五分局,"120.701944 ","24.180431 "
686.0,松茂里,臺中市北屯區松竹路2段145巷97號,1.0,2080.0,第五分局,"120.692200 ","24.182591 "
687.0,松茂里,臺中市北屯區松竹路2段178巷76弄228號,1.0,120.0,第五分局,"120.701923 ","24.180412 "
688.0,松茂里,臺中市北屯區松竹路2段118巷26號,1.0,280.0,第五分局,"120.698390 ","24.183340 "
689.0,松茂里,臺中市北屯區松義街182號,1.0,3060.0,第五分局,"120.698435 ","24.184667 "
690.0,松茂里,臺中市北屯區松竹路2段76巷12弄59號,1.0,820.0,第五分局,"120.702019 ","24.180480 "
691.0,松茂里,臺中市北屯區北屯路479巷89號,1.0,260.0,第五分局,"120.702338 ","24.185982 "
692.0,松茂里,臺中市北屯區北屯路533巷203號,1.0,1885.0,第五分局,"120.702294 ","24.187124 "
693.0,松勇里,臺中市北屯區北屯路509巷68號,1.0,40.0,第五分局,120.70234,24.18677
694.0,舊社里,臺中市北屯區北屯路388號,1.0,1500.0,第五分局,"120.700209 ","24.177625 "
695.0,舊社里,臺中市北屯區北屯路北屯路428號,1.0,2900.0,第五分局,"120.700899 ","24.178947 "
696.0,舊社里,臺中市北屯區北屯路370號,1.0,3500.0,第五分局,"120.700792 ","24.179025 "
697.0,舊社里,臺中市北屯區北屯路435號,1.0,470.0,第五分局,"120.700867 ","24.178878 "
698.0,舊社里,臺中市北屯區松竹路2段34巷16弄26號,1.0,630.0,第五分局,"120.700881 ","24.183190 "
699.0,舊社里,臺中市北屯區松竹路2段36號,1.0,980.0,第五分局,"120.700677 ","24.182711 "
700.0,舊社里,臺中市北屯區北屯路419巷52弄2號,1.0,450.0,第五分局,"120.699120 ","24.176215 "
701.0,舊社里,臺中市北屯區松竹路2段36號,1.0,980.0,第五分局,"120.700881 ","24.183190 "
702.0,舊社里,臺中市北屯區松竹路2段34巷16弄26號,1.0,630.0,第五分局,"120.694131 ","24.176734 "
703.0,舊社里,臺中市北屯區北屯路435號,1.0,470.0,第五分局,"120.699753 ","24.177679 "
704.0,舊社里,臺中市北屯區松竹路2段36號,1.0,1770.0,第五分局,"120.700881 ","24.183190 "
705.0,舊社里,臺中市北屯區松竹路2段446號,1.0,150.0,第五分局,"120.711941 ","24.183591 "
706.0,舊社里,臺中市北屯區松竹路2段455號,1.0,1460.0,第五分局,"120.685326 ","24.187780 "
707.0,舊社里,臺中市北屯區僑孝街80號,1.0,180.0,第五分局,"120.698552 ","24.179401 "
708.0,舊社里,臺中市北屯區北屯路437巷7號,1.0,700.0,第五分局,"120.700646 ","24.179651 "
709.0,舊社里,臺中市北屯區僑孝街80號,1.0,360.0,第五分局,"120.698531 ","24.179312 "
710.0,舊社里,臺中市北屯區僑孝街20巷35號,1.0,850.0,第五分局,"120.699777 ","24.179040 "
711.0,舊社里,臺中市北屯區北屯路435號,1.0,400.0,第五分局,"120.699785 ","24.177650 "
712.0,舊社里,臺中市北屯區北屯路419巷52弄34號,1.0,400.0,第五分局,"120.699109 ","24.176196 "
713.0,舊社里,臺中市北屯區北屯路419巷52弄34號,1.0,350.0,第五分局,"120.698219 ","24.173199 "
714.0,舊社里,臺中市北屯區北屯路439-11號,1.0,500.0,第五分局,"120.700470 ","24.179215 "
715.0,舊社里,臺中市北屯區松竹路2段34巷6號,1.0,808.0,第五分局,"120.700889 ","24.182952 "
716.0,舊社里,臺中市北屯區敦富十一街8號,3.0,769.0,第五分局,"120.708693 ","24.194733 "
717.0,舊社里,臺中市北屯區北屯路426之10號,2.0,1378.0,第五分局,"120.700666 ","24.178705 "
718.0,舊社里,臺中市北屯區南興路913號,3.0,1615.0,第五分局,"120.705888 ","24.193170 "
719.0,舊社里,臺中市北屯區南興路923號,3.0,743.0,第五分局,"120.705836 ","24.193527 "
720.0,舊社里,臺中市北屯區敦富10街115號,3.0,1117.0,第五分局,"120.708052 ","24.193906 "
721.0,舊社里,臺中市北屯區旱溪西路3段170號,2.0,1945.0,第五分局,"120.708031 ","24.193936 "
722.0,舊社里,臺中市北屯區南興路1336號,3.0,1430.0,第五分局,"120.706393 ","24.197135 "
723.0,舊社里,臺中市北屯區敦富一街200之3號,3.0,4670.0,第五分局,"120.705938 ","24.184024 "
724.0,舊社里,臺中市北屯區南興路818號,1.0,780.0,第五分局,"120.705073 ","24.187249 "
725.0,舊社里,臺中市北屯區溪西路三段522號,1.0,1782.0,第五分局,"120.710387 ","24.181981 "
726.0,舊社里,臺中市北屯區南興路999號,3.0,546.0,第五分局,"120.705976 ","24.195386 "
727.0,舊社里,臺中市北屯區南興路1052號,4.0,3341.0,第五分局,"120.705980 ","24.193729 "
728.0,舊社里,臺中市北屯區敦富路619號,3.0,1567.0,第五分局,"120.707056 ","24.192939 "
729.0,舊社里,臺中市北屯區松竹五路一段223號,2.0,4961.0,第五分局,"120.707090 ","24.175134 "
730.0,舊社里,臺中市北屯區南興路188號,2.0,3871.0,第五分局,"120.704557 ","24.186563 "
731.0,舊社里,臺中市北屯區松竹五路1段280號,2.0,1090.0,第五分局,"120.707263 ","24.174619 "
732.0,舊社里,臺中市北屯區敦富路101號,1.0,2985.0,第五分局,"120.707655 ","24.183120 "
733.0,舊社里,臺中市北屯區敦富六街21號,3.0,911.0,第五分局,"120.706573 ","24.187914 "
734.0,舊社里,臺中市北屯區南興一路26號,2.0,4217.0,第五分局,"120.704689 ","24.173004 "
735.0,舊社里,臺中市北屯區敦富路585號,1.0,3676.0,第五分局,"120.706979 ","24.192841 "
736.0,舊社里,臺中市北屯區敦富二街188號,1.0,3357.0,第五分局,"120.705566 ","24.185398 "
737.0,舊社里,臺中市北屯區南興東路109號,1.0,207.0,第五分局,"120.705840 ","24.175869 "
738.0,舊社里,臺中市北屯區敦富路207號,3.0,4948.0,第五分局,"120.707583 ","24.184882 "
739.0,舊社里,臺中市北屯區南興北三路19號,3.0,3348.0,第五分局,"120.707091 ","24.197722 "
740.0,舊社里,臺中市北屯區敦富路三街90號,3.0,2684.0,第五分局,"120.707022 ","24.191399 "
741.0,舊社里,臺中市北屯區敦富一街177號,3.0,3272.0,第五分局,"120.705900 ","24.183851 "
742.0,舊社里,臺中市北屯區南興一路88號,1.0,611.0,第五分局,"120.704721 ","24.173082 "
743.0,舊社里,臺中市北屯區南興東路8號,2.0,2913.0,第五分局,"120.705836 ","24.173541 "
744.0,舊社里,臺中市北屯區旱溪西路3段278號,2.0,1185.0,第五分局,"120.708638 ","24.174151 "
745.0,舊社里,臺中市北屯區敦富路799號,1.0,1741.0,第五分局,"120.707226 ","24.196793 "
746.0,舊社里,臺中市北屯區詔安街66號,1.0,2690.0,第五分局,"120.702842 ","24.184658 "
747.0,舊社里,臺中市北屯區南興路709號,3.0,1104.0,第五分局,"120.704541 ","24.186493 "
748.0,舊社里,臺中市北屯區敦富七街55號,2.0,2965.0,第五分局,"120.706118 ","24.189712 "
749.0,舊社里,臺中市北屯區松竹五路1段135號,2.0,4498.0,第五分局,"120.713450 ","24.176884 "
750.0,舊社里,臺中市北屯區南興路1106號,3.0,2053.0,第五分局,"120.705942 ","24.193950 "
751.0,舊社里,臺中市北屯區南興二路161號,1.0,402.0,第五分局,"120.705164 ","24.175844 "
752.0,舊社里,臺中市北屯區竹興街10號,2.0,6511.0,第五分局,"120.704810 ","24.174260 "
753.0,舊社里,臺中市北屯區敦富路二街189號,1.0,2613.0,第五分局,"120.706969 ","24.191350 "
754.0,舊社里,臺中市北屯區長富街25號,1.0,601.0,第五分局,"120.708672 ","24.181588 "
755.0,舊社里,臺中市北屯區旱溪西路3段229號,2.0,3819.0,第五分局,"120.708090 ","24.173871 "
756.0,舊社里,臺中市北屯區南興一路99號15樓之2,2.0,2012.0,第五分局,"120.704470 ","24.173020 "
757.0,舊社里,臺中市北屯區北屯路509巷68號,1.0,40.0,第五分局,"120.702413 ","24.186694 "
758.0,仁和里,臺中市北屯區崇德路三段10號,1.0,3615.0,第五分局,"120.686556 ","24.183026 "
759.0,仁和里,臺中市北屯區后庄路910號,1.0,2002.0,第五分局,"120.678082 ","24.192630 "
760.0,同榮里,臺中市北屯區新興路20號,1.0,380.0,第五分局,"120.662499 ","24.194704 "
761.0,同榮里,臺中市北屯區后庄路699號,1.0,2557.0,第五分局,"120.677079 ","24.194085 "
762.0,同榮里,臺中市北屯區豐樂路二段158號,1.0,768.0,第五分局,"120.680172 ","24.194918 "
763.0,仁和里,臺中市北屯區豐樂路二段168號,1.0,1825.0,第五分局,"120.679530 ","24.195039 "
764.0,仁和里,臺中市北屯區四平路161號,1.0,300.0,第五分局,"120.674558 ","24.183931 "
765.0,松竹里,臺中市北屯區崇德五路345號,1.0,4298.0,第五分局,"120.684359 ","24.178916 "
766.0,松竹里,臺中市北屯區河北路三段87號,1.0,1886.0,第五分局,"120.683725 ","24.178531 "
767.0,松竹里,臺中市北屯區河北西街68號,1.0,969.0,第五分局,"120.682685 ","24.178174 "
768.0,松竹里,臺中市北屯區河北東街66號,2.0,1397.0,第五分局,"120.685293 ","24.177711 "
769.0,仁和里,臺中市北屯區四平路216之1號,1.0,708.0,第五分局,"120.679325 ","24.186145 "
770.0,仁和里,臺中市北屯區山西中街78號,1.0,588.0,第五分局,"120.684465 ","24.186066 "
771.0,四民里,臺中市北屯區崇德路三段831號,1.0,9912.0,第五分局,"120.685363 ","24.197502 "
772.0,后庄里,臺中市北屯區后庄路137號,1.0,150.0,第五分局,"120.665448 ","24.190470 "
773.0,后庄里,臺中市北屯區后庄七街196號,1.0,140.0,第五分局,"120.665122 ","24.191806 "
774.0,后庄里,臺中市北屯區后庄七街188號,1.0,140.0,第五分局,"120.665259 ","24.191609 "
775.0,后庄里,臺中市北屯區后庄一街158號,1.0,2266.0,第五分局,"120.663591 ","24.188248 "
776.0,松竹里,臺中市北屯區昌平路二段11-26號,1.0,280.0,第五分局,"120.688868 ","24.181228 "
777.0,松竹里,臺中市北屯區崇德六路18號,1.0,5710.0,第五分局,"120.689131 ","24.180430 "
778.0,松竹里,臺中市北屯區松竹路二段451號,1.0,780.0,第五分局,"120.687957 ","24.181664 "
779.0,松竹里,臺中市北屯區昌平路二段5-15號,1.0,2230.0,第五分局,"120.690113 ","24.179243 "
780.0,松竹里,臺中市北屯區崇德路二段346巷25弄63-1號,1.0,930.0,第五分局,"120.686592 ","24.178516 "
781.0,松竹里,臺中市北屯區崇德路二段447號,1.0,990.0,第五分局,"120.685810 ","24.180834 "
782.0,松竹里,臺中市北屯區崇德路二段500號,1.0,578.0,第五分局,"120.686319 ","24.180883 "
783.0,松竹里,臺中市北屯區崇德五路126號,1.0,3120.0,第五分局,"120.687459 ","24.179530 "
784.0,松竹里,臺中市北屯區崇德路二段３４６巷79-5號,1.0,1090.0,第五分局,"120.686300 ","24.178915 "
785.0,松竹里,臺中市北屯區鄰昌平路2段3-19號,1.0,50.0,第五分局,"120.690470 ","24.178790 "
786.0,松竹里,臺中市北屯區鄰昌平路2段3-20號,1.0,50.0,第五分局,"120.690450 ","24.178790 "
787.0,松竹里,臺中市北屯區昌平路2段3-21號,1.0,50.0,第五分局,"120.690480 ","24.178880 "
788.0,松竹里,臺中市北屯區昌平路2段3-22號,1.0,50.0,第五分局,"120.690410 ","24.178910 "
789.0,松竹里,臺中市北屯區昌平路2段3-23號,1.0,50.0,第五分局,"120.690410 ","24.178960 "
790.0,松竹里,臺中市北屯區崇德路2段488號,1.0,40.0,第五分局,"120.686220 ","24.180740 "
791.0,松竹里,臺中市北屯區崇德路2段490號,1.0,40.0,第五分局,"120.686270 ","24.180790 "
792.0,松竹里,臺中市北屯區崇德路2段492號,1.0,40.0,第五分局,"120.686320 ","24.180790 "
793.0,松竹里,臺中市北屯區崇德路2段494號,1.0,40.0,第五分局,"120.686270 ","24.180830 "
794.0,松竹里,臺中市北屯區崇德路2段496號,1.0,40.0,第五分局,"120.686260 ","24.180970 "
795.0,松竹里,臺中市北屯區崇德路2段498號,1.0,40.0,第五分局,"120.686330 ","24.180930 "
796.0,松竹里,臺中市北屯區熱河路2段95號,1.0,50.0,第五分局,"120.687270 ","24.170500 "
797.0,松竹里,臺中市北屯區里崇德路2段426巷16號,1.0,60.0,第五分局,"120.686090 ","24.179690 "
798.0,松竹里,臺中市北屯區崇德路2段426巷14號,1.0,60.0,第五分局,"120.686070 ","24.179720 "
799.0,松竹里,臺中市北屯區崇德路2段426巷12號,1.0,60.0,第五分局,"120.686040 ","24.179690 "
800.0,松竹里,臺中市北屯區崇德路2段426巷10號,1.0,60.0,第五分局,"120.686140 ","24.179680 "
801.0,松竹里,臺中市北屯區崇德路2段426巷8號,1.0,70.0,第五分局,"120.686050 ","24.179680 "
802.0,松竹里,臺中市北屯區崇德路2段426巷6號,1.0,70.0,第五分局,"120.686120 ","24.179740 "
803.0,仁美里,臺中市北屯區仁美十巷88號,1.0,135.0,第五分局,"120.688007 ","24.195786 "
804.0,仁美里,臺中市北屯區豐樂路15-4號,1.0,90.0,第五分局,"120.686966 ","24.193581 "
805.0,仁美里,臺中市北屯區豐樂路15-3號,1.0,98.0,第五分局,"120.686922 ","24.193594 "
806.0,仁美里,臺中市北屯區豐樂路3巷23號,1.0,98.0,第五分局,"120.683583 ","24.194272 "
807.0,仁美里,臺中市北屯區豐樂路3巷25號,1.0,98.0,第五分局,"120.683588 ","24.194312 "
808.0,仁美里,臺中市北屯區豐樂路3巷27號,1.0,98.0,第五分局,"120.683587 ","24.194353 "
809.0,仁美里,臺中市北屯區豐樂路3巷2弄32號,1.0,75.0,第五分局,"120.684490 ","24.193988 "
810.0,仁美里,臺中市北屯區豐樂路3巷2弄30號,1.0,75.0,第五分局,"120.684449 ","24.193991 "
811.0,仁美里,臺中市北屯區豐樂路3巷2弄28號,1.0,75.0,第五分局,"120.684406 ","24.193997 "
812.0,仁美里,臺中市北屯區豐樂路3巷2弄26號,1.0,75.0,第五分局,"120.684365 ","24.194001 "
813.0,仁美里,臺中市北屯區里豐樂路10-4號,1.0,705.0,第五分局,"120.684737 ","24.193491 "
814.0,四民里,臺中市北屯區四平路152-6號,1.0,300.0,第五分局,"120.676443 ","24.184688 "
815.0,仁和里,臺中市北屯區四平路417巷1-6號,1.0,248.0,第五分局,"120.680347 ","24.190401 "
816.0,仁和里,臺中市北屯區后庄路797號,1.0,100.0,第五分局,"120.679254 ","24.193214 "
817.0,仁和里,臺中市北屯區后庄路24號,1.0,600.0,第五分局,"120.676615 ","24.193216 "
818.0,仁和里,臺中市北屯區四平路238巷11號,1.0,1180.0,第五分局,"120.681126 ","24.189357 "
819.0,仁和里,臺中市北屯區四平路238巷25號,1.0,1085.0,第五分局,"120.682210 ","24.190429 "
820.0,仁和里,臺中市北屯區水湳路建昌巷8號,1.0,500.0,第五分局,"120.682346 ","24.191251 "
821.0,仁和里,臺中市北屯區四平路316號,1.0,100.0,第五分局,"120.681306 ","24.191472 "
822.0,仁和里,臺中市北屯區水湳路145-5號,1.0,313.0,第五分局,"120.682126 ","24.191105 "
823.0,四民里,臺中市北屯區昌平路二段79號,1.0,110.0,第五分局,"120.682209 ","24.193048 "
824.0,四民里,臺中市北屯區昌平路二段102號,1.0,150.0,第五分局,"120.682478 ","24.192674 "
825.0,四民里,臺中市北屯區昌平路二段100號,1.0,160.0,第五分局,"120.682491 ","24.192620 "
826.0,四民里,臺中市北屯區昌平路二段143號,1.0,240.0,第五分局,"120.682748 ","24.194400 "
827.0,四民里,臺中市北屯區昌平路二段145號,1.0,240.0,第五分局,"120.682758 ","24.194457 "
828.0,四民里,臺中市北屯區昌平路二段95號,1.0,400.0,第五分局,"120.682462 ","24.191951 "
829.0,四民里,臺中市北屯區昌平路二段63號,1.0,120.0,第五分局,"120.682098 ","24.192582 "
830.0,后庄里,臺中市北屯區后庄北路108號,1.0,494.0,第五分局,"120.664072 ","24.190245 "
831.0,后庄里,臺中市北屯區后庄一街63號,1.0,1449.0,第五分局,"120.663498 ","24.187957 "
832.0,松竹里,臺中市北屯區崇德五路351號,1.0,1132.0,第五分局,"120.683653 ","24.179079 "
833.0,后庄里,臺中市北屯區后庄北路187號,1.0,2570.0,第五分局,"120.666220 ","24.192059 "
834.0,松竹里,臺中市北屯區崇德七路131號,1.0,340.0,第五分局,"120.686749 ","24.180665 "
835.0,后庄里,臺中市北屯區后庄路306號,1.0,840.0,第五分局,"120.667492 ","24.191347 "
836.0,松竹里,臺中市北屯區松竹路二段701號,1.0,1870.0,第五分局,"120.686797 ","24.181466 "
837.0,松竹里,臺中市北屯區崇德二路二段218號,1.0,2873.0,第五分局,"120.684701 ","24.177747 "
838.0,同榮里,臺中市北屯區更生巷190號,1.0,1042.0,第五分局,"120.663614 ","24.200049 "
839.0,后庄里,中市北屯區中清路二段1020號,1.0,318.0,第五分局,"120.662135 ","24.189426 "
840.0,同榮里,臺中市北屯區同榮路267巷9號,1.0,802.0,第五分局,"120.662983 ","24.198385 "
841.0,仁和里,臺中市北屯區山西南一街12號,1.0,1164.0,第五分局,"120.685588 ","24.184190 "
842.0,仁美里,臺中市北屯區昌平東三路58號,3.0,219.0,第五分局,"120.689125 ","24.189772 "
843.0,仁美里,臺中市北屯區崇德11路59號,1.0,762.0,第五分局,"120.684369 ","24.191704 "
844.0,松竹里,臺中市北屯區河北二街90號,1.0,675.0,第五分局,"120.682976 ","24.178747 "
845.0,仁美里,臺中市北屯區長生一街60號,1.0,1860.0,第五分局,"120.685906 ","24.195803 "
846.0,仁美里,臺中市北屯區崇德十六路261號,1.0,1958.0,第五分局,"120.687059 ","24.195083 "
847.0,仁美里,臺中市北屯區崇德十一路28號,1.0,901.0,第五分局,"120.689164 ","24.189478 "
848.0,仁和里,臺中市北屯區崇德路三段125號,1.0,1140.0,第五分局,"120.686060 ","24.185763 "
849.0,后庄里,臺中市北屯區后庄路39號,1.0,3460.0,第五分局,"120.663426 ","24.189291 "
850.0,后庄里,臺中市北屯區庄美街169號,1.0,961.0,第五分局,"120.666077 ","24.193040 "
851.0,仁和里,臺中市北屯區崇德路三段108號,1.0,479.0,第五分局,"120.686496 ","24.183800 "
852.0,后庄里,臺中市北屯區后庄六街68號,1.0,1188.0,第五分局,"120.665591 ","24.189682 "
853.0,后庄里,臺中市北屯區后庄北路86號,1.0,1013.0,第五分局,"120.663860 ","24.190082 "
854.0,后庄里,臺中市北屯區庄美街226號,1.0,769.0,第五分局,"120.666320 ","24.192634 "
855.0,仁美里,臺中市北屯區崇德11路98號,1.0,496.0,第五分局,"120.687721 ","24.189460 "
856.0,仁美里,臺中市北屯區昌平路二段36之1號,1.0,1972.0,第五分局,"120.686758 ","24.187911 "
857.0,仁美里,臺中市北屯區崇德十六路226號,1.0,1558.0,第五分局,"120.687211 ","24.195409 "
858.0,仁美里,臺中市北屯區昌平東二路156號,1.0,752.0,第五分局,"120.687695 ","24.189221 "
859.0,仁美里,臺中市北屯區崇德路三段666號,1.0,2323.0,第五分局,"120.686684 ","24.194483 "
860.0,仁和里,臺中市北屯區崇德路三段91號,1.0,1546.0,第五分局,"120.686021 ","24.184556 "
861.0,后庄里,臺中市北屯區庄美街198號,1.0,495.0,第五分局,"120.665753 ","24.192328 "
862.0,仁美里,臺中市北屯區崇德十三路1號,1.0,2592.0,第五分局,"120.687566 ","24.193866 "
863.0,松竹里,臺中市北屯區河北二街36號,1.0,2557.0,第五分局,"120.684513 ","24.178405 "
864.0,仁美里,臺中市北屯區崇德十三路68號,1.0,1028.0,第五分局,"120.685509 ","24.194161 "
865.0,仁和里,臺中市北屯區四平路238巷390號,1.0,610.0,第五分局,"120.683196 ","24.190771 "
866.0,松竹里,臺中市北屯區河北西街88號,1.0,1557.0,第五分局,"120.682813 ","24.178971 "
867.0,仁美里,臺中市北屯區崇德十六路172號,1.0,13124.0,第五分局,"120.688667 ","24.195640 "
868.0,后庄里,臺中市北屯區庄美街28號,1.0,1361.0,第五分局,"120.662122 ","24.191068 "
869.0,后庄里,臺中市北屯區后庄七街308巷36號,1.0,820.0,第五分局,"120.665274 ","24.194341 "
870.0,仁和里,臺中市北屯區崇德路三段91號,4.0,2530.0,第五分局,"120.686021 ","24.184556 "
871.0,仁和里,臺中市北屯區四平路238巷390號,1.0,610.0,第五分局,"120.683196 ","24.190771 "
872.0,仁和里,臺中市北屯區崇德八路一段176號,3.0,2036.0,第五分局,"120.686767 ","24.183792 "
873.0,仁和里,臺中市北屯區四平路318號,3.0,3125.0,第五分局,"120.681293 ","24.191569 "
874.0,同榮里,臺中市北屯區同榮路130巷1號,2.0,296.0,第五分局,"120.662004 ","24.194692 "
875.0,仁和里,臺中市北屯區山西路三段102號,1.0,1519.0,第五分局,"120.684137 ","24.185313 "
876.0,仁美里,臺中市北屯區崇德路三段568號,1.0,2989.0,第五分局,"120.686649 ","24.193087 "
877.0,仁和里,臺中市北屯區崇德路三段2號,2.0,1684.0,第五分局,"120.686451 ","24.182246 "
878.0,仁美里,臺中市北屯區豐樂路28之5號,1.0,2784.0,第五分局,"120.689658 ","24.193637 "
879.0,仁美里,臺中市北屯區崇德十路一段388號,1.0,2402.0,第五分局,"120.688768 ","24.188552 "
880.0,四民里,臺中市北屯區四平路486巷18號,1.0,1116.0,第五分局,"120.683118 ","24.195638 "
881.0,四民里,臺中市北屯區四平路568巷5號,1.0,8366.0,第五分局,"120.683959 ","24.196839 "
882.0,后庄里,臺中市北屯區敦化路467巷9號,1.0,890.0,第五分局,"120.668097 ","24.188230 "
883.0,后庄里,臺中市北屯區后庄二街90號,1.0,1568.0,第五分局,"120.664666 ","24.188070 "
884.0,同榮里,臺中市北屯區同榮路106號,1.0,1420.0,第五分局,"120.661151 ","24.194420 "
885.0,后庄里,臺中市北屯區后庄六街79號,1.0,883.0,第五分局,"120.665260 ","24.190012 "
886.0,后庄里,臺中市北屯區后庄六街72號,1.0,650.0,第五分局,"120.665535 ","24.189916 "
887.0,同榮里,臺中市北屯區中清路二段1250巷96弄10號,1.0,610.0,第五分局,"120.659720 ","24.196467 "
888.0,同榮里,臺中市北屯區中清路二段1250巷158弄20號,1.0,320.0,第五分局,"120.661150 ","24.196940 "
889.0,同榮里,臺中市北屯區新興路9巷45弄15號,1.0,110.0,第五分局,"120.661880 ","24.195600 "
890.0,同榮里,臺中市北屯區新興路9巷45弄27號,1.0,110.0,第五分局,"120.661770 ","24.195490 "
891.0,同榮里,臺中市北屯區新興路9巷65號,1.0,130.0,第五分局,"120.661830 ","24.195550 "
892.0,同榮里,臺中市北屯區新興路9巷36弄14號,1.0,4380.0,第五分局,"120.661870 ","24.195570 "
893.0,同榮里,臺中市北屯區新興路9巷64弄16號,1.0,2330.0,第五分局,"120.661890 ","24.195560 "
894.0,同榮里,臺中市北屯區新興路9巷63弄8號,1.0,510.0,第五分局,"120.661810 ","24.195640 "
895.0,同榮里,臺中市北屯區新興路9巷30弄37號,1.0,1290.0,第五分局,"120.662010 ","24.195570 "
896.0,同榮里,臺中市北屯區新興路9巷64弄23號,1.0,310.0,第五分局,"120.661810 ","24.195290 "
897.0,同榮里,臺中市北屯區新興路9巷111號,1.0,2130.0,第五分局,"120.662420 ","24.195310 "
898.0,同榮里,臺中市北屯區新興路9巷27-8號,1.0,309.0,第五分局,"120.661790 ","24.195550 "
899.0,陳平里,臺中市北屯區中清路2段742巷25號,1.0,978.0,第五分局,"120.665205 ","24.185392 "
900.0,陳平里,臺中市北屯區中清路2段552巷8弄25號,1.0,562.0,第五分局,"120.667017 ","24.181667 "
901.0,陳平里,臺中市北屯區中清路2段552巷8弄26號,1.0,112.0,第五分局,"120.666865 ","24.181559 "
902.0,陳平里,臺中市北屯區雷中街19巷8號,1.0,112.0,第五分局,"120.668117 ","24.180754 "
903.0,陳平里,臺中市北屯區雷中街19巷46號,1.0,84.0,第五分局,"120.667289 ","24.181837 "
904.0,陳平里,臺中市北屯區雷中街19巷50號,1.0,84.0,第五分局,"120.667221 ","24.181919 "
905.0,陳平里,臺中市北屯區雷中街19巷57號,1.0,281.0,第五分局,"120.667106 ","24.181767 "
906.0,陳平里,臺中市北屯區中清路2段630號,2.0,2274.0,第五分局,"120.665679 ","24.183405 "
907.0,陳平里,臺中市北屯區中清路2段742巷63號,1.0,978.0,第五分局,"120.666077 ","24.185866 "
908.0,陳平里,臺中市北屯區中清路2段742巷28號,1.0,2271.0,第五分局,"120.665464 ","24.185272 "
909.0,陳平里,臺中市北屯區雷中街21-3號,1.0,164.0,第五分局,"120.668531 ","24.181173 "
910.0,陳平里,臺中市北屯區陳平路10巷2號,1.0,71.0,第五分局,"120.665847 ","24.184193 "
911.0,陳平里,臺中市北屯區10鄰敦化路1段629號,3.0,3065.0,第五分局,"120.664770 ","24.186260 "
912.0,陳平里,臺中市北屯區陳平路10巷7號,3.0,2911.0,第五分局,"120.665805 ","24.184641 "
913.0,新平里,臺中市北屯區中清路2段451號,3.0,843.0,第五分局,"120.666666 ","24.180472 "
914.0,新平里,臺中市北屯區中清路2段415巷6號,1.0,337.0,第五分局,"120.666732 ","24.179994 "
915.0,新平里,臺中市北屯區中清路2段415巷6號,1.0,337.0,第五分局,"120.666732 ","24.179994 "
916.0,新平里,臺中市北屯區中清路2段451號,3.0,3065.0,第五分局,"120.666590 ","24.180570 "
917.0,新平里,臺中市北屯區經貿路1段110號,1.0,1534.0,第五分局,"120.661517 ","24.178925 "
918.0,新平里,臺中市北屯區經貿路1段120號,1.0,1204.0,第五分局,"120.661053 ","24.179241 "
919.0,新平里,臺中市北屯區經貿路1段100號,1.0,1685.0,第五分局,"120.661124 ","24.178387 "
920.0,新平里,臺中市北屯區經貿路1段110號,1.0,1534.0,第五分局,"120.661517 ","24.178925 "
921.0,新平里,臺中市北屯區中清路2段742巷55號,1.0,914.0,第五分局,"120.665809 ","24.185741 "
922.0,新平里,臺中市北屯區中清路2段415巷86號,1.0,3163.0,第五分局,"120.665760 ","24.179273 "
923.0,新平里,臺中市北屯區經貿二路138號,1.0,2589.0,第五分局,"120.660436 ","24.187573 "
924.0,仁愛里,臺中市北屯區大連北街119號,1.0,15.0,第五分局,"120.671826 ","24.178114 "
925.0,仁愛里,臺中市北屯區鄰大連北街120號,1.0,17.0,第五分局,"120.671569 ","24.178563 "
926.0,仁愛里,臺中市北屯區大連北街116號,1.0,22.0,第五分局,"120.671691 ","24.178521 "
927.0,仁愛里,臺中市北屯區大連北街120號,1.0,17.0,第五分局,"120.671569 ","24.178563 "
928.0,仁愛里,臺中市北屯區水湳路108號,1.0,17.0,第五分局,"120.671696 ","24.178175 "
929.0,仁愛里,臺中市北屯區大連北街111號,1.0,15.0,第五分局,"120.671982 ","24.178049 "
930.0,仁愛里,臺中市北屯區大連北街115號,1.0,15.0,第五分局,"120.671901 ","24.178076 "
931.0,仁愛里,臺中市北屯區大連北街117號,1.0,15.0,第五分局,"120.671862 ","24.178090 "
932.0,仁愛里,臺中市北屯區大連北街119號,1.0,15.0,第五分局,"120.671826 ","24.178114 "
933.0,仁愛里,臺中市北屯區大連北街121號,1.0,11.0,第五分局,"120.671789 ","24.178135 "
934.0,仁愛里,臺中市北屯區大連北街123號,1.0,15.0,第五分局,"120.671750 ","24.178160 "
935.0,仁愛里,臺中市北屯區四平路71號,1.0,264.0,第五分局,"120.671526 ","24.180195 "
936.0,水湳里,臺中市北屯區文心路4段81號,2.0,1030.0,第五分局,"120.672693 ","24.174261 "
937.0,水湳里,臺中市北屯區文心路3段1029號,2.0,585.0,第五分局,"120.670417 ","24.173894 "
938.0,水湳里,臺中市北屯區文心路3段1041,1.0,84.0,第五分局,"120.670691 ","24.173933 "
939.0,水湳里,臺中市北屯區文心路3段447號,3.0,675.0,第五分局,"120.668631 ","24.173707 "
940.0,水湳里,臺中市北屯區文心路3段1023號,2.0,585.0,第五分局,"120.670022 ","24.173822 "
941.0,水湳里,臺中市北屯區華美西街2段470號,1.0,163.0,第五分局,"120.668612 ","24.175560 "
942.0,水湳里,臺中市北屯區中清東一街21號,1.0,281.0,第五分局,"120.672514 ","24.175044 "
943.0,水湳里,臺中市北屯區中清東一街52-54號,1.0,281.0,第五分局,"120.672993 ","24.174558 "
944.0,水湳里,臺中市北屯區大連路1段16巷9號,1.0,101.0,第五分局,"120.672016 ","24.174984 "
945.0,水湳里,臺中市北屯大連路1段54巷36號,1.0,112.0,第五分局,"120.673205 ","24.175079 "
946.0,水湳里,臺中市北屯區中清東一街67號,1.0,219.0,第五分局,"120.673612 ","24.174731 "
947.0,水湳里,臺中市北屯區中清東一街6號,1.0,587.0,第五分局,"120.672203 ","24.175169 "
948.0,水湳里,臺中市北屯區大連路1段145號,1.0,73.0,第五分局,"120.674496 ","24.176990 "
949.0,水湳里,臺中市北屯區大連北街43號,1.0,129.0,第五分局,"120.673778 ","24.177454 "
950.0,水湳里,臺中市北屯區大連路1段149號,1.0,382.0,第五分局,"120.674662 ","24.177053 "
951.0,水湳里,臺中市北屯區大連路1段147號,1.0,73.0,第五分局,"120.674556 ","24.177019 "
952.0,水湳里,臺中市北屯區大連北街46巷56號,1.0,450.0,第五分局,"120.674346 ","24.179254 "
953.0,水湳里,臺中市北屯區瀋陽北路113號,1.0,67.0,第五分局,"120.674266 ","24.178705 "
954.0,水湳里,臺中市北屯區大連北街46巷55號,1.0,450.0,第五分局,"120.674346 ","24.179254 "
955.0,水湳里,臺中市北屯區大連北街24巷27號,1.0,146.0,第五分局,"120.674429 ","24.178201 "
956.0,水湳里,臺中市北屯區瀋陽北路67號,1.0,619.0,第五分局,"120.672426 ","24.177523 "
957.0,水湳里,臺中市北屯區瀋陽北路13巷23號,1.0,225.0,第五分局,"120.671839 ","24.176746 "
958.0,水湳里,臺中市北屯區瀋陽北路65巷12號,1.0,1119.0,第五分局,"120.672174 ","24.177522 "
959.0,水湳里,臺中市北屯區瀋陽北路13巷43號,1.0,1252.0,第五分局,"120.671822 ","24.176995 "
960.0,水湳里,臺中市北屯區中清路2段7號,1.0,450.0,第五分局,"120.671116 ","24.174087 "
961.0,水湳里,臺中市北屯區文心路四段99號,1.0,1675.0,第五分局,"120.673327 ","24.174531 "
962.0,水湳里,臺中市北屯區文心路4段57號,1.0,1660.0,第五分局,"120.671986 ","24.174118 "
963.0,水湳里,臺中市北屯區水湳路4之2巷15號2樓,2.0,1190.0,第五分局,"120.673415 ","24.180953 "
964.0,水湳里,臺中市北屯區中清路2段7號,1.0,450.0,第五分局,"120.671116 ","24.174087 "
965.0,水湳里,臺中市北屯區中清路2段9號,1.0,45.0,第五分局,"120.671105 ","24.174123 "
966.0,水湳里,臺中市北屯區大連路1段56-4號,1.0,28.0,第五分局,"120.672809 ","24.175792 "
967.0,水湳里,臺中市北屯區大連路1段56-5號,1.0,39.0,第五分局,"120.672867 ","24.175823 "
968.0,水湳里,臺中市北屯區大連路1段30號,1.0,28.0,第五分局,"120.671943 ","24.175303 "
969.0,水湳里,臺中市北屯區大連路1段28號,1.0,36.0,第五分局,"120.681000 ","24.176780 "
970.0,水湳里,臺中市北屯區大連路1段26號,1.0,28.0,第五分局,"120.671869 ","24.175265 "
971.0,水湳里,臺中市北屯區大連路1段24號,1.0,28.0,第五分局,"120.671834 ","24.175245 "
972.0,水湳里,臺中市北屯區大連路1段22號,1.0,28.0,第五分局,"120.671796 ","24.175225 "
973.0,水湳里,臺中市北屯區大連路1段20號,1.0,28.0,第五分局,"120.671758 ","24.175207 "
974.0,水湳里,臺中市北屯區大連路1段18號,1.0,28.0,第五分局,"120.671730 ","24.175187 "
975.0,水湳里,臺中市北屯區大連路1段66巷29號,1.0,39.0,第五分局,"120.674224 ","24.176272 "
976.0,水湳里,臺中市北屯區中清東一街4號,1.0,33.0,第五分局,"120.672140 ","24.175200 "
977.0,水湳里,臺中市北屯區中清東一街2號,1.0,28.0,第五分局,"120.672137 ","24.175248 "
978.0,水湳里,臺中市北屯區大連路1段32號,1.0,39.0,第五分局,"120.671987 ","24.175319 "
979.0,水湳里,臺中市北屯區大連路1段193-1號,1.0,39.0,第五分局,"120.675455 ","24.177409 "
980.0,水湳里,臺中市北屯區大連路1段193號,1.0,39.0,第五分局,"120.675447 ","24.177371 "
981.0,水湳里,臺中市北屯區大連路1段177號,1.0,28.0,第五分局,"120.675156 ","24.177211 "
982.0,水湳里,臺中市北屯區大連路1段217號,1.0,33.0,第五分局,"120.676080 ","24.177164 "
983.0,水湳里,臺中市北屯區大連路1段219號,1.0,33.0,第五分局,"120.676123 ","24.177159 "
984.0,水湳里,臺中市北屯區大連路1段221號,1.0,33.0,第五分局,"120.676167 ","24.177154 "
985.0,水湳里,臺中市北屯區大連路1段223號,1.0,33.0,第五分局,"120.676205 ","24.177136 "
986.0,水湳里,臺中市北屯區大連北街65巷1號,1.0,28.0,第五分局,"120.673413 ","24.177440 "
987.0,水湳里,臺中市北屯區大連北街65巷3號,1.0,38.0,第五分局,"120.673394 ","24.177395 "
988.0,水湳里,臺中市北屯區大連北街53號,1.0,29.0,第五分局,"120.673568 ","24.177503 "
989.0,水湳里,臺中市北屯區大連北街51號,1.0,29.0,第五分局,"120.673608 ","24.177489 "
990.0,忠平里,臺中市北屯區平德路187巷37號,2.0,506.0,第五分局,"120.668825 ","24.185281 "
991.0,忠平里,臺中市北屯區雷中街95號,1.0,157.0,第五分局,"120.670044 ","24.184864 "
992.0,忠平里,臺中市北屯區雷中街59巷7弄28號,1.0,393.0,第五分局,"120.668775 ","24.183095 "
993.0,忠平里,臺中市北屯區雷中街61巷9號,1.0,225.0,第五分局,"120.669272 ","24.183454 "
994.0,忠平里,臺中市北屯區陳平路73號,1.0,22.0,第五分局,"120.667551 ","24.185517 "
995.0,忠平里,臺中市北屯區陳平路77號,1.0,22.0,第五分局,"120.667626 ","24.185558 "
996.0,忠平里,臺中市北屯區陳平路79號,1.0,22.0,第五分局,"120.667665 ","24.185579 "
997.0,忠平里,臺中市北屯區陳平路81號,1.0,22.0,第五分局,"120.667703 ","24.185599 "
998.0,忠平里,臺中市北屯區陳平路83號,1.0,22.0,第五分局,"120.667741 ","24.185620 "
999.0,忠平里,臺中市北屯區陳平路85號,1.0,22.0,第五分局,"120.667778 ","24.185639 "
1000.0,忠平里,臺中市北屯區陳平路87號,1.0,22.0,第五分局,"120.667818 ","24.185659 "
1001.0,忠平里,臺中市北屯區陳平路89號,1.0,22.0,第五分局,"120.667857 ","24.185680 "
1002.0,忠平里,臺中市北屯區陳平路117巷46號,1.0,33.0,第五分局,"120.668094 ","24.187134 "
1003.0,忠平里,臺中市北屯區陳平路65巷1號,1.0,33.0,第五分局,"120.667137 ","24.185677 "
1004.0,忠平里,臺中市北屯區陳平路60巷21號,1.0,45.0,第五分局,"120.668833 ","24.184639 "
1005.0,忠平里,臺中市北屯區敦化路1段481號,2.0,168.0,第五分局,"120.667737 ","24.187342 "
1006.0,忠平里,臺中市北屯區敦化路1段509號,3.0,1022.0,第五分局,"120.667125 ","24.186914 "
1007.0,忠平里,臺中市北屯區陳平路58號,1.0,1629.0,第五分局,120.66787,24.18684
1008.0,大德里,臺中市北屯區雷中街2-23號,1.0,1687.0,第五分局,"120.669070 ","24.180150 "
1009.0,大德里,臺中市北屯區中清路2段332號,1.0,281.0,第五分局,"120.668360 ","24.178991 "
1010.0,大德里,臺中市北屯區四平路1號,1.0,197.0,第五分局,"120.669605 ","24.177575 "
1011.0,大德里,臺中市北屯區中清路2段362巷3號,1.0,371.0,第五分局,"120.668217 ","24.179683 "
1012.0,大德里,臺中市北屯區平德路36號,1.0,2046.0,第五分局,"120.672022 ","24.182162 "
1013.0,大德里,臺中市北屯區平德路18巷33弄49號,1.0,123.0,第五分局,"120.671805 ","24.182980 "
1014.0,大德里,臺中市北屯區平德路103巷10號,1.0,337.0,第五分局,"120.670374 ","24.183786 "
1015.0,大德里,臺中市北屯區平德路62巷2號,1.0,67.0,第五分局,"120.671746 ","24.183036 "
1016.0,大德里,臺中市北屯區雷中街2巷24號,1.0,174.0,第五分局,"120.670123 ","24.180716 "
1017.0,大德里,臺中市北屯區雷中街2巷4號,1.0,112.0,第五分局,"120.669448 ","24.181408 "
1018.0,大德里,臺中市北屯區雷中街32巷65號,1.0,287.0,第五分局,"120.670899 ","24.181054 "
1019.0,大德里,臺中市北屯區雷中街18巷22號,1.0,146.0,第五分局,"120.669805 ","24.181521 "
1020.0,大德里,臺中市北屯區雷中街2-23號,1.0,1687.0,第五分局,"120.669070 ","24.180150 "
1021.0,大德里,臺中市北屯區四平路1號,1.0,197.0,第五分局,"120.669605 ","24.177575 "
1022.0,大德里,臺中市北屯區中清路2段332號,1.0,281.0,第五分局,"120.668360 ","24.178991 "
1023.0,大德里,臺中市北屯區雷中街66號,1.0,281.0,第五分局,"120.669908 ","24.183734 "
1024.0,大德里,臺中市北屯區平德路96巷11號,1.0,123.0,第五分局,"120.671210 ","24.184055 "
1025.0,大德里,臺中市北屯區雷中街42巷1弄18號,1.0,112.0,第五分局,"120.670255 ","24.183465 "
1026.0,大德里,臺中市北屯區平德路142巷1號,1.0,450.0,第五分局,"120.670032 ","24.185518 "
1027.0,大德里,臺中市北屯區雷中街102巷1號,1.0,450.0,第五分局,"120.670796 ","24.185652 "
1028.0,大德里,臺中市北屯區平德路128號,2.0,636.0,第五分局,"120.670192 ","24.185172 "
1029.0,大德里,臺中市北屯區雷中街112巷2號,1.0,1032.0,第五分局,"120.671183 ","24.185383 "
1030.0,大德里,臺中市北屯區四平路35-1號,1.0,1071.0,第五分局,"120.670406 ","24.178431 "
1031.0,大德里,臺中市北屯區雷中街2-16號3樓之2,1.0,719.0,第五分局,"120.668130 ","24.180420 "
1032.0,新平里,臺中市北屯區經貿路1段159號,3.0,10000.0,第五分局,"120.658040 ","24.181100 "
