類別,電腦編號,村里別,地址,緯經度,地下樓層數,可容納人數,備註
公寓,WVA00278,三玉里,臺北市士林區德行東路129巷10號,"25.108452,121.52923",1,"1400 ",
大樓,WVA00358,三玉里,臺北市士林區忠誠路二段12號,"25.108778,121.529929",1,"2729 ",
公寓,WVA01652,三玉里,臺北市士林區忠誠路二段1號,"25.108689,121.530797",1,"1602 ",
大樓,WVA01659,三玉里,臺北市士林區忠誠路二段6號,"25.108588,121.530109",1,"386 ",
公寓,WVA01680,三玉里,臺北市士林區忠誠路二段32巷9號,"25.109323,121.529546",1,"494 ",
大樓,WVA02054,三玉里,臺北市士林區德行東路233號,"25.109584,121.533429",1,"1172 ",
公寓,WVA02691,三玉里,臺北市士林區德行東路157號,"25.108326,121.529822",1,"225 ",
公寓,WVA02693,三玉里,臺北市士林區德行東路187號,"25.10893,121.531541",1,"469 ",
公寓,WVA02694,三玉里,臺北市士林區德行東路191號,"25.109002,121.531732",1,"405 ",
公寓,WVA02696,三玉里,臺北市士林區德行東路197號,"25.109078,121.531942",1,"406 ",
公寓,WVA02700,三玉里,臺北市士林區德行東路227號,"25.109535,121.53308",1,"265 ",
公寓,WVA02702,三玉里,臺北市士林區德行東路239號,"25.109772,121.533959",1,"201 ",
大樓,WVA03024,三玉里,臺北市士林區德行東路183號,"25.108916,121.531304",3,"810 ",
大樓,WVA03129,三玉里,臺北市士林區忠誠路二段21巷20號,"25.109323,121.531419",1,"784 ",
大樓,WVA03156,三玉里,臺北市士林區忠誠路二段10巷5號,"25.108848,121.529763",1,"148 ",
大樓,WVA03162,三玉里,臺北市士林區德行東路177號,"25.108785,121.531015",1,"1706 ",
公寓,WVA00011,三玉里,臺北市士林區士東路222號,"25.11271,121.534522",1,"397 ",
公寓,WVA00022,三玉里,臺北市士林區士東路200巷15弄6號,"25.111986,121.534154",1,"125 ",
公寓,WVA00022,三玉里,臺北市士林區士東路200巷15弄6號,"25.111986,121.534154",2,"245 ",
公寓,WVA00024,三玉里,臺北市士林區士東路200巷58弄15號,"25.110476,121.533353",1,"716 ",
公寓,WVA01167,三玉里,臺北市士林區天母東路106號,"25.117951,121.536626",1,"397 ",
公寓,WVA01168,三玉里,臺北市士林區天母東路110號,"25.11796,121.536818",1,"645 ",
公寓,WVA01184,三玉里,臺北市士林區天母東路96號,"25.117999,121.536325",1,"890 ",
公寓,WVA01679,三玉里,臺北市士林區忠誠路二段21巷72號,"25.110054,121.533821",1,"256 ",
公寓,WVA01995,三玉里,臺北市士林區芝玉路二段38號,"25.110865,121.534661",1,"156 ",
公寓,WVA01996,三玉里,臺北市士林區芝玉路二段46號,"25.111191,121.53476",1,"170 ",
公寓,WVA01999,三玉里,臺北市士林區芝玉路二段20巷2號,"25.110126,121.534486",1,"758 ",
公寓,WVA02022,三玉里,臺北市士林區士東路200巷11號,"25.112217,121.533773",1,"108 ",
公寓,WVA02023,三玉里,臺北市士林區士東路200巷27號,"25.111581,121.533867",1,"192 ",
公寓,WVA02024,三玉里,臺北市士林區士東路200巷3號,"25.112366,121.533748",1,"88 ",
公寓,WVA02038,三玉里,臺北市士林區德行東路263號,"25.109974,121.535013",1,"509 ",
公寓,WVA02039,三玉里,臺北市士林區德行東路255號,"25.109931,121.534736",1,"520 ",
公寓,WVA02050,三玉里,臺北市士林區德行東路265巷1號,"25.110205,121.534968",1,"374 ",
公寓,WVA02059,三玉里,臺北市士林區士東路200巷83號,"25.109983,121.534169",1,"138 ",
公寓,WVA02910,三玉里,臺北市士林區士東路200巷49弄2號,"25.1108,121.534234",1,"373 ",
公寓,WVA02932,三玉里,臺北市士林區士東路200巷31弄16號,"25.111512,121.534588",1,"458 ",
公寓,WVA02941,三玉里,臺北市士林區芝玉路二段61巷2-8號,"25.111865,121.534668",3,"857 ",
公寓,WVA02942,三玉里,臺北市士林區士東路200巷68號,"25.110306,121.533906",2,"245 ",
公寓,WVA00332,三玉里,臺北市士林區忠誠路二段50巷17號,"25.110737,121.52976",1,"788 ",
大樓,WVA01654,三玉里,臺北市士林區忠誠路二段42號,"25.110372,121.529928",2,"2966 ",
公寓,WVA01657,三玉里,臺北市士林區忠誠路二段52號,"25.11084,121.530395",1,"362 ",
公寓,WVA01658,三玉里,臺北市士林區忠誠路二段56號,"25.111031,121.530428",1,"614 ",
公寓,WVA01682,三玉里,臺北市士林區忠誠路二段40巷6號,"25.110219,121.529833",1,"941 ",
公寓,WVA01684,三玉里,臺北市士林區忠誠路二段50巷2號,"25.11083,121.530227",1,"144 ",
公寓,WVA01685,三玉里,臺北市士林區忠誠路二段50巷8號,"25.110855,121.529882",1,"805 ",
公寓,WVA02018,三玉里,臺北市士林區士東路136號,"25.112213,121.5306",1,"1086 ",
公寓,WVA02027,三玉里,臺北市士林區忠誠路二段76巷15號,"25.111785,121.529945",1,"1049 ",
公寓,WVA02028,三玉里,臺北市士林區忠誠路二段70巷11號,"25.111395,121.529872",1,"1905 ",
公寓,WVA02055,三玉里,臺北市士林區德行東路217號,"25.109347,121.532763",1,"190 ",
公寓,WVA02061,三玉里,臺北市士林區德行東路219巷1號,"25.109531,121.532669",1,"346 ",
公寓,WVA02728,三玉里,臺北市士林區德行東路203巷2號,"25.109251,121.532146",1,"862 ",
公寓,WVA01182,三玉里,臺北市士林區天母東路84號,"25.117896,121.535656",1,"498 ",
公寓,WVA01183,三玉里,臺北市士林區天母東路88號,"25.117968,121.535801",1,"520 ",
公寓,WVA01207,三玉里,臺北市士林區天母東路82巷2號,"25.117785,121.535422",1,"246 ",
公寓,WVA01674,三玉里,臺北市士林區忠誠路二段21巷15號,"25.109473,121.531234",2,"534 ",
公寓,WVA01675,三玉里,臺北市士林區忠誠路二段21巷25號,"25.109593,121.531717",1,"390 ",
公寓,WVA01676,三玉里,臺北市士林區忠誠路二段21巷31號,"25.109749,121.532183",1,"520 ",
公寓,WVA01677,三玉里,臺北市士林區忠誠路二段21巷43號,"25.109981,121.532825",1,"953 ",
公寓,WVA01678,三玉里,臺北市士林區忠誠路二段21巷47號,"25.110075,121.533187",1,"1084 ",
公寓,WVA01683,三玉里,臺北市士林區忠誠路二段41巷32號,"25.110059,121.531848",1,"196 ",
公寓,WVA02062,三玉里,臺北市士林區忠誠路二段21巷38號,"25.109732,121.532574",1,"297 ",
公寓,WVA02063,三玉里,臺北市士林區忠誠路二段21巷37號,"25.10984,121.532531",1,"288 ",
公寓,WVA02064,三玉里,臺北市士林區德行東路203巷8號,"25.109703,121.531961",1,"152 ",
公寓,WVA02697,三玉里,臺北市士林區德行東路221號,"25.109385,121.532884",1,"316 ",
公寓,WVA02729,三玉里,臺北市士林區德行東路219巷17號,"25.11005,121.532453",1,"196 ",
公寓,WVA02791,三玉里,臺北市士林區忠誠路二段247號,"25.11792,121.534902",1,"1010 ",
公寓,WVA02792,三玉里,臺北市士林區忠誠路二段55號,"25.11181,121.531437",3,"17673 ",
大樓,WVA02850,三玉里,臺北市士林區忠誠路二段41巷30號,"25.109923,121.531584",2,"617 ",
公寓,WVA03048,三玉里,臺北市士林區忠誠路二段21巷17號,"25.109503,121.531377",1,"156 ",
大樓,WVA03066,三玉里,臺北市士林區忠誠路二段25號,"25.109338,121.530756",3,"2300 ",
公寓,WVA03304,三玉里,臺北市士林區忠誠路二段21巷22號,"25.109309,121.531647",1,"155 ",
公寓,WVA03123,三玉里,臺北市士林區士東路200巷49弄1號,"25.111111,121.534149",1,"437 ",
公寓,WVA03134,三玉里,臺北市士林區士東路200巷59號,"25.11061,121.53406",3,"1373 ",
公寓,WVA03159,三玉里,臺北市士林區士東路200巷51號,"25.110866,121.534049",1,"564 ",
大樓,WVA02846,三玉里,臺北市士林區忠誠路二段53巷7號,"25.111419,121.532376",2,"2381 ",
大樓,WVA03320,三玉里,臺北市士林區忠誠路二段21巷26號,"25.109432,121.531865",1,"661 ",
三玉國小,WVA01169,三玉里,臺北市士林區天母東路116號,"25.117995,121.537323",1,"3365 ",
啟明學校,WVA02794,三玉里,臺北市士林區忠誠路二段207巷1號,"25.116544,121.535223",1,"1158 ",
臺北市職能發展學院,WVA00014,三玉里,臺北市士林區士東路301號,"25.114732,121.537719",1,"4289 ",
蘭雅變電所,WVA00007,三玉里,臺北市士林區士東路180號,"25.1123,121.53229",1,"481 ",
臺北市立體育學院,WVA03173,三玉里,臺北市士林區忠誠路二段101號,"25.11624,121.536531",2、3,"25866 ",
臺北市立體育學院,WVA03173,三玉里,臺北市士林區忠誠路二段101號,"25.11624,121.536531",3,"16513 ",
臺北市立體育學院,WVA03045,三玉里,臺北市士林區忠誠路二段207巷6號,"25.116551,121.536362",2,"13701 ",
臺灣士林地方檢察署,WVA03290,三玉里,臺北市士林區士東路190之3號,"25.110914,121.533344",3,"2571 ",
蘭雅國中,WVA01655,三玉里,臺北市士林區忠誠路二段51號,"25.110582,121.531058",1,"457 ",
蘭雅國中,WVA01655,三玉里,臺北市士林區忠誠路二段51號,"25.110582,121.531058",1,"406 ",
蘭雅國中,WVA01655,三玉里,臺北市士林區忠誠路二段51號,"25.110582,121.531058",1,"1321 ",
蘭雅國中,WVA01655,三玉里,臺北市士林區忠誠路二段51號,"25.110582,121.531058",1,"1321 ",
公寓,WVA00073,仁勇里,臺北市士林區大北路116號,"25.090537,121.523885",1,"25 ",
公寓,WVA00081,仁勇里,臺北市士林區大北路62號,"25.090121,121.525306",1,"42 ",
公寓,WVA00083,仁勇里,臺北市士林區大北路64號,"25.090135,121.52526",1,"220 ",
公寓,WVA00086,仁勇里,臺北市士林區大北路74號,"25.090198,121.525049",1,"170 ",
公寓,WVA00087,仁勇里,臺北市士林區大北路80號,"25.090243,121.524886",1,"53 ",
公寓,WVA00089,仁勇里,臺北市士林區大北路90號,"25.090354,121.52464",1,"57 ",
公寓,WVA00092,仁勇里,臺北市士林區大西路62號,"25.091245,121.524734",1,"188 ",
公寓,WVA00093,仁勇里,臺北市士林區大西路64號,"25.09128,121.524745",1,"449 ",
公寓,WVA00094,仁勇里,臺北市士林區大西路70-1號,"25.091286,121.525268",1,"44 ",
公寓,WVA00150,仁勇里,臺北市士林區小北街41號,"25.090752,121.524794",1,"100 ",
公寓,WVA00161,仁勇里,臺北市士林區小西街76-3號,"25.090833,121.524103",1,"113 ",
大樓,WVA02918,仁勇里,臺北市士林區大西路71號,"25.091515,121.524726",2,"1201 ",
公寓,WVA00098,仁勇里,臺北市士林區大東路127號,"25.091705,121.525431",1,"28 ",
公寓,WVA00099,仁勇里,臺北市士林區大東路128號,"25.091725,121.525553",1,"200 ",
公寓,WVA00100,仁勇里,臺北市士林區大東路129號,"25.091754,121.525419",1,"96 ",
公寓,WVA00102,仁勇里,臺北市士林區大東路133號,"25.091847,121.525395",1,"89 ",
公寓,WVA00103,仁勇里,臺北市士林區大東路140號,"25.091951,121.525491",1,"41 ",
公寓,WVA00104,仁勇里,臺北市士林區大東路142號,"25.091996,121.525478",3,"57 ",
公寓,WVA00105,仁勇里,臺北市士林區大東路144號,"25.09204,121.525465",1,"73 ",
公寓,WVA00122,仁勇里,臺北市士林區大東路83號,"25.090833,121.525668",2,"141 ",
公寓,WVA00123,仁勇里,臺北市士林區大東路88巷3號,"25.091453,121.525809",1,"24 ",
公寓,WVA01290,仁勇里,臺北市士林區文林路66號,"25.086884,121.525763",1,"262 ",
公寓,WVA01294,仁勇里,臺北市士林區文林路255巷13號,"25.090841,121.52642",1,"74 ",
大樓,WVA03296,仁勇里,臺北市士林區小北街28號,"25.090845,121.525285",1,"417 ",
公寓,WVA00107,仁勇里,臺北市士林區大東路16-10號,"25.088021,121.525223",1,"30 ",
公寓,WVA00113,仁勇里,臺北市士林區大東路22號,"25.088733,121.525129",1,"125 ",
公寓,WVA00169,仁勇里,臺北市士林區小南街14號,"25.088743,121.525718",1,"80 ",
公寓,WVA00170,仁勇里,臺北市士林區小南街20號,"25.088837,121.525561",1,"40 ",
公寓,WVA00171,仁勇里,臺北市士林區小南街27號,"25.088705,121.525375",1,"32 ",
公寓,WVA00172,仁勇里,臺北市士林區小南街32號,"25.088792,121.525332",1,"117 ",
公寓,WVA01258,仁勇里,臺北市士林區文林路102號,"25.0879,121.526315",5,"1248 ",
公寓,WVA01259,仁勇里,臺北市士林區文林路112號,"25.088137,121.52636",1,"188 ",
公寓,WVA01260,仁勇里,臺北市士林區文林路132號,"25.088585,121.526568",1,"62 ",
公寓,WVA01261,仁勇里,臺北市士林區文林路146號,"25.088861,121.5267",1,"112 ",
公寓,WVA01267,仁勇里,臺北市士林區文林路170號,"25.089386,121.526948",1,"40 ",
公寓,WVA01274,仁勇里,臺北市士林區文林路283號,"25.091685,121.526211",1,"664 ",
公寓,WVA01275,仁勇里,臺北市士林區文林路291號,"25.091899,121.526158",1,"753 ",
公寓,WVA01375,仁勇里,臺北市士林區安平街5巷3號,"25.088244,121.5256",1,"65 ",
公寓,WVA00069,仁勇里,臺北市士林區大北路10號,"25.089731,121.526674",1,"98 ",
公寓,WVA00074,仁勇里,臺北市士林區大北路12號,"25.089763,121.526638",1,"106 ",
公寓,WVA00075,仁勇里,臺北市士林區大北路14號,"25.089777,121.526591",1,"73 ",
公寓,WVA00076,仁勇里,臺北市士林區大北路20號,"25.089815,121.526476",1,"121 ",
公寓,WVA00077,仁勇里,臺北市士林區大北路28號,"25.089846,121.526262",1,"34 ",
公寓,WVA00078,仁勇里,臺北市士林區大北路32號,"25.089873,121.526169",1,"133 ",
公寓,WVA00080,仁勇里,臺北市士林區大北路48號,"25.089986,121.525803",1,"54 ",
公寓,WVA00088,仁勇里,臺北市士林區大北路9號,"25.089637,121.526636",1,"84 ",
公寓,WVA00115,仁勇里,臺北市士林區大東路40號,"25.089448,121.52536",1,"92 ",
公寓,WVA00117,仁勇里,臺北市士林區大東路44號,"25.089541,121.52539",1,"74 ",
公寓,WVA00118,仁勇里,臺北市士林區大東路46號,"25.089586,121.525403",1,"58 ",
公寓,WVA00119,仁勇里,臺北市士林區大東路48號,"25.089631,121.52542",1,"78 ",
公寓,WVA00120,仁勇里,臺北市士林區大東路76號,"25.090394,121.525803",1,"129 ",
公寓,WVA00121,仁勇里,臺北市士林區大東路78號,"25.090453,121.525949",1,"94 ",
公寓,WVA00126,仁勇里,臺北市士林區大南路16號,"25.089086,121.525946",1,"45 ",
公寓,WVA00134,仁勇里,臺北市士林區大南路34-1號,"25.08923,121.525428",1,"49 ",
公寓,WVA00148,仁勇里,臺北市士林區小北街19號,"25.090387,121.526168",1,"58 ",
公寓,WVA00149,仁勇里,臺北市士林區小北街23號,"25.090409,121.526093",1,"48 ",
公寓,WVA00151,仁勇里,臺北市士林區小北街7號,"25.090316,121.526478",1,"144 ",
公寓,WVA00162,仁勇里,臺北市士林區小東街18號,"25.089048,121.526211",1,"41 ",
公寓,WVA00164,仁勇里,臺北市士林區小東街24號,"25.089148,121.526247",1,"77 ",
公寓,WVA00165,仁勇里,臺北市士林區小東街28號,"25.089224,121.526273",1,"117 ",
公寓,WVA00166,仁勇里,臺北市士林區小東街31號,"25.089348,121.526227",1,"88 ",
公寓,WVA00167,仁勇里,臺北市士林區小東街35號,"25.08944,121.526231",1,"264 ",
公寓,WVA00168,仁勇里,臺北市士林區小東街36號,"25.089379,121.526328",1,"28 ",
公寓,WVA01266,仁勇里,臺北市士林區文林路169號,"25.089461,121.526767",1,"100 ",
公寓,WVA01268,仁勇里,臺北市士林區文林路193-197號,"25.089731,121.526878",1,"229 ",
公寓,WVA01269,仁勇里,臺北市士林區文林路199號,"25.089915,121.526977",1,"108 ",
公寓,WVA01270,仁勇里,臺北市士林區文林路201號,"25.089976,121.526988",1,"80 ",
公寓,WVA03331,仁勇里,臺北市士林區文林路144巷10號,"25.088588,121.526917",1,"369 ",
臺北市政府警察局士林分局,WVA03197,仁勇里,臺北市士林區文林路235號,"25.090485,121.526702",2,"1744 ",
臺北郵局第28支局,WVA01264,仁勇里,臺北市士林區文林路162號,"25.089186,121.526855",1,"292 ",
臺北郵局第28支局,WVA01271,仁勇里,臺北市士林區文林路205號,"25.090085,121.526976",1,"152 ",
中華電信,WVA01262,仁勇里,臺北市士林區文林路158號,"25.089067,121.526867",1,"457 ",
中華電信,WVA01263,仁勇里,臺北市士林區文林路158-1號,"25.089023,121.527024",1,"476 ",
東方寺,WVA00002,公館里,臺北市士林區永公路245巷24號,"25.123179,121.559017",1,"160 ",
公寓,WVA00955,天山里,臺北市士林區中山北路七段14巷30弄2號,"25.119026,121.533041",1,"545 ",
公寓,WVA00957,天山里,臺北市士林區中山北路七段14巷30弄9號,"25.119208,121.533514",1,"466 ",
公寓,WVA00958,天山里,臺北市士林區天母東路43巷4弄1號,"25.118642,121.532483",1,"1386 ",
公寓,WVA00959,天山里,臺北市士林區天母東路43巷4弄2號,"25.118473,121.532486",1,"613 ",
公寓,WVA00962,天山里,臺北市士林區天母東路61巷8號,"25.11857,121.533994",1,"114 ",
公寓,WVA00963,天山里,臺北市士林區天母東路37巷3號,"25.118189,121.532118",1,"829 ",
公寓,WVA00964,天山里,臺北市士林區天母東路69巷7號,"25.118943,121.5342",1,"389 ",
公寓,WVA01174,天山里,臺北市士林區天母東路45號,"25.118216,121.532445",1,"373 ",
公寓,WVA01176,天山里,臺北市士林區天母東路49號,"25.118217,121.532869",1,"1345 ",
公寓,WVA01178,天山里,臺北市士林區天母東路59號,"25.11822,121.533638",1,"318 ",
公寓,WVA01178,天山里,臺北市士林區天母東路59號,"25.11822,121.533638",2,"901 ",
公寓,WVA01180,天山里,臺北市士林區天母東路63號,"25.118227,121.534034",1,"904 ",
公寓,WVA01188,天山里,臺北市士林區天母東路43巷4弄12號,"25.118483,121.53319",1,"677 ",
公寓,WVA01189,天山里,臺北市士林區天母東路43巷4弄13號,"25.118673,121.533169",2,"1618 ",
公寓,WVA01192,天山里,臺北市士林區天母東路61巷5號,"25.118891,121.53381",1,"349 ",
公寓,WVA01193,天山里,臺北市士林區天母東路61巷6號,"25.118454,121.534026",1,"450 ",
公寓,WVA01194,天山里,臺北市士林區天母東路69巷1號,"25.1185,121.534407",1,"346 ",
公寓,WVA02943,天山里,臺北市士林區天母東路43巷4弄10號,"25.118482,121.532892",1,"696 ",
公寓,WVA00377,天山里,臺北市士林區中山北路七段34號,"25.119954,121.531155",1,"358 ",
公寓,WVA00406,天山里,臺北市士林區中山北路七段14巷31弄8號,"25.119892,121.53231",1,"412 ",
公寓,WVA00874,天山里,臺北市士林區中山北路七段36號,"25.120103,121.531245",1,"401 ",
公寓,WVA00931,天山里,臺北市士林區中山北路七段82巷10弄18號,"25.120398,121.532024",1,"210 ",
公寓,WVA00933,天山里,臺北市士林區中山北路七段82巷10弄24號,"25.120155,121.532122",1,"292 ",
公寓,WVA00950,天山里,臺北市士林區天母東路1號,"25.118362,121.53093",1,"677 ",
公寓,WVA01095,天山里,臺北市士林區中山北路七段14巷2號,"25.118635,121.531073",1,"712 ",
公寓,WVA01101,天山里,臺北市士林區中山北路七段14巷29-1號,"25.119129,121.532497",1,"2273 ",
公寓,WVA01131,天山里,臺北市士林區中山北路七段38巷12弄1號,"25.119812,121.531897",1,"169 ",
公寓,WVA01132,天山里,臺北市士林區中山北路七段38巷12弄2號,"25.11974,121.531791",1,"286 ",
公寓,WVA01133,天山里,臺北市士林區中山北路七段38巷12弄4號,"25.119696,121.531822",1,"229 ",
公寓,WVA01134,天山里,臺北市士林區中山北路七段14巷31弄3號,"25.119626,121.53256",2,"154 ",
公寓,WVA01140,天山里,臺北市士林區中山北路七段82巷10弄38號,"25.119751,121.532705",1,"161 ",
公寓,WVA02995,天山里,臺北市士林區中山北路七段38巷12弄6號,"25.119589,121.531823",1,"149 ",
公寓,WVA03098,天山里,臺北市士林區中山北路七段38巷11號,"25.120125,121.531584",1,"1254 ",
公寓,WVA03110,天山里,臺北市士林區中山北路七段14巷5弄13號,"25.119562,121.531458",1,"1606 ",
公寓,WVA03146,天山里,臺北市士林區中山北七段14巷31弄7號,"25.119691,121.532355",2,"824 ",
大樓,WVA00401,天山里,臺北市士林區中山北路七段14巷17號,"25.118829,121.53215",1,"754 ",
公寓,WVA00402,天山里,臺北市士林區中山北路七段14巷23號,"25.119057,121.532211",1,"382 ",
公寓,WVA00403,天山里,臺北市士林區中山北路七段14巷7號,"25.118856,121.531513",1,"577 ",
公寓,WVA01081,天山里,臺北市士林區中山北路七段82巷29號,"25.121777,121.533126",1,"324 ",
公寓,WVA01097,天山里,臺北市士林區中山北路七段14巷6號,"25.11867,121.531499",1,"437 ",
公寓,WVA01098,天山里,臺北市士林區中山北路七段14巷8號,"25.118597,121.531676",1,"865 ",
公寓,WVA01099,天山里,臺北市士林區中山北路七段14巷15號,"25.118846,121.531871",1,"885 ",
公寓,WVA01100,天山里,臺北市士林區中山北路七段14巷12號,"25.118652,121.531903",1,"196 ",
公寓,WVA01113,天山里,臺北市士林區中山北路七段14巷5弄2號,"25.119028,121.531473",1,"558 ",
公寓,WVA01137,天山里,臺北市士林區中山北路七段82巷10弄31號,"25.120159,121.532645",1,"94 ",
公寓,WVA01138,天山里,臺北市士林區中山北路七段82巷10弄35號,"25.119987,121.532752",1,"490 ",
公寓,WVA01138,天山里,臺北市士林區中山北路七段82巷10弄35號,"25.119987,121.532752",2,"137 ",
公寓,WVA01171,天山里,臺北市士林區天母東路29號,"25.118192,121.531919",1,"328 ",
公寓,WVA01195,天山里,臺北市士林區天母東路69巷21號,"25.120149,121.533002",1,"1002 ",
公寓,WVA00380,天山里,臺北市士林區中山北路七段54號,"25.120597,121.531454",1,"1552 ",
公寓,WVA00458,天山里,臺北市士林區中山北路七段82巷11號,"25.121355,121.532589",1,"500 ",
公寓,WVA00459,天山里,臺北市士林區中山北路七段82巷23號,"25.121504,121.533002",1,"708 ",
公寓,WVA00460,天山里,臺北市士林區中山北路七段82巷10弄10號,"25.120571,121.531853",1,"600 ",
公寓,WVA00461,天山里,臺北市士林區中山北路七段82巷10弄4號,"25.12094,121.532025",1,"102 ",
公寓,WVA00875,天山里,臺北市士林區中山北路七段62號,"25.120975,121.531647",1,"736 ",
公寓,WVA00882,天山里,臺北市士林區中山北路七段40號,"25.120258,121.531222",1,"313 ",
公寓,WVA00893,天山里,臺北市士林區中山北路七段82巷5號,"25.121434,121.53211",1,"510 ",
公寓,WVA00894,天山里,臺北市士林區中山北路七段82巷7號,"25.121364,121.532345",1,"364 ",
公寓,WVA00912,天山里,臺北市士林區中山北路七段100巷2號,"25.121727,121.532031",1,"66 ",
公寓,WVA00913,天山里,臺北市士林區中山北路七段100巷6號,"25.121594,121.532445",1,"160 ",
公寓,WVA00917,天山里,臺北市士林區中山北路七段114巷2號,"25.122053,121.532105",1,"132 ",
公寓,WVA00918,天山里,臺北市士林區中山北路七段114巷6號,"25.122024,121.532285",1,"137 ",
公寓,WVA00922,天山里,臺北市士林區中山北路七段114巷10弄5號,"25.121787,121.532743",1,"160 ",
公寓,WVA00929,天山里,臺北市士林區中山北路七段82巷10弄6號,"25.120819,121.532006",1,"130 ",
公寓,WVA00934,天山里,臺北市士林區中山北路七段82巷10弄2號,"25.121032,121.532068",1,"274 ",
公寓,WVA03018,天山里,臺北市士林區中山北路七段82巷12號,"25.121115,121.532449",2,"3017 ",
公寓,WVA00363,天山里,臺北市士林區中山北路七段148號,"25.123456,121.532438",1,"806 ",
公寓,WVA00364,天山里,臺北市士林區中山北路七段150號,"25.123495,121.532657",1,"301 ",
公寓,WVA00365,天山里,臺北市士林區中山北路七段152號,"25.123705,121.53252",1,"358 ",
公寓,WVA00366,天山里,臺北市士林區中山北路七段156號,"25.123965,121.532642",1,"529 ",
公寓,WVA00368,天山里,臺北市士林區中山北路七段186號,"25.124703,121.533084",1,"148 ",
公寓,WVA00400,天山里,臺北市士林區中山北路七段124巷1-1號,"25.122385,121.532415",1,"145 ",
公寓,WVA00411,天山里,臺北市士林區中山北路七段140巷1號,"25.123131,121.532394",1,"922 ",
公寓,WVA00412,天山里,臺北市士林區中山北路七段140巷17號,"25.123063,121.533135",1,"182 ",
公寓,WVA00413,天山里,臺北市士林區中山北路七段140巷2號,"25.122966,121.532355",1,"674 ",
公寓,WVA00415,天山里,臺北市士林區中山北路七段146巷3號,"25.123252,121.532818",1,"130 ",
公寓,WVA00416,天山里,臺北市士林區中山北路七段146巷7號,"25.123244,121.533028",1,"201 ",
公寓,WVA00866,天山里,臺北市士林區中山北路七段190巷6號,"25.124877,121.533201",1,"216 ",
公寓,WVA00876,天山里,臺北市士林區中山北路七段122號,"25.122333,121.532",1,"297 ",
公寓,WVA00877,天山里,臺北市士林區中山北路七段126號,"25.122472,121.532056",1,"169 ",
公寓,WVA00883,天山里,臺北市士林區中山北路七段154巷5號,"25.124269,121.53316",1,"457 ",
公寓,WVA00901,天山里,臺北市士林區中山北路七段190巷4弄1號,"25.1247,121.533348",1,"113 ",
公寓,WVA00902,天山里,臺北市士林區中山北路七段190巷4弄2號,"25.1247,121.533348",1,"712 ",
公寓,WVA00919,天山里,臺北市士林區中山北路七段114巷5號,"25.122136,121.532478",1,"264 ",
公寓,WVA00920,天山里,臺北市士林區中山北路七段114巷7號,"25.122114,121.532771",1,"118 ",
公寓,WVA00921,天山里,臺北市士林區中山北路七段114巷9號,"25.122129,121.532956",1,"106 ",
公寓,WVA00923,天山里,臺北市士林區中山北路七段124巷6號,"25.12235,121.533064",1,"265 ",
公寓,WVA00924,天山里,臺北市士林區中山北路七段124巷7號,"25.122532,121.533068",1,"260 ",
大樓,WVA00925,天山里,臺北市士林區中山北路七段124巷9號,"25.122693,121.53306",1,"273 ",
公寓,WVA00956,天山里,臺北市士林區中山北路七段14巷30弄20號,"25.119054,121.533754",1,"860 ",
公寓,WVA02844,天山里,臺北市士林區中山北路七段114巷3號,"25.122197,121.532338",2,"418 ",
大樓,WVA03234,天山里,臺北市士林區中山北路七段124巷3號,"25.122377,121.532616",1,"716 ",
公寓,WVA03287,天山里,臺北市士林區中山北路七段14巷2之3號,"25.11867,121.531307",1,"523 ",
公寓,WVA01175,天山里,臺北市士林區天母東路47號,"25.118203,121.532647",1,"425 ",
公寓,WVA00361,天山里,臺北市士林區中山北路七段102號,"25.12188,121.531837",1,"176 ",
公寓,WVA00867,天山里,臺北市士林區中山北路七段190巷8號,"25.124991,121.533367",1,"794 ",
公寓,WVA00897,天山里,臺北市士林區中山北路七段190巷12弄6號,"25.12486,121.533786",1,"245 ",
臺灣銀行,WVA00367,天山里,臺北市士林區中山北路七段18號,"25.119016,121.53086",2,"2398 ",
臺灣銀行,WVA00407,天山里,臺北市士林區中山北路七段14巷5弄5號,"25.119098,121.531223",1,"2266 ",
公寓,WVA00431,天母里,臺北市士林區中山北路七段207巷2號,"25.125989,121.532373",1,"262 ",
公寓,WVA00891,天母里,臺北市士林區中山北路七段141巷9號,"25.122958,121.530748",1,"97 ",
公寓,WVA00926,天母里,臺北市士林區中山北路七段141巷14弄11號,"25.12424,121.530844",1,"78 ",
公寓,WVA00937,天母里,臺北市士林區天玉街67號,"25.122157,121.530818",1,"156 ",
公寓,WVA00938,天母里,臺北市士林區天玉街71號,"25.122354,121.530914",1,"100 ",
公寓,WVA00940,天母里,臺北市士林區天玉街79號,"25.122764,121.531083",1,"314 ",
公寓,WVA00947,天母里,臺北市士林區天玉街75巷10號,"25.122603,121.530557",1,"105 ",
公寓,WVA00948,天母里,臺北市士林區天玉街75巷5號,"25.122446,121.530554",1,"113 ",
公寓,WVA00949,天母里,臺北市士林區天玉街81巷2號,"25.122857,121.531068",1,"160 ",
公寓,WVA00993,天母里,臺北市士林區天母北路95號,"25.123038,121.526685",1,"181 ",
公寓,WVA01001,天母里,臺北市士林區天母北路87巷2弄24號,"25.123047,121.527728",1,"222 ",
公寓,WVA01011,天母里,臺北市士林區天母北路87巷2弄1號,"25.122523,121.526978",1,"210 ",
公寓,WVA01074,天母里,臺北市士林區中山北路七段81巷16弄9號,"25.122214,121.530238",1,"830 ",
公寓,WVA01086,天母里,臺北市士林區天母北路89號,"25.122765,121.526782",1,"356 ",
公寓,WVA01228,天母里,臺北市士林區天玉街63號,"25.122035,121.530737",1,"333 ",
公寓,WVA03064,天母里,臺北市士林區中山北路七段141巷33號,"25.123636,121.529476",1,"2508 ",
大樓,WVA03233,天母里,臺北市士林區中山北路七段87號,"25.122047,121.53131",4,"3633 ",
公寓,WVA00414,天母里,臺北市士林區中山北路七段141巷6號,"25.123265,121.531597",1,"518 ",
公寓,WVA02784,天母里,臺北市士林區中山北路七段159巷10號,"25.123643,121.53182",1,"490 ",
公寓,WVA00878,天母里,臺北市士林區中山北路七段165-1號,"25.12405,121.532354",1,"821 ",
公寓,WVA00886,天母里,臺北市士林區中山北路七段141巷2號,"25.123159,121.531923",1,"128 ",
公寓,WVA00886,天母里,臺北市士林區中山北路七段141巷2號,"25.123159,121.531923",1,"202 ",
公寓,WVA00886,天母里,臺北市士林區中山北路七段141巷2號,"25.123159,121.531923",1,"717 ",
公寓,WVA00886,天母里,臺北市士林區中山北路七段141巷2號,"25.123159,121.531923",1,"320 ",
公寓,WVA00890,天母里,臺北市士林區中山北路七段141巷8號,"25.123277,121.531233",1,"180 ",
公寓,WVA00939,天母里,臺北市士林區天玉街106號,"25.123926,121.531993",1,"124 ",
公寓,WVA00942,天母里,臺北市士林區天玉街105號,"25.123823,121.531508",1,"316 ",
公寓,WVA01208,天母里,臺北市士林區天玉街103-1號,"25.123761,121.53148",1,"573 ",
公寓,WVA01208,天母里,臺北市士林區天玉街103-1號,"25.123761,121.53148",1,"98 ",
公寓,WVA01210,天母里,臺北市士林區天玉街104號,"25.12385,121.531774",2,"614 ",
公寓,WVA01211,天母里,臺北市士林區天玉街109號,"25.123961,121.531578",1,"321 ",
公寓,WVA01231,天母里,臺北市士林區天玉街103巷1號,"25.123538,121.531364",1,"641 ",
公寓,WVA01232,天母里,臺北市士林區天玉街103巷14號,"25.123958,121.531257",1,"84 ",
公寓,WVA00414,天母里,臺北市士林區中山北路七段141巷6號,"25.123265,121.531597",1,"518 ",
公寓,WVA00371,天母里,臺北市士林區中山北路七段221號,"25.126885,121.532787",1,"689 ",
公寓,WVA00372,天母里,臺北市士林區中山北路七段223-1號,"25.127265,121.532951",1,"696 ",
公寓,WVA00375,天母里,臺北市士林區中山北路七段229號,"25.127887,121.533106",1,"698 ",
公寓,WVA00418,天母里,臺北市士林區中山北路七段181巷22弄6號,"25.125152,121.531283",1,"425 ",
公寓,WVA00434,天母里,臺北市士林區中山北路七段219巷1號,"25.128758,121.531789",1,"81 ",
公寓,WVA00435,天母里,臺北市士林區中山北路七段219巷12號,"25.128063,121.532743",1,"149 ",
大樓,WVA00439,天母里,臺北市士林區中山北路七段219巷6號,"25.127036,121.532459",1,"841 ",
公寓,WVA00440,天母里,臺北市士林區中山北路七段219巷8號,"25.127189,121.532442",1,"376 ",
公寓,WVA00440,天母里,臺北市士林區中山北路七段219巷8號,"25.127189,121.532442",1,"1077 ",
公寓,WVA00440,天母里,臺北市士林區中山北路七段219巷8號,"25.127189,121.532442",2,"1362 ",
公寓,WVA00445,天母里,臺北市士林區中山北路七段227巷6號,"25.127808,121.532849",1,"338 ",
公寓,WVA00854,天母里,臺北市士林區中山北路七段191巷11號,"25.125149,121.531592",1,"242 ",
公寓,WVA00855,天母里,臺北市士林區中山北路七段191巷13號,"25.125436,121.531539",1,"942 ",
公寓,WVA00856,天母里,臺北市士林區中山北路七段191巷9號,"25.125371,121.531732",1,"314 ",
公寓,WVA00857,天母里,臺北市士林區中山北路七段205號,"25.125644,121.53272",1,"590 ",
公寓,WVA00881,天母里,臺北市士林區中山北路七段183號,"25.124815,121.532471",1,"102 ",
公寓,WVA01017,天母里,臺北市士林區中山北路七段181巷22弄2號,"25.125226,121.530952",1,"210 ",
公寓,WVA01018,天母里,臺北市士林區中山北路七段181巷22弄4號,"25.125191,121.531035",1,"104 ",
公寓,WVA01019,天母里,臺北市士林區中山北路七段181巷22弄7號,"25.125185,121.531425",1,"64 ",
公寓,WVA00418,天母里,臺北市士林區中山北路七段181巷22弄6號,"25.125152,121.531283",1,"425 ",
公寓,WVA03021,天母里,臺北市士林區中山北路七段219巷7弄1號,"25.127379,121.532225",1,"1185 ",
大樓,WVA03049,天母里,臺北市士林區中山北路七段219巷7-1號,"25.127872,121.532382",2,"1194 ",
大樓,WVA03096,天母里,臺北市士林區中山北路七段191巷22號,"25.125848,121.531668",2,"2182 ",
公寓,WVA00373,天母里,臺北市士林區中山北路七段226號,"25.127279,121.533218",1,"882 ",
公寓,WVA00374,天母里,臺北市士林區中山北路七段228號,"25.127407,121.533289",1,"332 ",
公寓,WVA00419,天母里,臺北市士林區中山北路七段190巷110-1號,"25.126756,121.537969",1,"136 ",
公寓,WVA00420,天母里,臺北市士林區中山北路七段190巷112號,"25.127141,121.53827",1,"136 ",
公寓,WVA00432,天母里,臺北市士林區中山北路七段216巷5號,"25.125781,121.533462",1,"721 ",
公寓,WVA00432,天母里,臺北市士林區中山北路七段216巷5號,"25.125781,121.533462",2,"228 ",
公寓,WVA00443,天母里,臺北市士林區中山北路七段220巷3號,"25.126711,121.533193",1,"354 ",
公寓,WVA00444,天母里,臺北市士林區中山北路七段220巷5號,"25.126604,121.533395",1,"478 ",
公寓,WVA00446,天母里,臺北市士林區中山北路七段232巷11號,"25.127089,121.534012",1,"512 ",
公寓,WVA00447,天母里,臺北市士林區中山北路七段232巷16號,"25.127013,121.53384",1,"437 ",
公寓,WVA00448,天母里,臺北市士林區中山北路七段232巷23-1號,"25.126505,121.534899",1,"530 ",
公寓,WVA00448,天母里,臺北市士林區中山北路七段232巷23-1號,"25.126505,121.534899",2,"593 ",
公寓,WVA00450,天母里,臺北市士林區中山北路七段232巷40號,"25.126245,121.534864",2,"677 ",
公寓,WVA00859,天母里,臺北市士林區中山北路七段190巷1號,"25.125077,121.533137",1,"334 ",
公寓,WVA00863,天母里,臺北市士林區中山北路七段190巷27號,"25.125945,121.535242",2,"132 ",
公寓,WVA00864,天母里,臺北市士林區中山北路七段190巷3號,"25.12516,121.533253",1,"122 ",
公寓,WVA00865,天母里,臺北市士林區中山北路七段190巷5號,"25.125222,121.533434",1,"116 ",
公寓,WVA00868,天母里,臺北市士林區中山北路七段198號,"25.12546,121.532919",1,"80 ",
公寓,WVA00869,天母里,臺北市士林區中山北路七段216巷3號,"25.125879,121.53332",1,"2406 ",
公寓,WVA00870,天母里,臺北市士林區中山北路七段220巷7號,"25.12659,121.53361",1,"264 ",
公寓,WVA00871,天母里,臺北市士林區中山北路七段220巷8號,"25.126249,121.533722",1,"188 ",
公寓,WVA00872,天母里,臺北市士林區中山北路七段220巷9號,"25.126387,121.533765",1,"70 ",
公寓,WVA00903,天母里,臺北市士林區中山北路七段216巷1號,"25.125861,121.533002",1,"168 ",
公寓,WVA00904,天母里,臺北市士林區中山北路七段224巷3號,"25.126926,121.533379",1,"72 ",
公寓,WVA01096,天母里,臺北市士林區中山北路七段232巷12號,"25.127193,121.533686",1,"365 ",
公寓,WVA01117,天母里,臺北市士林區中山北路七段232巷20弄4號,"25.126776,121.533891",1,"102 ",
公寓,WVA01118,天母里,臺北市士林區中山北路七段232巷20弄6號,"25.126594,121.533835",1,"82 ",
大樓,WVA03053,天母里,臺北市士林區中山北路七段181巷2號,"25.124763,121.532355",1,"2556 ",
公寓,WVA03207,天母里,臺北市士林區中山北路七段232巷19弄23號,"25.126943,121.535428",1,"488 ",
公寓,WVA00436,天母里,臺北市士林區中山北路七段219巷16號,"25.128276,121.532749",1,"1362 ",
公寓,WVA00436,天母里,臺北市士林區中山北路七段219巷16號,"25.128276,121.532749",2,"989 ",
公寓,WVA00438,天母里,臺北市士林區中山北路七段219巷18號,"25.128446,121.532767",1,"514 ",
公寓,WVA00927,天母里,臺北市士林區中山北路七段141巷14弄6號,"25.123989,121.530932",1,"188 ",
公寓,WVA00928,天母里,臺北市士林區中山北路七段141巷14弄9號,"25.124105,121.53075",1,"77 ",
公寓,WVA00999,天母里,臺北市士林區天母北路87巷22弄2號,"25.122654,121.528023",1,"304 ",
公寓,WVA01000,天母里,臺北市士林區天母北路101巷16號,"25.123177,121.528043",1,"176 ",
公寓,WVA01044,天母里,臺北市士林區天母北路87巷7號,"25.122328,121.527562",1,"164 ",
公寓,WVA01045,天母里,臺北市士林區天母北路87巷3號,"25.12245,121.52731",1,"174 ",
公寓,WVA01046,天母里,臺北市士林區天母北路87巷6號,"25.122622,121.527292",1,"82 ",
公寓,WVA01047,天母里,臺北市士林區天母北路87巷10號,"25.122589,121.527502",1,"116 ",
公寓,WVA01048,天母里,臺北市士林區天母北路87巷2弄3號,"25.122603,121.526992",1,"124 ",
公寓,WVA01063,天母里,臺北市士林區中山北路七段81巷28弄10號,"25.122776,121.52956",1,"800 ",
公寓,WVA01093,天母里,臺北市士林區天母北路87巷14號,"25.122423,121.527761",1,"664 ",
公寓,WVA01119,天母里,臺北市士林區中山北路七段141巷41號,"25.123667,121.529501",1,"84 ",
公寓,WVA02784,天母里,臺北市士林區中山北路七段159巷10號,"25.123643,121.53182",1,"490 ",
大樓,WVA03172,天母里,臺北市士林區中山北七段81巷28弄6號,"25.12232,121.529867",1,"3218 ",
公寓,WVA03297,天母里,臺北市士林區中山北七段192號,"25.125108,121.532963",1,"123 ",
公寓,WVA00457,天母里,臺北市士林區中山北路七段81巷43-1號,"25.122077,121.528904",1,"604 ",
公寓,WVA03003,天母里,臺北市士林區中山北路七段81巷47號,"25.122952,121.528612",2,"2796 ",
農民團體幹部聯合訓練協會,WVA00362,天母里,臺北市士林區中山北路七段115號,"25.122426,121.531634",2,"7208 ",
農民團體幹部聯合訓練協會,WVA00362,天母里,臺北市士林區中山北路七段115號,"25.122426,121.531634",2,"7208 ",
兆豐銀行,WVA00369,天母里,臺北市士林區中山北路七段195號,"25.125384,121.532629",1,"1176 ",
兆豐銀行,WVA00370,天母里,臺北市士林區中山北路七段209號,"25.125958,121.532741",1,"4529 ",
兆豐銀行,WVA00369,天母里,臺北市士林區中山北路七段195號,"25.125384,121.532629",1,"1176 ",
白永恩神父社會福利基金會,WVA03171,天母里,臺北市士林區中山北路七段181巷1號,"25.124495,121.532214",1、2,"426 ",
公寓,WVA01051,天玉里,臺北市士林區天母西路83巷14號,"25.119074,121.525326",1,"204 ",
公寓,WVA00376,天玉里,臺北市士林區中山北路七段31號,"25.119451,121.530447",1,"772 ",
公寓,WVA00381,天玉里,臺北市士林區中山北路七段9號,"25.119125,121.530205",1,"1352 ",
公寓,WVA00858,天玉里,臺北市士林區中山北路七段27號,"25.119261,121.530547",1,"325 ",
公寓,WVA00983,天玉里,臺北市士林區天母西路3號,"25.118981,121.52927",1,"4062 ",
公寓,WVA01055,天玉里,臺北市士林區天玉街38巷19弄2號,"25.119579,121.52923",1,"265 ",
公寓,WVA01057,天玉里,臺北市士林區天玉街38巷17號,"25.119834,121.529267",1,"281 ",
公寓,WVA01058,天玉里,臺北市士林區天玉街38巷11號,"25.120328,121.529118",1,"101 ",
公寓,WVA01059,天玉里,臺北市士林區天玉街38巷11-2號,"25.1201,121.529104",1,"316 ",
公寓,WVA01066,天玉里,臺北市士林區天玉街38巷23號,"25.119689,121.52934",1,"213 ",
公寓,WVA01067,天玉里,臺北市士林區天母西路5巷4弄10號,"25.119367,121.529307",1,"378 ",
公寓,WVA01068,天玉里,臺北市士林區天母西路5巷4弄6號,"25.119247,121.529144",1,"162 ",
公寓,WVA01079,天玉里,臺北市士林區天玉街38巷13弄1號,"25.120415,121.528769",1,"620 ",
公寓,WVA01221,天玉里,臺北市士林區天玉街26-1號,"25.121158,121.528532",1,"536 ",
公寓,WVA01222,天玉里,臺北市士林區天玉街28號,"25.121144,121.528739",1,"901 ",
公寓,WVA01223,天玉里,臺北市士林區天玉街29號,"25.121334,121.528668",1,"448 ",
公寓,WVA01224,天玉里,臺北市士林區天玉街37號,"25.121296,121.529049",1,"384 ",
公寓,WVA01233,天玉里,臺北市士林區天玉街26巷5號,"25.12094,121.528696",1,"78 ",
公寓,WVA01236,天玉里,臺北市士林區天玉街38巷7號,"25.120692,121.529078",1,"330 ",
公寓,WVA01237,天玉里,臺北市士林區天玉街38巷9號,"25.120529,121.52909",1,"304 ",
公寓,WVA01238,天玉里,臺北市士林區天玉街38巷13弄2號,"25.119841,121.529068",1,"429 ",
公寓,WVA00376,天玉里,臺北市士林區中山北路七段31號,"25.119451,121.530447",1,"772 ",
公寓,WVA00381,天玉里,臺北市士林區中山北路七段9號,"25.119125,121.530205",1,"1352 ",
公寓,WVA02816,天玉里,臺北市士林區天玉街38巷13弄5號,"25.120521,121.528634",1,"402 ",
大樓,WVA03046,天玉里,臺北市士林區天玉街38巷13弄11號,"25.119564,121.528768",1,"516 ",
公寓,WVA03188,天玉里,臺北市士林區天玉街16巷7號,"25.120804,121.528701",2,"424 ",
公寓,WVA03277,天玉里,臺北市士林區天玉街16巷3號,"25.120598,121.528544",2,"113 ",
公寓,WVA00970,天玉里,臺北市士林區天母西路11號,"25.118497,121.52864",1,"1872 ",
公寓,WVA00971,天玉里,臺北市士林區天母西路13巷11號,"25.119302,121.527697",1,"1276 ",
公寓,WVA00973,天玉里,臺北市士林區天母西路17號,"25.118497,121.528133",1,"581 ",
公寓,WVA00977,天玉里,臺北市士林區天母西路53號,"25.118544,121.526904",1,"876 ",
公寓,WVA00997,天玉里,臺北市士林區天母西路41巷1弄4號,"25.118891,121.527109",1,"122 ",
公寓,WVA00998,天玉里,臺北市士林區天母西路41巷7號,"25.119389,121.527386",1,"129 ",
公寓,WVA01003,天玉里,臺北市士林區天母西路13巷1號,"25.118718,121.528221",1,"110 ",
公寓,WVA01004,天玉里,臺北市士林區天母西路13巷1-1號,"25.118597,121.528326",1,"86 ",
公寓,WVA01012,天玉里,臺北市士林區天母西路5巷1號,"25.118753,121.528961",1,"326 ",
公寓,WVA01014,天玉里,臺北市士林區天母西路5巷5號,"25.118884,121.52885",1,"393 ",
公寓,WVA01015,天玉里,臺北市士林區天母西路5巷6號,"25.119098,121.528918",1,"105 ",
公寓,WVA01016,天玉里,臺北市士林區天母西路5巷13號,"25.119107,121.528637",1,"265 ",
公寓,WVA01020,天玉里,臺北市士林區天母西路41巷8號,"25.119121,121.527482",1,"64 ",
公寓,WVA01049,天玉里,臺北市士林區天母西路41巷1弄1號,"25.118756,121.527242",1,"477 ",
公寓,WVA01071,天玉里,臺北市士林區天玉街38巷18弄5號,"25.119948,121.529771",1,"261 ",
公寓,WVA01072,天玉里,臺北市士林區天玉街38巷18弄7號,"25.119693,121.529911",1,"400 ",
公寓,WVA01141,天玉里,臺北市士林區天母西路15號,"25.1185,121.528176",1,"392 ",
公寓,WVA01145,天玉里,臺北市士林區天母西路39號,"25.118507,121.52752",1,"408 ",
公寓,WVA01148,天玉里,臺北市士林區天母西路9號,"25.118531,121.528908",1,"177 ",
公寓,WVA01004,天玉里,臺北市士林區天母西路13巷1-1號,"25.118597,121.528326",1,"76 ",
公寓,WVA01150,天玉里,臺北市士林區天母西路13巷13號,"25.11963,121.527293",1,"208 ",
公寓,WVA01151,天玉里,臺北市士林區天母西路13巷7號,"25.118946,121.528066",1,"1978 ",
公寓,WVA01157,天玉里,臺北市士林區天母西路41巷5號,"25.119123,121.527356",1,"445 ",
公寓,WVA01158,天玉里,臺北市士林區天母西路5巷17號,"25.119253,121.528434",1,"118 ",
公寓,WVA01159,天玉里,臺北市士林區天母西路5巷9號,"25.118984,121.528741",1,"362 ",
公寓,WVA01239,天玉里,臺北市士林區天玉街38巷18弄10號,"25.119588,121.530102",1,"332 ",
公寓,WVA01242,天玉里,臺北市士林區天玉街38巷18弄6號,"25.119413,121.529799",1,"313 ",
公寓,WVA01243,天玉里,臺北市士林區天玉街38巷18弄8號,"25.119492,121.529932",1,"97 ",
公寓,WVA03280,天玉里,臺北市士林區天母北路9巷8號,"25.119049,121.526872",1,"318 ",
公寓,WVA00453,天玉里,臺北市士林區中山北路七段51巷11號,"25.120348,121.53",1,"804 ",
公寓,WVA00981,天玉里,臺北市士林區天母西路67號,"25.118604,121.525521",1,"217 ",
大樓,WVA00982,天玉里,臺北市士林區天母西路69號,"25.118554,121.525535",1,"460 ",
大樓,WVA00984,天玉里,臺北市士林區天母西路75號,"25.118558,121.525351",1,"516 ",
大樓,WVA00986,天玉里,臺北市士林區天母西路81號,"25.118563,121.525143",1,"529 ",
公寓,WVA01009,天玉里,臺北市士林區天母北路4巷6號,"25.119157,121.525768",1,"106 ",
公寓,WVA01010,天玉里,臺北市士林區天母北路28巷16號,"25.119354,121.52573",1,"130 ",
大樓,WVA00982,天玉里,臺北市士林區天母西路69號,"25.118554,121.525535",1,"1566 ",
大樓,WVA01035,天玉里,臺北市士林區天母西路85號,"25.118572,121.524902",1,"112 ",
公寓,WVA01038,天玉里,臺北市士林區天母北路9巷1號,"25.119209,121.526628",1,"192 ",
公寓,WVA01039,天玉里,臺北市士林區天母北路9巷3號,"25.11918,121.526832",1,"54 ",
公寓,WVA01052,天玉里,臺北市士林區天母西路83巷8號,"25.118852,121.525143",1,"126 ",
公寓,WVA01054,天玉里,臺北市士林區天母北路4巷9號,"25.119143,121.525058",1,"378 ",
大樓,WVA01082,天玉里,臺北市士林區天母北路15號,"25.119412,121.526724",3,"2134 ",
大樓,WVA01083,天玉里,臺北市士林區天母北路30號,"25.120076,121.526377",1,"309 ",
公寓,WVA01085,天玉里,臺北市士林區天母北路6號,"25.119102,121.526163",1,"458 ",
公寓,WVA01087,天玉里,臺北市士林區天母北路28巷10號,"25.119727,121.525772",1,"100 ",
公寓,WVA01088,天玉里,臺北市士林區天母北路28巷2號,"25.119775,121.5261",1,"174 ",
公寓,WVA01090,天玉里,臺北市士林區天母北路4巷5號,"25.119057,121.525473",2,"702 ",
大樓,WVA01147,天玉里,臺北市士林區天母西路67-2號,"25.118604,121.525521",1,"104 ",
大樓,WVA02948,天玉里,臺北市士林區天母北路３２號,"25.120232,121.526377",1,"225 ",
公寓,WVA03058,天玉里,臺北市士林區天玉街13號,"25.120728,121.52731",1,"2885 ",
公寓,WVA03165,天玉里,臺北市士林區天母北路28巷8號,"25.119865,121.525835",1,"273 ",
大樓,WVA03191,天玉里,臺北市士林區天母北路9巷7號,"25.119181,121.527069",1,"198 ",
公寓,WVA03209,天玉里,臺北市士林區天母西路89號,"25.118746,121.524698",1,"501 ",
公寓,WVA00935,天玉里,臺北市士林區天玉街3號,"25.119993,121.526695",1,"282 ",
公寓,WVA00988,天玉里,臺北市士林區天母北路39號,"25.120514,121.526681",1,"102 ",
公寓,WVA00990,天玉里,臺北市士林區天母北路58號,"25.121511,121.52663",1,"334 ",
大樓,WVA00991,天玉里,臺北市士林區天母北路66號,"25.122073,121.52661",1,"922 ",
大樓,WVA00992,天玉里,臺北市士林區天母北路68號,"25.122781,121.526379",2,"2278 ",
公寓,WVA01040,天玉里,臺北市士林區天母北路9巷4號,"25.119101,121.52672",1,"109 ",
公寓,WVA01041,天玉里,臺北市士林區天母北路36巷1號,"25.120245,121.526154",1,"166 ",
公寓,WVA01042,天玉里,臺北市士林區天母北路36巷2號,"25.12036,121.526165",1,"174 ",
公寓,WVA01043,天玉里,臺北市士林區天母北路43巷2號,"25.12055,121.526947",1,"208 ",
公寓,WVA01089,天玉里,臺北市士林區天母北路4巷10號,"25.119311,121.525203",1,"172 ",
公寓,WVA01165,天玉里,臺北市士林區天母北路28巷13號,"25.12012,121.525758",1,"484 ",
公寓,WVA01212,天玉里,臺北市士林區天玉街11號,"25.120235,121.527208",1,"348 ",
公寓,WVA01227,天玉里,臺北市士林區天玉街5號,"25.119958,121.526824",1,"398 ",
公寓,WVA01229,天玉里,臺北市士林區天玉街7號,"25.120159,121.527026",2,"717 ",
公寓,WVA01230,天玉里,臺北市士林區天玉街9號,"25.120317,121.526979",1,"84 ",
公寓,WVA02817,天玉里,臺北市士林區天母北路62號,"25.121787,121.526268",3,"2565 ",
公寓,WVA03044,天玉里,臺北市士林區中山北路七段63巷13號,"25.120764,121.530742",3,"1524 ",
大樓,WVA03084,天玉里,臺北市士林區天母北路28巷39號,"25.119312,121.52544",1,"489 ",
公寓,WVA00454,天玉里,臺北市士林區中山北路七段81巷29號,"25.12206,121.529605",1,"169 ",
公寓,WVA00455,天玉里,臺北市士林區中山北路七段81巷31號,"25.1221,121.529533",1,"182 ",
公寓,WVA00456,天玉里,臺北市士林區中山北路七段81巷37號,"25.122187,121.528998",2,"584 ",
公寓,WVA00943,天玉里,臺北市士林區天玉街27巷1號,"25.121614,121.528392",1,"196 ",
公寓,WVA00944,天玉里,臺北市士林區天玉街27巷15號,"25.121691,121.528188",1,"534 ",
公寓,WVA00945,天玉里,臺北市士林區天玉街27巷29號,"25.121862,121.528022",1,"702 ",
公寓,WVA00994,天玉里,臺北市士林區天母北路87巷15號,"25.122219,121.527846",1,"241 ",
公寓,WVA01002,天玉里,臺北市士林區中山北路七段81巷39號,"25.122181,121.528786",1,"690 ",
公寓,WVA01050,天玉里,臺北市士林區中山北路七段81巷41弄7號,"25.121742,121.528707",1,"1789 ",
公寓,WVA01073,天玉里,臺北市士林區中山北路七段81巷25號,"25.122039,121.529709",1,"260 ",
公寓,WVA01080,天玉里,臺北市士林區中山北路七段81巷23弄7號,"25.121772,121.529427",1,"1148 ",
公寓,WVA01084,天玉里,臺北市士林區天母北路55號,"25.121141,121.526799",1,"498 ",
公寓,WVA01091,天玉里,臺北市士林區天母北路43巷1號,"25.120785,121.526869",1,"448 ",
公寓,WVA01092,天玉里,臺北市士林區天母北路87巷11號,"25.122095,121.527652",1,"248 ",
公寓,WVA01094,天玉里,臺北市士林區天母北路87巷9弄1號,"25.122235,121.527345",1,"1706 ",
公寓,WVA01219,天玉里,臺北市士林區天玉街15號,"25.120536,121.527516",1,"378 ",
公寓,WVA01220,天玉里,臺北市士林區天玉街23號,"25.121288,121.528302",2,"802 ",
公寓,WVA01226,天玉里,臺北市士林區天玉街41號,"25.12141,121.52949",2,"1096 ",
公寓,WVA01244,天玉里,臺北市士林區天玉街39巷2號,"25.121417,121.529172",1,"425 ",
公寓,WVA01245,天玉里,臺北市士林區天玉街39巷6號,"25.121645,121.52918",1,"380 ",
公寓,WVA02901,天玉里,臺北市士林區天玉街39巷10號,"25.121848,121.529225",2,"501 ",
公寓,WVA03006,天玉里,臺北市士林區中山北路七段81巷12號,"25.121926,121.530422",2,"777 ",
公寓,WVA03019,天玉里,臺北市士林區天母北路67號,"25.121675,121.52701",1,"328 ",
公寓,WVA03039,天玉里,臺北市士林區天母北路61號,"25.121427,121.526921",1,"496 ",
公寓,WVA00379,天玉里,臺北市士林區中山北路七段53號,"25.120394,121.530707",1,"501 ",
公寓,WVA00451,天玉里,臺北市士林區中山北路七段35巷2號,"25.119668,121.530407",1,"100 ",
公寓,WVA00452,天玉里,臺北市士林區中山北路七段43巷6號,"25.120004,121.530466",1,"353 ",
公寓,WVA00453,天玉里,臺北市士林區中山北路七段51巷11號,"25.120348,121.53",1,"804 ",
公寓,WVA00873,天玉里,臺北市士林區中山北路七段49號,"25.119964,121.530812",1,"273 ",
公寓,WVA00884,天玉里,臺北市士林區中山北路七段63巷2號,"25.120982,121.5307",1,"740 ",
公寓,WVA00884,天玉里,臺北市士林區中山北路七段63巷2號,"25.120982,121.5307",1,"306 ",
公寓,WVA00905,天玉里,臺北市士林區中山北路七段43巷3號,"25.119868,121.530492",1,"228 ",
公寓,WVA00906,天玉里,臺北市士林區中山北路七段43巷4號,"25.119985,121.530533",1,"80 ",
公寓,WVA00907,天玉里,臺北市士林區中山北路七段51巷1號,"25.120304,121.530593",1,"100 ",
公寓,WVA00908,天玉里,臺北市士林區中山北路七段51巷12號,"25.120571,121.530304",1,"222 ",
公寓,WVA00909,天玉里,臺北市士林區天玉街44巷5號,"25.120858,121.529801",1,"352 ",
公寓,WVA00910,天玉里,臺北市士林區中山北路七段51巷4號,"25.120462,121.530585",1,"198 ",
公寓,WVA00941,天玉里,臺北市士林區天玉街38巷8號,"25.120694,121.529324",1,"96 ",
公寓,WVA00976,天玉里,臺北市士林區天玉街38巷20號,"25.119146,121.529912",1,"170 ",
公寓,WVA01060,天玉里,臺北市士林區天玉街38巷10號,"25.120621,121.529337",1,"114 ",
公寓,WVA01061,天玉里,臺北市士林區天玉街38巷6號,"25.120849,121.529287",1,"344 ",
公寓,WVA01062,天玉里,臺北市士林區天玉街38巷4號,"25.12094,121.529293",1,"108 ",
公寓,WVA01069,天玉里,臺北市士林區天玉街38巷18弄20號,"25.120284,121.530361",1,"118 ",
公寓,WVA01075,天玉里,臺北市士林區天玉街38巷16弄1號,"25.120221,121.529408",1,"109 ",
公寓,WVA01076,天玉里,臺北市士林區天玉街38巷16弄4號,"25.120099,121.529559",1,"116 ",
公寓,WVA01077,天玉里,臺北市士林區天玉街38巷16弄7號,"25.120358,121.529669",1,"102 ",
公寓,WVA01078,天玉里,臺北市士林區天玉街38巷16弄8號,"25.120229,121.52972",1,"98 ",
公寓,WVA01225,天玉里,臺北市士林區天玉街40號,"25.121123,121.529381",2,"1145 ",
公寓,WVA01234,天玉里,臺北市士林區天玉街38巷12-1號,"25.120483,121.529362",1,"592 ",
公寓,WVA01235,天玉里,臺北市士林區天玉街38巷5號,"25.120823,121.529059",1,"254 ",
公寓,WVA01240,天玉里,臺北市士林區天玉街38巷18弄16號,"25.119807,121.530198",1,"292 ",
公寓,WVA01241,天玉里,臺北市士林區天玉街38巷18弄17號,"25.120087,121.529991",3,"905 ",
公寓,WVA00379,天玉里,臺北市士林區中山北路七段53號,"25.120394,121.530707",1,"501 ",
公寓,WVA00452,天玉里,臺北市士林區中山北路七段43巷6號,"25.120004,121.530466",1,"353 ",
公寓,WVA03313,天玉里,臺北市士林區天母北路56號,"25.121532,121.52636",1、5,"1080 ",
公寓,WVA02961,天玉里,臺北市士林區天玉街58號,"25.121565,121.530621",1,"1844 ",
大樓,WVA03090,天玉里,臺北市士林區天母西路50巷11之1號,"25.117958,121.525603",1,"1545 ",
大樓,WVA03168,天玉里,臺北市士林區中山北路七段77號,"25.121407,121.531262",4,"2648 ",
公寓,WVA03248,天玉里,臺北市士林區天玉街22號,"25.120996,121.528339",1,"280 ",
公寓,WVA03259,天玉里,臺北市士林區天玉街38巷18弄18號,"25.120127,121.530328",1、2,"210 ",
公寓,WV00001,天玉里,臺北市士林區天母西路38巷8號,"25.117954,121.525938",1,"153 ",
天母國小,WVA01003,天玉里,臺北市士林區天母西路13巷1號,"25.118718,121.528221",1,"725 ",
天母國小,WVA01213,天玉里,臺北市士林區天玉街12號,"25.119736,121.527457",1,"1402 ",
天母國小,WVA01213,天玉里,臺北市士林區天玉街12號,"25.119736,121.527457",1,"877 ",
天母國小,WVA01213,天玉里,臺北市士林區天玉街12號,"25.119736,121.527457",1,"988 ",
天母國小,WVA01213,天玉里,臺北市士林區天玉街12號,"25.119736,121.527457",1,"953 ",
天母國小,WVA01213,天玉里,臺北市士林區天玉街12號,"25.119736,121.527457",1,"988 ",
天母國小,WVA01213,天玉里,臺北市士林區天玉街12號,"25.119736,121.527457",1,"953 ",
中華電信,WVA00873,天玉里,臺北市士林區中山北路七段49號,"25.119964,121.530812",1,"448 ",
中華電信,WVA00873,天玉里,臺北市士林區中山北路七段49號,"25.119964,121.530812",1,"448 ",
公寓,WVA00383,天和里,臺北市士林區中山北路七段114巷33弄10號,"25.123996,121.534026",1,"504 ",
公寓,WVA00383,天和里,臺北市士林區中山北路七段114巷33弄10號,"25.123996,121.534026",1,"678 ",
公寓,WVA00385,天和里,臺北市士林區中山北路七段114巷33弄2號,"25.123068,121.534086",1,"1073 ",
公寓,WVA00386,天和里,臺北市士林區中山北路七段114巷33弄6號,"25.123614,121.53412",1,"626 ",
公寓,WVA00952,天和里,臺北市士林區天母東路107巷2號,"25.118563,121.536863",1,"92 ",
公寓,WVA00953,天和里,臺北市士林區天母東路105巷1號,"25.11859,121.536385",1,"230 ",
公寓,WVA00954,天和里,臺北市士林區天母東路81巷2號,"25.118569,121.535473",1,"265 ",
公寓,WVA00965,天和里,臺北市士林區天母東路91巷2號,"25.118579,121.535895",1,"300 ",
公寓,WVA00969,天和里,臺北市士林區天母東路91巷11號,"25.118748,121.536199",1,"325 ",
公寓,WVA01181,天和里,臺北市士林區天母東路83號,"25.118255,121.535478",1,"596 ",
公寓,WVA01185,天和里,臺北市士林區天母東路105巷11號,"25.119081,121.536328",1,"417 ",
公寓,WVA01186,天和里,臺北市士林區天母東路105巷19號,"25.119392,121.536049",1,"262 ",
公寓,WVA01187,天和里,臺北市士林區天母東路105巷8號,"25.119392,121.536265",1,"130 ",
公寓,WVA01206,天和里,臺北市士林區天母東路81巷20弄1號,"25.119105,121.535323",1,"2224 ",
公寓,WVA01487,天和里,臺北市士林區天母東路105巷9弄1號,"25.118905,121.536347",1,"1112 ",
公寓,WVA01488,天和里,臺北市士林區天母東路105巷9弄6號,"25.119152,121.536001",1,"520 ",
公寓,WVA01204,天和里,臺北市士林區天母東路81巷21號,"25.118925,121.535024",1,"330 ",
公寓,WVA01205,天和里,臺北市士林區天母東路81巷26號,"25.119294,121.535023",1,"306 ",
公寓,WVA01481,天和里,臺北市士林區天母東路105巷31號,"25.119782,121.535167",2,"382 ",
大樓,WVA01482,天和里,臺北市士林區天母東路105巷35-2號,"25.119745,121.534711",1,"1030 ",
大樓,WVA01483,天和里,臺北市士林區天母東路105巷35號,"25.119873,121.53479",2,"345 ",
公寓,WVA01484,天和里,臺北市士林區天母東路105巷36號,"25.119962,121.535135",1,"905 ",
大樓,WVA00404,天和里,臺北市士林區中山北路七段14巷76號,"25.121573,121.534782",1,"1677 ",
大樓,WVA00404,天和里,臺北市士林區中山北路七段14巷76號,"25.121573,121.534782",2,"874 ",
大樓,WVA00409,天和里,臺北市士林區中山北路七段14巷59弄1號,"25.121051,121.534147",1,"1986 ",
大樓,WVA00410,天和里,臺北市士林區中山北路七段14巷63弄2號,"25.121642,121.534587",1,"2444 ",
大樓,WVA01116,天和里,臺北市士林區中山北路七段14巷53弄2號,"25.120902,121.533834",1,"893 ",
公寓,WVA00387,天和里,臺北市士林區中山北路七段114巷34弄9號,"25.122567,121.534814",1,"354 ",
公寓,WVA00396,天和里,臺北市士林區中山北路七段114巷60弄18號,"25.12207,121.534966",1,"233 ",
大樓,WVA00423,天和里,臺北市士林區中山北路七段190巷28號,"25.125643,121.53538",1,"610 ",
公寓,WVA00424,天和里,臺北市士林區中山北路七段190巷32-8號,"25.126089,121.536126",2,"712 ",
公寓,WVA00425,天和里,臺北市士林區中山北路七段190巷88號,"25.125737,121.536317",2,"162 ",
公寓,WVA00430,天和里,臺北市士林區中山北路七段190巷26弄3號,"25.125447,121.535438",1,"848 ",
公寓,WVA01102,天和里,臺北市士林區中山北路七段114巷60弄1號,"25.122795,121.535599",1,"170 ",
大樓,WVA01103,天和里,臺北市士林區中山北路七段114巷63號,"25.123027,121.53573",1,"616 ",
公寓,WVA01108,天和里,臺北市士林區中山北路七段114巷36弄15號,"25.122748,121.53516",1,"96 ",
公寓,WVA01109,天和里,臺北市士林區中山北路七段114巷36弄11號,"25.122761,121.534954",1,"264 ",
公寓,WVA01110,天和里,臺北市士林區中山北路七段114巷54號,"25.123037,121.53516",1,"96 ",
公寓,WVA01114,天和里,臺北市士林區中山北路七段114巷34弄8號,"25.122458,121.534769",1,"86 ",
公寓,WVA01115,天和里,臺北市士林區中山北路七段114巷34弄7號,"25.122586,121.534716",1,"184 ",
公寓,WVA01128,天和里,臺北市士林區中山北路七段114巷69弄16號,"25.124075,121.535763",1,"344 ",
公寓,WVA01129,天和里,臺北市士林區中山北路七段114巷69弄18號,"25.123992,121.535948",1,"82 ",
公寓,WVA01130,天和里,臺北市士林區中山北路七段114巷69弄7號,"25.123103,121.53606",1,"69 ",
公寓,WVA01485,天和里,臺北市士林區天母東路105巷45號,"25.12028,121.534769",1,"1236 ",
公寓,WVA01485,天和里,臺北市士林區天母東路105巷45號,"25.12028,121.534769",2,"541 ",
公寓,WVA00382,天和里,臺北市士林區中山北路七段114巷50號,"25.122982,121.534822",1,"362 ",
公寓,WVA00388,天和里,臺北市士林區中山北路七段114巷41弄11號,"25.124264,121.534806",1,"806 ",
公寓,WVA00389,天和里,臺北市士林區中山北路七段114巷41弄14號,"25.124531,121.535073",1,"437 ",
公寓,WVA00390,天和里,臺北市士林區中山北路七段114巷41弄15號,"25.124428,121.534785",2,"716 ",
公寓,WVA00391,天和里,臺北市士林區中山北路七段114巷41弄16號,"25.12473,121.535282",1,"488 ",
公寓,WVA00392,天和里,臺北市士林區中山北路七段114巷41弄17號,"25.12468,121.534933",2,"848 ",
公寓,WVA00393,天和里,臺北市士林區中山北路七段114巷41弄3號,"25.123477,121.534229",1,"265 ",
公寓,WVA00394,天和里,臺北市士林區中山北路七段114巷51弄3號,"25.12366,121.534927",1,"248 ",
公寓,WVA00395,天和里,臺北市士林區中山北路七段114巷51弄7號,"25.123818,121.535231",1,"344 ",
公寓,WVA00397,天和里,臺北市士林區中山北路七段114巷60弄4號,"25.12293,121.535363",1,"830 ",
公寓,WVA00398,天和里,臺北市士林區中山北路七段114巷61弄10號,"25.123646,121.535506",1,"74 ",
公寓,WVA00399,天和里,臺北市士林區中山北路七段114巷61弄2號,"25.123442,121.535535",1,"992 ",
公寓,WVA00426,天和里,臺北市士林區中山北路七段190巷12弄11號,"25.124137,121.534012",1,"512 ",
公寓,WVA01104,天和里,臺北市士林區中山北路七段114巷41弄1號,"25.123255,121.534366",1,"788 ",
公寓,WVA01105,天和里,臺北市士林區中山北路七段114巷36弄18號,"25.122575,121.535304",1,"334 ",
大樓,WVA01105,天和里,臺北市士林區中山北路七段114巷36弄18號,"25.122575,121.535304",1,"316 ",
大樓,WVA01105,天和里,臺北市士林區中山北路七段114巷36弄18號,"25.122575,121.535304",1,"580 ",
公寓,WVA01111,天和里,臺北市士林區中山北路七段114巷48號,"25.122993,121.534681",1,"442 ",
公寓,WVA01112,天和里,臺北市士林區中山北路七段114巷46號,"25.123,121.534561",1,"236 ",
公寓,WVA01122,天和里,臺北市士林區中山北路七段114巷41弄18號,"25.124873,121.535569",1,"170 ",
公寓,WVA01123,天和里,臺北市士林區中山北路七段114巷41弄19號,"25.124877,121.53513",1,"781 ",
公寓,WVA01123,天和里,臺北市士林區中山北路七段114巷41弄19號,"25.124877,121.53513",2,"302 ",
公寓,WVA01125,天和里,臺北市士林區中山北路七段114巷41弄21號,"25.125118,121.535563",1,"253 ",
公寓,WVA01126,天和里,臺北市士林區中山北路七段114巷41弄23號,"25.125043,121.536148",1,"112 ",
公寓,WVA01127,天和里,臺北市士林區中山北路七段114巷41弄8號,"25.124041,121.534803",1,"528 ",
大樓,WVA02868,天和里,臺北市士林區中山北路七段114巷41弄9號,"25.124027,121.53455",2,"276 ",
公寓,WVA00421,天和里,臺北市士林區中山北路七段190巷14號,"25.125292,121.533868",1,"380 ",
公寓,WVA00422,天和里,臺北市士林區中山北路七段190巷16-1號,"25.125401,121.534194",1,"856 ",
公寓,WVA00427,天和里,臺北市士林區中山北路七段190巷12弄7號,"25.124303,121.534215",1,"1386 ",
公寓,WVA00427,天和里,臺北市士林區中山北路七段190巷12弄7號,"25.124303,121.534215",2,"429 ",
公寓,WVA00429,天和里,臺北市士林區中山北路七段190巷18弄2-1號,"25.125413,121.534445",1,"238 ",
公寓,WVA00421,天和里,臺北市士林區中山北路七段190巷14號,"25.125292,121.533868",1,"120 ",
公寓,WVA00861,天和里,臺北市士林區中山北路七段190巷20號,"25.125713,121.534575",1,"896 ",
公寓,WVA00862,天和里,臺北市士林區中山北路七段190巷24號,"25.125802,121.534971",2,"1160 ",
公寓,WVA00895,天和里,臺北市士林區中山北路七段190巷12弄3號,"25.125136,121.533994",1,"398 ",
公寓,WVA00896,天和里,臺北市士林區中山北路七段190巷12弄5號,"25.124979,121.533955",1,"1285 ",
公寓,WVA00898,天和里,臺北市士林區中山北路七段190巷18弄16號,"25.125004,121.534293",1,"340 ",
公寓,WVA00899,天和里,臺北市士林區中山北路七段190巷18弄6號,"25.125245,121.534422",1,"437 ",
公寓,WVA00900,天和里,臺北市士林區中山北路七段190巷18弄7號,"25.124952,121.534693",1,"185 ",
公寓,WVA01120,天和里,臺北市士林區中山北路七段190巷26弄12號,"25.125302,121.535263",3,"1312 ",
公寓,WVA01120,天和里,臺北市士林區中山北路七段190巷26弄12號,"25.125302,121.535263",4,"349 ",
公寓,WVA00408,天和里,臺北市士林區中山北路七段14巷50弄17號,"25.120049,121.534542",1,"634 ",
公寓,WVA00062,天祿里,臺北市士林區士東路91巷24號,"25.113046,121.529565",1,"154 ",
公寓,WVA00064,天祿里,臺北市士林區士東路91巷4號,"25.112522,121.529267",1,"1442 ",
公寓,WVA00718,天祿里,臺北市士林區士東路91巷38號,"25.113606,121.529855",1,"140 ",
公寓,WVA01662,天祿里,臺北市士林區忠誠路二段118巷2-6號,"25.113702,121.531484",1,"617 ",
公寓,WVA02019,天祿里,臺北市士林區士東路105號,"25.112314,121.529779",1,"313 ",
公寓,WVA03119,天祿里,臺北市士林區士東路89巷16弄18號,"25.113052,121.529065",1、2,"730 ",
公寓,WVA03219,天祿里,臺北市士林區士東路89巷14號,"25.113095,121.528705",1,"236 ",
公寓,WVA02026,天祿里,臺北市士林區忠誠路二段82巷2號,"25.112708,121.530713",1,"445 ",
公寓,WVA02029,天祿里,臺北市士林區士東路91巷28號,"25.113199,121.529656",1,"184 ",
公寓,WVA02031,天祿里,臺北市士林區士東路91巷26弄16號,"25.11294,121.530351",1,"313 ",
大樓,WVA02789,天祿里,臺北市士林區忠誠路二段102號,"25.113171,121.531228",1,"2257 ",
大樓,WVA02793,天祿里,臺北市士林區忠誠路二段86號,"25.112617,121.530897",1,"1958 ",
公寓,WVA02917,天祿里,臺北市士林區士東路91巷26弄10號,"25.112866,121.529936",1,"92 ",
大樓,WVA03115,天祿里,臺北市士林區士東路91巷16號,"25.112916,121.52954",2,"242 ",
大樓,WVA03122,天祿里,臺北市士林區士東路91巷26弄6號,"25.112926,121.529878",1、2,"184 ",
公寓,WVA00016,天祿里,臺北市士林區士東路33號,"25.111977,121.527341",1,"1208 ",
公寓,WVA00019,天祿里,臺北市士林區士東路81號,"25.112144,121.528548",1,"541 ",
公寓,WVA00020,天祿里,臺北市士林區士東路87號,"25.112181,121.528788",1,"50 ",
公寓,WVA00025,天祿里,臺北市士林區士東路25巷8弄2號,"25.112119,121.52704",1,"636 ",
公寓,WVA00054,天祿里,臺北市士林區士東路89巷13號,"25.11251,121.528529",2,"300 ",
公寓,WVA00055,天祿里,臺北市士林區士東路89巷15號,"25.112973,121.52847",1,"166 ",
公寓,WVA00056,天祿里,臺北市士林區士東路89巷3號,"25.112373,121.52827",1,"260 ",
公寓,WVA00320,天祿里,臺北市士林區士東路1號,"25.111865,121.52645",1,"734 ",
公寓,WVA00324,天祿里,臺北市士林區士東路13號,"25.111913,121.526771",1,"110 ",
公寓,WVA00333,天祿里,臺北市士林區士東路89巷5號,"25.112459,121.528149",1,"169 ",
公寓,WVA02036,天祿里,臺北市士林區士東路89巷16弄9號,"25.113289,121.528972",1,"105 ",
公寓,WVA00549,天祿里,臺北市士林區中山北路六段360號,"25.112065,121.526432",2,"1021 ",
公寓,WVA00558,天祿里,臺北市士林區中山北路六段438號,"25.114048,121.527359",1,"690 ",
公寓,WVA00559,天祿里,臺北市士林區中山北路六段452號,"25.11436,121.527518",1,"201 ",
公寓,WVA00675,天祿里,臺北市士林區中山北路六段450巷2號,"25.114021,121.527663",1,"134 ",
公寓,WVA00679,天祿里,臺北市士林區中山北路六段450巷3弄1號,"25.114094,121.527817",1,"114 ",
公寓,WVA00680,天祿里,臺北市士林區中山北路六段450巷3弄2號,"25.114084,121.527934",1,"114 ",
公寓,WVA00681,天祿里,臺北市士林區中山北路六段450巷3弄7號,"25.114227,121.527883",1,"272 ",
公寓,WVA00682,天祿里,臺北市士林區中山北路六段450巷3弄8號,"25.11436,121.528091",1,"109 ",
公寓,WVA02877,天祿里,臺北市士林區中山北路六段350號,"25.11196,121.526273",2,"350 ",
公寓,WVA00561,天祿里,臺北市士林區中山北路六段726號,"25.115071,121.527969",1,"849 ",
公寓,WVA00562,天祿里,臺北市士林區中山北路六段734號,"25.115324,121.528178",1,"168 ",
公寓,WVA00684,天祿里,臺北市士林區中山北路六段728巷11號,"25.114318,121.528513",1,"322 ",
公寓,WVA00685,天祿里,臺北市士林區中山北路六段728巷14號,"25.114125,121.528425",1,"225 ",
公寓,WVA00686,天祿里,臺北市士林區中山北路六段728巷15號,"25.114101,121.528645",1,"301 ",
公寓,WVA00687,天祿里,臺北市士林區中山北路六段728巷6號,"25.114709,121.528156",1,"78 ",
大樓,WVA00688,天祿里,臺北市士林區中山北路六段728巷7號,"25.11474,121.528434",1,"709 ",
大樓,WVA00689,天祿里,臺北市士林區中山北路六段728巷8號,"25.114618,121.528218",1,"80 ",
公寓,WVA00690,天祿里,臺北市士林區中山北路六段728巷9弄1號,"25.114498,121.528505",1,"184 ",
公寓,WVA00691,天祿里,臺北市士林區中山北路六段728巷9弄11號,"25.114042,121.529161",1,"272 ",
公寓,WVA00692,天祿里,臺北市士林區中山北路六段728巷9弄2號,"25.114428,121.528705",1,"257 ",
公寓,WVA00693,天祿里,臺北市士林區中山北路六段728巷9弄3號,"25.114614,121.528688",1,"300 ",
公寓,WVA02030,天祿里,臺北市士林區士東路91巷3號,"25.112563,121.529059",1,"260 ",
公寓,WVA00694,天祿里,臺北市士林區中山北路六段728巷9弄5號,"25.114483,121.528865",1,"246 ",
公寓,WVA00683,天祿里,臺北市士林區中山北路六段450巷7弄1號,"25.113937,121.528003",1,"1422 ",
公寓,WVA00697,天祿里,臺北市士林區中山北路六段728巷9弄7號,"25.114345,121.528944",1,"108 ",
公寓,WVA00698,天祿里,臺北市士林區中山北路六段728巷9弄8號,"25.114018,121.528975",1,"92 ",
公寓,WVA00699,天祿里,臺北市士林區中山北路六段728巷9弄9號,"25.114201,121.529051",1,"88 ",
公寓,WVA00700,天祿里,臺北市士林區中山北路六段754巷1號,"25.115677,121.528623",1,"321 ",
公寓,WVA00701,天祿里,臺北市士林區中山北路六段754巷11號,"25.114889,121.529111",1,"158 ",
公寓,WVA00702,天祿里,臺北市士林區中山北路六段754巷14-1號,"25.114999,121.528627",1,"198 ",
公寓,WVA02034,天祿里,臺北市士林區士東路89巷22弄7號,"25.113778,121.52882",1,"117 ",
公寓,WVA02035,天祿里,臺北市士林區士東路89巷16弄1-1號,"25.113243,121.528616",1,"341 ",
公寓,WVA00705,天祿里,臺北市士林區中山北路六段754巷17號,"25.114538,121.529306",1,"296 ",
公寓,WVA00677,天祿里,臺北市士林區中山北路六段450巷30號,"25.113216,121.528146",1,"122 ",
公寓,WVA02032,天祿里,臺北市士林區士東路89巷2號,"25.112562,121.52874",1,"92 ",
公寓,WVA00708,天祿里,臺北市士林區中山北路六段754巷21號,"25.114221,121.52952",1,"210 ",
公寓,WVA00709,天祿里,臺北市士林區中山北路六段754巷22號,"25.114598,121.529101",1,"102 ",
公寓,WVA00678,天祿里,臺北市士林區中山北路六段450巷34號,"25.113235,121.528333",1,"222 ",
公寓,WVA00711,天祿里,臺北市士林區中山北路六段754巷25號,"25.11408,121.529625",1,"69 ",
公寓,WVA00712,天祿里,臺北市士林區中山北路六段754巷26-1號,"25.114301,121.52929",1,"106 ",
公寓,WVA00713,天祿里,臺北市士林區中山北路六段754巷3號,"25.115551,121.528709",1,"224 ",
公寓,WVA00714,天祿里,臺北市士林區中山北路六段754巷5號,"25.115409,121.528844",1,"346 ",
公寓,WVA00715,天祿里,臺北市士林區中山北路六段754巷7號,"25.11523,121.528948",1,"197 ",
公寓,WVA00719,天祿里,臺北市士林區中山北路六段776巷76號,"25.114312,121.529723",2,"598 ",
公寓,WVA00720,天祿里,臺北市士林區中山北路六段776巷80號,"25.114215,121.529884",2,"958 ",
公寓,WVA01663,天祿里,臺北市士林區忠誠路二段118巷11弄20號,"25.113545,121.530592",1,"38 ",
大樓,WVA02866,天祿里,臺北市士林區中山北路六段728巷10號,"25.114384,121.528336",1,"557 ",
公寓,WVA02913,天祿里,臺北市士林區中山北路六段728巷17號,"25.113927,121.52869",1,"393 ",
大樓,WVA02914,天祿里,臺北市士林區中山北路六段754巷10號,"25.115427,121.528639",2,"1764 ",
大樓,WVA02950,天祿里,臺北市士林區中山北路六段728巷3號,"25.115076,121.528232",1,"40 ",
大樓,WVA03071,天祿里,臺北市士林區中山北路六段728巷16號,"25.113938,121.528521",1,"337 ",
公寓,WVA00057,天祿里,臺北市士林區士東路89巷6號,"25.112742,121.528679",1,"702 ",
公寓,WVA00058,天祿里,臺北市士林區士東路89巷16弄2號,"25.113116,121.528887",1,"113 ",
公寓,WVA00059,天祿里,臺北市士林區士東路89巷16弄5號,"25.113271,121.528801",1,"94 ",
公寓,WVA00060,天祿里,臺北市士林區士東路91巷11號,"25.112853,121.529248",1,"633 ",
公寓,WVA00061,天祿里,臺北市士林區士東路91巷13號,"25.113067,121.529345",1,"298 ",
公寓,WVA00063,天祿里,臺北市士林區士東路91巷25號,"25.113505,121.529222",1,"590 ",
公寓,WVA00671,天祿里,臺北市士林區中山北路六段450巷11號,"25.113685,121.528098",1,"77 ",
公寓,WVA00672,天祿里,臺北市士林區中山北路六段450巷14號,"25.113517,121.527956",1,"236 ",
公寓,WVA00673,天祿里,臺北市士林區中山北路六段450巷15號,"25.113496,121.528105",1,"136 ",
公寓,WVA00674,天祿里,臺北市士林區中山北路六段450巷17號,"25.11342,121.528116",1,"294 ",
公寓,WVA00676,天祿里,臺北市士林區中山北路六段450巷27號,"25.113674,121.528279",1,"149 ",
公寓,WVA00706,天祿里,臺北市士林區中山北路六段754巷18號,"25.114955,121.528898",1,"130 ",
公寓,WVA03321,天祿里,臺北市士林區士東路91巷1號,"25.112341,121.528942",1,"877 ",
士東國小,WVA00550,天祿里,臺北市士林區中山北路六段392號,"25.112977,121.526815",1,"429 ",
士東國小,WVA00550,天祿里,臺北市士林區中山北路六段392號,"25.112977,121.526815",1,"1444 ",
士東國小,WVA00550,天祿里,臺北市士林區中山北路六段392號,"25.112977,121.526815",1,"1094 ",
士東國小,WVA00550,天祿里,臺北市士林區中山北路六段392號,"25.112977,121.526815",1,"452 ",
士東國小,WVA00550,天祿里,臺北市士林區中山北路六段392號,"25.112977,121.526815",1,"2644 ",
公寓,WVA00178,天壽里,臺北市士林區中山北路六段441巷23號,"25.116661,121.526796",1,"38 ",
公寓,WVA00179,天壽里,臺北市士林區中山北路六段441巷3號,"25.11496,121.527258",1,"56 ",
公寓,WVA00236,天壽里,臺北市士林區中山北路六段405巷24號,"25.114325,121.525809",1,"122 ",
公寓,WVA00237,天壽里,臺北市士林區中山北路六段405巷10號,"25.113776,121.526019",1,"313 ",
公寓,WVA00554,天壽里,臺北市士林區中山北路六段421號,"25.113769,121.526887",1,"753 ",
公寓,WVA00555,天壽里,臺北市士林區中山北路六段429號,"25.114011,121.527017",1,"78 ",
公寓,WVA00556,天壽里,臺北市士林區中山北路六段431-1號,"25.114118,121.527047",1,"672 ",
公寓,WVA00557,天壽里,臺北市士林區中山北路六段433號,"25.114408,121.527225",1,"134 ",
公寓,WVA00560,天壽里,臺北市士林區中山北路六段719號,"25.115123,121.527593",1,"145 ",
公寓,WVA00624,天壽里,臺北市士林區中山北路六段405巷2號,"25.113475,121.52621",1,"334 ",
公寓,WVA00625,天壽里,臺北市士林區中山北路六段405巷22號,"25.114179,121.525895",1,"252 ",
公寓,WVA00635,天壽里,臺北市士林區中山北路六段405巷6號,"25.113626,121.526117",1,"444 ",
公寓,WVA00643,天壽里,臺北市士林區中山北路六段419巷1號,"25.113513,121.526709",1,"298 ",
公寓,WVA00644,天壽里,臺北市士林區中山北路六段419巷12號,"25.114144,121.526375",1,"216 ",
公寓,WVA00645,天壽里,臺北市士林區中山北路六段419巷13號,"25.113969,121.526283",1,"108 ",
公寓,WVA00649,天壽里,臺北市士林區中山北路六段419巷2號,"25.113727,121.526629",1,"93 ",
公寓,WVA00652,天壽里,臺北市士林區中山北路六段419巷3號,"25.113623,121.526518",1,"112 ",
公寓,WVA00657,天壽里,臺北市士林區中山北路六段419巷4-2號,"25.113762,121.526539",1,"126 ",
公寓,WVA00659,天壽里,臺北市士林區中山北路六段419巷5號,"25.113655,121.526446",1,"100 ",
公寓,WVA00660,天壽里,臺北市士林區中山北路六段419巷6號,"25.113902,121.526472",1,"292 ",
公寓,WVA00661,天壽里,臺北市士林區中山北路六段419巷7號,"25.113738,121.526368",1,"193 ",
公寓,WVA00662,天壽里,臺北市士林區中山北路六段427巷10號,"25.114291,121.526452",1,"81 ",
公寓,WVA00668,天壽里,臺北市士林區中山北路六段439巷2號,"25.114661,121.52721",1,"164 ",
公寓,WVA00669,天壽里,臺北市士林區中山北路六段439巷5號,"25.114837,121.52696",1,"56 ",
公寓,WVA00670,天壽里,臺北市士林區中山北路六段441巷17號,"25.116302,121.526916",1,"176 ",
公寓,WVA00716,天壽里,臺北市士林區中山北路六段763巷7弄2號,"25.11666,121.527315",1,"286 ",
公寓,WVA02952,天壽里,臺北市士林區中山北路六段419巷18號,"25.114608,121.526331",1,"221 ",
公寓,WVA03072,天壽里,臺北市士林區中山北路六段405巷28號,"25.114556,121.525784",1,"542 ",
大樓,WVA03151,天壽里,臺北市士林區中山北路六段441巷26號,"25.116564,121.527141",1,"1206 ",
公寓,WVA00560,天壽里,臺北市士林區中山北路六段719號,"25.115123,121.527593",1,"145 ",
公寓,WVA00646,天壽里,臺北市士林區中山北路六段419巷17號,"25.114117,121.526229",1,"292 ",
公寓,WVA00647,天壽里,臺北市士林區中山北路六段419巷19號,"25.114179,121.526203",1,"273 ",
公寓,WVA00647,天壽里,臺北市士林區中山北路六段419巷19號,"25.114179,121.526203",1,"116 ",
公寓,WVA00664,天壽里,臺北市士林區中山北路六段427巷6弄1號,"25.114394,121.526672",1,"220 ",
公寓,WVA00665,天壽里,臺北市士林區中山北路六段427巷6弄14號,"25.114374,121.52686",1,"58 ",
公寓,WVA00666,天壽里,臺北市士林區中山北路六段427巷6弄15號,"25.114664,121.526597",1,"248 ",
大樓,WVA00975,天壽里,臺北市士林區天母西路18-1號,"25.118279,121.527728",1,"1166 ",
公寓,WVA01142,天壽里,臺北市士林區天母西路24號,"25.11832,121.527002",1,"841 ",
大樓,WVA00995,天壽里,臺北市士林區天母西路10號,"25.118326,121.52858",1,"857 ",
公寓,WVA01021,天壽里,臺北市士林區天母西路22巷10號,"25.11769,121.527145",1,"462 ",
公寓,WVA01022,天壽里,臺北市士林區天母西路22巷14號,"25.117574,121.527265",1,"288 ",
公寓,WVA01023,天壽里,臺北市士林區天母西路22巷23號,"25.117635,121.527962",1,"137 ",
公寓,WVA01024,天壽里,臺北市士林區天母西路22巷18號,"25.117443,121.527405",1,"353 ",
公寓,WVA01025,天壽里,臺北市士林區天母西路22巷27號,"25.117695,121.528037",1,"112 ",
公寓,WVA01028,天壽里,臺北市士林區天母西路22巷3弄10號,"25.11783,121.52777",1,"258 ",
公寓,WVA01030,天壽里,臺北市士林區天母西路22巷6弄7號,"25.117878,121.52684",1,"210 ",
公寓,WVA01031,天壽里,臺北市士林區天母西路22巷9號,"25.117818,121.527286",1,"398 ",
公寓,WVA01152,天壽里,臺北市士林區天母西路22巷15號,"25.117531,121.527525",1,"793 ",
公寓,WVA01164,天壽里,臺北市士林區天母西路6巷6號,"25.117968,121.528505",1,"165 ",
公寓,WVA02883,天壽里,臺北市士林區天母西路22巷1號之6,"25.118029,121.527253",1,"525 ",
公寓,WVA02892,天壽里,臺北市士林區天母西路20號,"25.11835,121.527244",2,"690 ",
公寓,WVA03152,天壽里,臺北市士林區天母西路6巷12號,"25.11773,121.528246",1,"105 ",
大樓,WVA03217,天壽里,臺北市士林區天母西路8號,"25.118172,121.528799",1,"428 ",
公寓,WVA03278,天壽里,臺北市士林區中山北路六段405巷89號,"25.117708,121.525907",1,"658 ",
公寓,WVA03284,天壽里,臺北士林區天母西38巷5號,"25.118044,121.526174",2,"650 ",
公寓,WVA00980,天壽里,臺北市士林區天母西路34號,"25.118348,121.526217",1,"1285 ",
公寓,WVA00985,天壽里,臺北市士林區天母西路58號,"25.118448,121.524416",1,"342 ",
公寓,WVA01006,天壽里,臺北市士林區天母西路38巷1號,"25.118189,121.526193",1,"105 ",
公寓,WVA01006,天壽里,臺北市士林區天母西路38巷1號,"25.118189,121.526193",1,"261 ",
公寓,WVA01006,天壽里,臺北市士林區天母西路38巷1號,"25.118189,121.526193",1,"182 ",
大樓,WVA01032,天壽里,臺北市士林區天母西路46-1號,"25.118341,121.525416",1,"2509 ",
公寓,WVA01006,天壽里,臺北市士林區天母西路38巷1號,"25.118189,121.526193",1,"334 ",
大樓,WVA01036,天壽里,臺北市士林區天母西路40號,"25.118175,121.525979",1,"565 ",
公寓,WVA01037,天壽里,臺北市士林區天母西路42號,"25.118357,121.525719",1,"86 ",
公寓,WVA01144,天壽里,臺北市士林區天母西路32號,"25.118347,121.526311",1,"273 ",
公寓,WVA01037,天壽里,臺北市士林區天母西路42號,"25.118357,121.525719",1,"72 ",
公寓,WVA01144,天壽里,臺北市士林區天母西路32號,"25.118347,121.526311",1,"816 ",
公寓,WVA01156,天壽里,臺北市士林區天母西路38巷2號,"25.118189,121.526193",1,"268 ",
公寓,WVA01160,天壽里,臺北市士林區天母西路50巷15號,"25.117784,121.525786",1,"1045 ",
公寓,WVA01161,天壽里,臺北市士林區天母西路50巷17號,"25.11783,121.525313",1,"325 ",
公寓,WVA01162,天壽里,臺北市士林區天母西路50巷19號,"25.117836,121.52503",1,"241 ",
大樓,WVA01163,天壽里,臺北市士林區天母西路50巷20號,"25.117813,121.524368",3,"885 ",
大樓,WVA02857,天壽里,臺北市士林區天母西路50巷39號,"25.117341,121.524683",2,"1724 ",
公寓,WVA02926,天壽里,臺北市士林區天母西路50巷25號,"25.117591,121.524991",2,"1356 ",
公寓,WVA02934,天壽里,臺北市士林區中山北路六段441巷42號之1,"25.117197,121.525536",2,"876 ",
大樓,WVA02993,天壽里,臺北市士林區天母西路50巷18號,"25.118131,121.524375",1,"3084 ",
大樓,WVA03001,天壽里,臺北市士林區天母西路50巷43.45號,"25.117115,121.525253",3,"1645 ",
大樓,WVA03093,天壽里,臺北市士林區中山北路六段441巷47號,"25.11672,121.525379",3,"1801 ",
大樓,WVA03099,天壽里,臺北市士林區中山北路六段441巷51號,"25.11651,121.525499",1,"721 ",
大樓,WVA00243,天壽里,臺北市士林區中山北路六段405巷85號,"25.117284,121.526005",2、3,"261 ",
公寓,WVA02970,天壽里,臺北市士林區中山北路六段405巷33號,"25.114802,121.525655",1,"380 ",
大樓,WVA03112,天壽里,臺北市士林區中山北路六段405巷69號,"25.116755,121.526059",3,"1733 ",
大樓,WVA03145,天壽里,臺北市士林區中山北路六段405巷60號,"25.115818,121.527032",3,"1685 ",
公寓,WVA00238,天壽里,臺北市士林區中山北路六段405巷38號,"25.115243,121.526223",1,"134 ",
公寓,WVA00239,天壽里,臺北市士林區中山北路六段405巷52號,"25.115349,121.526833",1,"385 ",
公寓,WVA00240,天壽里,臺北市士林區中山北路六段405巷29號,"25.11465,121.525609",1,"106 ",
公寓,WVA00241,天壽里,臺北市士林區中山北路六段405巷72號,"25.116693,121.526394",1,"438 ",
公寓,WVA00244,天壽里,臺北市士林區中山北路六段405巷37號,"25.115138,121.525829",1,"325 ",
大樓,WVA00245,天壽里,臺北市士林區中山北路六段405巷45弄11號,"25.116211,121.525882",1,"1801 ",
公寓,WVA00626,天壽里,臺北市士林區中山北路六段405巷30號,"25.114725,121.525847",1,"485 ",
公寓,WVA00627,天壽里,臺北市士林區中山北路六段405巷34號,"25.11497,121.525982",1,"560 ",
公寓,WVA00628,天壽里,臺北市士林區中山北路六段405巷35號,"25.115003,121.52569",1,"842 ",
公寓,WVA00629,天壽里,臺北市士林區中山北路六段405巷36號,"25.115084,121.52603",1,"290 ",
公寓,WVA00630,天壽里,臺北市士林區中山北路六段405巷41-1號,"25.115368,121.525737",1,"90 ",
公寓,WVA00631,天壽里,臺北市士林區中山北路六段405巷46號,"25.115333,121.526641",1,"369 ",
公寓,WVA00632,天壽里,臺北市士林區中山北路六段405巷49號,"25.115469,121.526563",1,"404 ",
公寓,WVA00633,天壽里,臺北市士林區中山北路六段405巷53號,"25.115673,121.526602",1,"341 ",
公寓,WVA00634,天壽里,臺北市士林區中山北路六段405巷57號,"25.115888,121.526535",1,"345 ",
公寓,WVA00636,天壽里,臺北市士林區中山北路六段405巷63號,"25.116071,121.526466",1,"292 ",
公寓,WVA00637,天壽里,臺北市士林區中山北路六段405巷64號,"25.116219,121.52664",1,"350 ",
公寓,WVA00638,天壽里,臺北市士林區中山北路六段405巷66號,"25.116337,121.526573",1,"334 ",
公寓,WVA00639,天壽里,臺北市士林區中山北路六段405巷70號,"25.116489,121.526486",1,"486 ",
公寓,WVA00640,天壽里,臺北市士林區中山北路六段405巷45弄12號,"25.116363,121.526022",1,"154 ",
公寓,WVA00641,天壽里,臺北市士林區中山北路六段405巷45弄4號,"25.115617,121.526273",1,"124 ",
大樓,WVA00642,天壽里,臺北市士林區中山北路六段405巷45弄8號,"25.116046,121.526163",1,"736 ",
公寓,WVA00650,天壽里,臺北市士林區中山北路六段419巷20號,"25.114847,121.526413",1,"110 ",
公寓,WVA00651,天壽里,臺北市士林區中山北路六段419巷27號,"25.114605,121.526193",1,"92 ",
公寓,WVA00653,天壽里,臺北市士林區中山北路六段419巷33號,"25.114837,121.526261",1,"238 ",
公寓,WVA00654,天壽里,臺北市士林區中山北路六段419巷37號,"25.115006,121.526321",1,"125 ",
公寓,WVA00655,天壽里,臺北市士林區中山北路六段419巷39號,"25.115033,121.526467",1,"105 ",
公寓,WVA00658,天壽里,臺北市士林區中山北路六段419巷45號,"25.115071,121.526912",2,"378 ",
大樓,WVA00979,天壽里,臺北市士林區天母西路28號,"25.118314,121.52661",1,"530 ",
公寓,WVA01026,天壽里,臺北市士林區天母西路22巷2號,"25.118031,121.527096",1,"336 ",
公寓,WVA01027,天壽里,臺北市士林區天母西路22巷6弄2號,"25.118006,121.526902",1,"105 ",
公寓,WVA01029,天壽里,臺北市士林區天母西路22巷6弄6號,"25.118022,121.526725",1,"138 ",
大樓,WVA01143,天壽里,臺北市士林區天母西路26號,"25.118351,121.526844",1,"470 ",
公寓,WVA02874,天壽里,臺北市士林區中山北路六段405巷65-67號,"25.116306,121.526306",2,"658 ",
公寓,WVA03318,天壽里,臺北市士林區中山北路六段441巷32號,"25.117531,121.526915",1,"646 ",
日僑學校,WVA03323,天壽里,臺北市士林區中山北路六段785號,"25.117381,121.529092",1,"1156 ",
使館特區,WVA02860,天壽里,臺北市士林區天母西路62巷7號,"25.117723,121.523947",3,"4398 ",
國泰世華銀行,WVA01142,天壽里,臺北市士林區天母西路24號,"25.11832,121.527002",2,"608 ",
公寓,WVA00724,天福里,臺北市士林區忠誠路二段154巷27號,"25.115656,121.531381",1,"710 ",
公寓,WVA00739,天福里,臺北市士林區忠誠路二段154巷7號,"25.115155,121.532355",1,"362 ",
公寓,WVA00741,天福里,臺北市士林區忠誠路二段166巷2號,"25.11557,121.532864",1,"364 ",
公寓,WVA00968,天福里,臺北市士林區忠誠路二段166巷28弄12號,"25.116496,121.532821",1,"64 ",
公寓,WVA01667,天福里,臺北市士林區忠誠路二段154巷14號,"25.115373,121.532214",1,"98 ",
公寓,WVA01668,天福里,臺北市士林區忠誠路二段160巷12號,"25.115504,121.532584",1,"350 ",
公寓,WVA01669,天福里,臺北市士林區忠誠路二段160巷7號,"25.115392,121.532605",1,"105 ",
公寓,WVA01670,天福里,臺北市士林區忠誠路二段166巷26號,"25.115967,121.532473",1,"216 ",
公寓,WVA01672,天福里,臺北市士林區忠誠路二段166巷9號,"25.115697,121.532655",1,"246 ",
大樓,WVA01673,天福里,臺北市士林區忠誠路二段178巷13號,"25.116211,121.532927",2,"1214 ",
大樓,WVA02790,天福里,臺北市士林區忠誠路二段180號,"25.116444,121.533233",3,"6214 ",
公寓,WVA00723,天福里,臺北市士林區天母東路8巷53號,"25.115905,121.531316",1,"1445 ",
公寓,WVA00725,天福里,臺北市士林區天母東路8巷57號,"25.115721,121.531206",1,"396 ",
公寓,WVA00726,天福里,臺北市士林區天母東路8巷65號,"25.115413,121.531007",1,"92 ",
公寓,WVA00727,天福里,臺北市士林區天母東路8巷71號,"25.115213,121.530874",1,"177 ",
公寓,WVA00728,天福里,臺北市士林區天母東路8巷79號,"25.114979,121.530728",1,"189 ",
公寓,WVA00737,天福里,臺北市士林區忠誠路二段166巷39號,"25.116099,121.531892",1,"134 ",
公寓,WVA00738,天福里,臺北市士林區忠誠路二段166巷40號,"25.116232,121.531938",1,"136 ",
公寓,WVA00740,天福里,臺北市士林區忠誠路二段166巷28弄1號,"25.116059,121.532358",1,"93 ",
公寓,WVA00967,天福里,臺北市士林區忠誠路二段178巷27弄11號,"25.116416,121.532174",1,"261 ",
公寓,WVA01198,天福里,臺北市士林區天母東路8巷30弄10號,"25.117004,121.531228",1,"269 ",
公寓,WVA01199,天福里,臺北市士林區天母東路8巷31弄10號,"25.11662,121.532216",1,"394 ",
公寓,WVA01200,天福里,臺北市士林區天母東路8巷31弄8號,"25.116682,121.532116",1,"846 ",
公寓,WVA01201,天福里,臺北市士林區天母東路8巷40弄1號,"25.116392,121.531361",1,"244 ",
公寓,WVA01202,天福里,臺北市士林區天母東路8巷40弄4號,"25.116612,121.531261",1,"896 ",
公寓,WVA01203,天福里,臺北市士林區天母東路8巷41弄2號,"25.116273,121.531575",1,"200 ",
公寓,WVA01671,天福里,臺北市士林區忠誠路二段166巷41號,"25.116129,121.531792",1,"81 ",
公寓,WVA02983,天福里,臺北市士林區忠誠路二段154巷22號,"25.115511,121.531931",1,"1824 ",
公寓,WVA03035,天福里,臺北市士林區天母東路8巷58號,"25.116209,121.53127",1,"569 ",
大樓,WVA03272,天福里,臺北市士林區天母東路6-6號,"25.117972,121.530978",4,"5513 ",
公寓,WVA00729,天福里,臺北市士林區天母東路8巷80號,"25.115033,121.530554",1,"194 ",
公寓,WVA00730,天福里,臺北市士林區忠誠路二段130巷31號,"25.114591,121.530691",1,"168 ",
公寓,WVA00731,天福里,臺北市士林區天母東路8巷88號,"25.114608,121.530287",1,"165 ",
公寓,WVA00735,天福里,臺北市士林區忠誠路二段140巷15弄29號,"25.11454,121.531532",1,"366 ",
大樓,WVA00960,天福里,臺北市士林區天母東路22巷21號,"25.117421,121.532878",1,"2714 ",
大樓,WVA00961,天福里,臺北市士林區天母東路50巷20號,"25.117426,121.533164",1,"3650 ",
公寓,WVA01664,天福里,臺北市士林區忠誠路二段130巷25號,"25.114481,121.53089",1,"261 ",
公寓,WVA01665,天福里,臺北市士林區忠誠路二段130巷29號,"25.114533,121.530778",1,"388 ",
大樓,WVA00966,天福里,臺北市士林區天母東路8巷21號,"25.117363,121.531926",1,"3297 ",
公寓,WVA01166,天福里,臺北市士林區天母東路10號,"25.117843,121.531808",1,"666 ",
大樓,WVA01170,天福里,臺北市士林區天母東路14號,"25.117889,121.532095",1,"2148 ",
大樓,WVA01172,天福里,臺北市士林區天母東路36號,"25.117916,121.532597",2,"2596 ",
公寓,WVA01196,天福里,臺北市士林區天母東路8巷19弄1號,"25.117518,121.531878",1,"408 ",
大樓,WVA01197,天福里,臺北市士林區天母東路8巷19弄7號,"25.117515,121.532298",1,"225 ",
大樓,WVA00966,天福里,臺北市士林區天母東路8巷21號,"25.117363,121.531926",1,"1581 ",
公寓,WVA00721,天福里,臺北市士林區忠誠路二段118巷16號,"25.114,121.530897",1,"1361 ",
公寓,WVA00722,天福里,臺北市士林區忠誠路二段118巷12號,"25.113927,121.531052",1,"477 ",
公寓,WVA00732,天福里,臺北市士林區忠誠路二段140巷16號,"25.114858,121.531876",1,"1296 ",
公寓,WVA00733,天福里,臺北市士林區忠誠路二段140巷9號,"25.114723,121.531872",1,"653 ",
公寓,WVA00734,天福里,臺北市士林區忠誠路二段140巷26弄8號,"25.114733,121.532112",1,"1426 ",
公寓,WVA00736,天福里,臺北市士林區忠誠路二段126號,"25.113924,121.531813",1,"593 ",
公寓,WVA00951,天福里,臺北市士林區天母東路46號,"25.11794,121.533254",1,"190 ",
公寓,WVA01173,天福里,臺北市士林區天母東路42號,"25.117936,121.533046",1,"548 ",
公寓,WVA01653,天福里,臺北市士林區忠誠路二段120號,"25.113626,121.531631",1,"1088 ",
公寓,WVA01666,天福里,臺北市士林區忠誠路二段130巷9號,"25.114187,121.53157",1,"1881 ",
公寓,WVA02909,天福里,臺北市士林區忠誠路二段140巷11號,"25.114751,121.531813",1,"254 ",
美國學校,WVA00566,天福里,臺北市士林區中山北路六段800號,"25.117325,121.529537",1,"8456 ",
新光三越,WVA02978,天福里,臺北市士林區天母東路68號,"25.117913,121.533979",2,"3920 ",
新光三越,WVA02979,天福里,臺北市士林區忠誠路二段200號,"25.11708,121.534037",2,"3533 ",
公寓,WVA01347,平等里,臺北市士林區平菁街140號,"25.122171,121.57186",1,"114 ",
公寓,WVA03185,平等里,臺北市士林區平菁街43巷43弄5號,"25.137127,121.574727",1,"162 ",
公寓,WVA01350,永倫里,臺北市士林區永平街35號,"25.090662,121.50494",1,"213 ",
公寓,WVA01353,永倫里,臺北市士林區永平街9巷2號,"25.089926,121.504863",1,"149 ",
公寓,WVA01550,永倫里,臺北市士林區延平北路六段210號,"25.089466,121.504902",1,"477 ",
公寓,WVA01594,永倫里,臺北市士林區延平北路六段258巷18號,"25.090004,121.503859",1,"282 ",
公寓,WVA01595,永倫里,臺北市士林區延平北路六段258巷24號,"25.090263,121.503844",1,"46 ",
公寓,WVA01596,永倫里,臺北市士林區延平北路六段258巷20弄1號,"25.09025,121.50398",1,"562 ",
公寓,WVA01770,永倫里,臺北市士林區延平北路六段258巷6號,"25.089528,121.503811",1,"41 ",
公寓,WVA01850,永倫里,臺北市士林區永平街1號,"25.089663,121.505155",1,"376 ",
公寓,WVA01851,永倫里,臺北市士林區永平街21號,"25.090174,121.505055",1,"78 ",
公寓,WVA01853,永倫里,臺北市士林區永平街31號,"25.090526,121.50499",1,"109 ",
公寓,WVA01856,永倫里,臺北市士林區永平街5號,"25.089767,121.505132",1,"62 ",
公寓,WVA01860,永倫里,臺北市士林區永平街9巷8弄5號,"25.090181,121.504534",1,"96 ",
公寓,WVA01863,永倫里,臺北市士林區永平街25巷2號,"25.090358,121.504777",1,"120 ",
公寓,WVA01864,永倫里,臺北市士林區永平街25巷3號,"25.090191,121.50476",1,"153 ",
公寓,WVA01869,永倫里,臺北市士林區延平北路六段258巷36弄14號,"25.090703,121.504403",1,"138 ",
公寓,WVA01870,永倫里,臺北市士林區延平北路六段258巷36弄9號,"25.090754,121.504299",1,"308 ",
公寓,WVA01872,永倫里,臺北市士林區永平街9巷8弄12號,"25.090453,121.504597",1,"138 ",
公寓,WVA01880,永倫里,臺北市士林區永平街9巷1號,"25.089789,121.504941",1,"121 ",
公寓,WVA01881,永倫里,臺北市士林區永平街9巷19號,"25.089632,121.504206",1,"165 ",
公寓,WVA01882,永倫里,臺北市士林區永平街9巷9號,"25.089701,121.504592",1,"121 ",
公寓,WVA01883,永倫里,臺北市士林區永平街9巷18弄1號,"25.089801,121.504195",1,"196 ",
公寓,WVA01884,永倫里,臺北市士林區永平街9巷18弄6號,"25.090026,121.504347",1,"162 ",
公寓,WVA01885,永倫里,臺北市士林區永平街9巷8弄1號,"25.089976,121.504577",1,"248 ",
大樓,WVA03050,永倫里,臺北市士林區延平北路六段216號,"25.089561,121.504696",1,"678 ",
公寓,WVA01352,永倫里,臺北市士林區永平街75巷29號,"25.091507,121.503635",1,"257 ",
公寓,WVA01555,永倫里,臺北市士林區延平北路六段427號,"25.091369,121.499968",1,"20 ",
公寓,WVA01558,永倫里,臺北市士林區延平北路六段472號,"25.093436,121.498577",1,"74 ",
公寓,WVA01559,永倫里,臺北市士林區延平北路六段480號,"25.093715,121.498386",1,"712 ",
公寓,WVA01560,永倫里,臺北市士林區延平北路六段480號,"25.093715,121.498386",1,"769 ",
公寓,WVA01562,永倫里,臺北市士林區延平北路六段482號,"25.093816,121.498258",1,"145 ",
公寓,WVA01746,永倫里,臺北市士林區社中街381號,"25.092065,121.50338",1,"241 ",
公寓,WVA01747,永倫里,臺北市士林區社中街361巷2號,"25.092068,121.503969",1,"152 ",
公寓,WVA01771,永倫里,臺北市士林區延平北路六段258巷58號,"25.091004,121.503507",1,"284 ",
公寓,WVA01773,永倫里,臺北市士林區延平北路六段258巷56弄15號,"25.091152,121.503963",1,"253 ",
公寓,WVA01775,永倫里,臺北市士林區永平街75巷27號,"25.091533,121.503744",1,"310 ",
公寓,WVA01776,永倫里,臺北市士林區永平街75巷27號,"25.091533,121.503744",1,"88 ",
公寓,WVA01777,永倫里,臺北市士林區永平街75巷32弄1號,"25.091708,121.503778",1,"164 ",
公寓,WVA01790,永倫里,臺北市士林區倫等街6號,"25.091497,121.500756",1,"236 ",
公寓,WVA01855,永倫里,臺北市士林區永平街39號,"25.090812,121.504948",1,"46 ",
公寓,WVA01857,永倫里,臺北市士林區永平街43號,"25.090896,121.504935",1,"96 ",
公寓,WVA01858,永倫里,臺北市士林區永平街63號,"25.091425,121.50488",1,"130 ",
公寓,WVA01871,永倫里,臺北市士林區永平街37巷2號,"25.090767,121.504718",1,"108 ",
公寓,WVA01873,永倫里,臺北市士林區永平街61巷2號,"25.091422,121.50485",1,"126 ",
公寓,WVA01879,永倫里,臺北市士林區永平街75巷1號,"25.091649,121.504681",1,"126 ",
公寓,WVA02363,永倫里,臺北市士林區通河西街二段231號,"25.09376,121.50076",1,"106 ",
公寓,WVA02364,永倫里,臺北市士林區通河西街二段232號,"25.093789,121.500536",1,"662 ",
公寓,WVA02377,永倫里,臺北市士林區通河西街二段229巷2號,"25.093467,121.500826",1,"168 ",
公寓,WVA02378,永倫里,臺北市士林區通河西街二段229巷3-5號,"25.093226,121.500893",1,"118 ",
公寓,WVA02379,永倫里,臺北市士林區通河西街二段229巷6號,"25.09324,121.500756",1,"124 ",
公寓,WVA01740,永倫里,臺北市士林區社中街322號,"25.092331,121.505101",1,"53 ",
公寓,WVA01743,永倫里,臺北市士林區社中街304號,"25.092247,121.505551",1,"101 ",
公寓,WVA01748,永倫里,臺北市士林區社中街346巷1弄21號,"25.092607,121.503665",1,"118 ",
公寓,WVA01749,永倫里,臺北市士林區社中街346巷1弄24號,"25.09273,121.503604",1,"62 ",
公寓,WVA01750,永倫里,臺北市士林區社中街346巷2弄33號,"25.092535,121.505409",1,"146 ",
公寓,WVA01751,永倫里,臺北市士林區社中街346巷3弄1號,"25.092894,121.504524",1,"126 ",
公寓,WVA01752,永倫里,臺北市士林區社中街346巷3弄9號,"25.092925,121.504234",1,"269 ",
公寓,WVA01772,永倫里,臺北市士林區延平北路六段258巷72號,"25.091521,121.503221",1,"144 ",
公寓,WVA01774,永倫里,臺北市士林區永平街75巷46號,"25.091602,121.503383",1,"253 ",
公寓,WVA01956,永倫里,臺北市士林區社中街362號,"25.092421,121.504051",1,"368 ",
公寓,WVA01966,永倫里,臺北市士林區社中街346巷1弄1號,"25.092651,121.50438",1,"97 ",
公寓,WVA01967,永倫里,臺北市士林區社中街346巷4弄18號,"25.092772,121.505336",1,"392 ",
大樓,WVA02359,永倫里,臺北市士林區通河西街二段140號,"25.093043,121.505762",1,"316 ",
公寓,WVA02360,永倫里,臺北市士林區通河西街二段186號,"25.093233,121.504551",1,"116 ",
公寓,WVA02361,永倫里,臺北市士林區通河西街二段187號,"25.09326,121.504437",1,"338 ",
公寓,WVA01744,永倫里,臺北市士林區社中街450號,"25.091462,121.501955",1,"169 ",
公寓,WVA01745,永倫里,臺北市士林區社中街430號,"25.091785,121.502342",1,"64 ",
公寓,WVA01757,永倫里,臺北市士林區社中街458巷33號,"25.092431,121.501942",1,"73 ",
公寓,WVA01758,永倫里,臺北市士林區社中街384巷2弄25號,"25.092428,121.502224",1,"105 ",
公寓,WVA01759,永倫里,臺北市士林區社中街384巷2弄11號,"25.092538,121.502633",1,"314 ",
公寓,WVA01760,永倫里,臺北市士林區社中街384巷2弄52號,"25.09231,121.501914",1,"52 ",
公寓,WVA01761,永倫里,臺北市士林區社中街384巷2弄19號,"25.092466,121.502388",1,"218 ",
公寓,WVA01763,永倫里,臺北市士林區倫等街48巷11號,"25.092859,121.502347",1,"160 ",
公寓,WVA01764,永倫里,臺北市士林區倫等街48巷39號,"25.092796,121.503028",1,"164 ",
公寓,WVA01765,永倫里,臺北市士林區倫等街54巷24號,"25.093074,121.502972",1,"186 ",
公寓,WVA01766,永倫里,臺北市士林區倫等街54巷33號,"25.093235,121.502865",1,"192 ",
公寓,WVA01767,永倫里,臺北市士林區倫等街54巷21號,"25.093278,121.502484",1,"162 ",
公寓,WVA01768,永倫里,臺北市士林區社中街426巷17號,"25.092265,121.50227",1,"30 ",
公寓,WVA01769,永倫里,臺北市士林區社中街426巷8號,"25.092078,121.502465",1,"148 ",
公寓,WVA02362,永倫里,臺北市士林區通河西街二段210號,"25.093506,121.502638",1,"53 ",
公寓,WVA01556,永倫里,臺北市士林區延平北路六段436號,"25.092631,121.500158",1,"1454 ",
公寓,WVA01557,永倫里,臺北市士林區延平北路六段447號,"25.091799,121.499562",1,"37 ",
公寓,WVA01561,永倫里,臺北市士林區延平北路六段481號,"25.092524,121.498866",1,"49 ",
公寓,WVA01563,永倫里,臺北市士林區延平北路六段483號,"25.092613,121.498662",1,"137 ",
公寓,WVA01564,永倫里,臺北市士林區延平北路六段487號,"25.092755,121.498569",1,"69 ",
公寓,WVA01598,永倫里,臺北市士林區延平北路六段368巷1號,"25.091184,121.500998",1,"140 ",
公寓,WVA01599,永倫里,臺北市士林區延平北路六段368巷10號,"25.091063,121.501178",1,"126 ",
公寓,WVA01600,永倫里,臺北市士林區延平北路六段368巷13號,"25.091189,121.501174",1,"52 ",
公寓,WVA01601,永倫里,臺北市士林區延平北路六段368巷15號,"25.09127,121.501202",1,"405 ",
公寓,WVA01602,永倫里,臺北市士林區延平北路六段368巷16號,"25.091201,121.50135",1,"202 ",
公寓,WVA01603,永倫里,臺北市士林區延平北路六段511巷20號,"25.091896,121.4989",1,"193 ",
公寓,WVA01604,永倫里,臺北市士林區延平北路六段511巷22號,"25.091757,121.499065",1,"260 ",
公寓,WVA01762,永倫里,臺北市士林區倫等街30巷9號,"25.091764,121.501439",1,"157 ",
公寓,WVA02326,永倫里,臺北市士林區倫等街42巷1號,"25.092718,121.501493",1,"24 ",
公寓,WVA02876,永倫里,臺北市士林區延平北路六段429號,"25.091472,121.499889",1,"140 ",
公寓,WVA02919,永倫里,臺北市士林區延平北路六段350號,"25.090675,121.501307",1,"490 ",
公寓,WVA03031,永倫里,臺北市士林區延平北路六段384號,"25.091279,121.500793",2,"1690 ",
公寓,WVA03041,永倫里,臺北市士林區倫等街22號,"25.091909,121.501138",1,"492 ",
大樓,WVA03236,永倫里,臺北市士林區延平北路六段475號,"25.0922,121.498988",3,"3152 ",
大樓,WVA03240,永倫里,臺北市士林區延平北路六段485號,"25.092701,121.498625",1,"540 ",
公寓,WVA03243,永倫里,臺北市士林區延平北路六段419號,"25.091173,121.500148",1,"144 ",
大樓,WVA03270,永倫里,臺北市士林區延平北路六段358號,"25.090921,121.50105",1,"382 ",
大樓,WVA03299,永倫里,臺北市士林區社中街346巷1弄20號,"25.092746,121.503684",1,"851 ",
公寓,WVA03314,永倫里,臺北市士林區社中街346巷1弄12號,"25.092701,121.50402",1,"318 ",
大樓,WVA03324,永倫里,臺北市士林區社中街346巷1弄8號,"25.092673,121.504222",1,"782 ",
大樓,WVA03326,永倫里,臺北市士林區延平北路六段228號,"25.089468,121.504431",1、2,"168 ",
社子國小,WVA01551,永倫里,臺北市士林區延平北路六段308號,"25.089803,121.502942",1,"772 ",
社子國小,WVA01552,永倫里,臺北市士林區延平北路六段308號,"25.089803,121.502942",1,"813 ",
社子國小,WVA01553,永倫里,臺北市士林區延平北路六段308號,"25.089803,121.502942",1,"1321 ",
社子國小,WVA01554,永倫里,臺北市士林區延平北路六段308號,"25.089803,121.502942",1,"248 ",
社子國小,WVA02828,永倫里,臺北市士林區延平北路六段308號,"25.089803,121.502942",1,"1030 ",
公寓,WVA01355,永福里,臺北市士林區仰德大道二段131巷5-1號,"25.109373,121.545644",1,"69 ",
公寓,WVA01356,永福里,臺北市士林區仰德大道二段70巷12號,"25.105754,121.545769",1,"173 ",
公寓,WVA01357,永福里,臺北市士林區仰德大道二段70巷3號,"25.105954,121.545593",1,"136 ",
公寓,WVA03249,永福里,臺北市士林區仰德大道二段70巷51號,"25.105695,121.54824",1,"80 ",
陽明教養院,WVA02351,永福里,臺北市士林區莊頂路2號,"25.110768,121.54948",1,"696 ",
陽明教養院,WVA03181,永福里,臺北市士林區莊頂路2號,"25.110768,121.54948",1,"15 ",
永明寺,WVA02915,永福里,臺北市士林區仰德大道二段100巷20號,"25.107392,121.547732",1,"481 ",
基督復臨安息日會,WVA02352,永福里,臺北市士林區莊頂路80巷64號,"25.109313,121.553265",1,"172 ",
公寓,WVA01443,名山里,臺北市士林區至誠路二段305巷2弄35號,"25.101089,121.527524",1,"313 ",
公寓,WVA01452,名山里,臺北市士林區至誠路二段21巷1號,"25.101879,121.530023",1,"1597 ",
公寓,WVA02119,名山里,臺北市士林區至誠路二段23號,"25.101996,121.529754",1,"1576 ",
公寓,WVA02120,名山里,臺北市士林區雨聲街8巷13號,"25.101711,121.53012",1,"273 ",
公寓,WVA02121,名山里,臺北市士林區雨聲街8巷2號,"25.101295,121.529585",1,"205 ",
大樓,WVA02775,名山里,臺北市士林區雙溪街16號,"25.101019,121.530846",1,"826 ",
大樓,WVA02873,名山里,臺北市士林區至誠路一段303-2號,"25.101562,121.531176",2,"373 ",
公寓,WVA02906,名山里,臺北市士林區至誠路二段21巷8號,"25.101365,121.530079",1,"198 ",
大樓,WVA00585,名山里,臺北市士林區中山北路六段2巷50號,"25.103542,121.528289",1,"1077 ",
公寓,WVA02118,名山里,臺北市士林區雨聲街65巷6號,"25.103234,121.528244",1,"245 ",
公寓,WVA01620,名山里,臺北市士林區忠誠路一段101號,"25.104863,121.528513",1,"546 ",
大樓,WVA01622,名山里,臺北市士林區忠誠路一段109號,"25.105048,121.528711",2,"1514 ",
大樓,WVA01623,名山里,臺北市士林區忠誠路一段119號,"25.105269,121.528985",1,"342 ",
大樓,WVA01633,名山里,臺北市士林區忠誠路一段93號,"25.104711,121.528268",1,"1592 ",
大樓,WVA01634,名山里,臺北市士林區忠誠路一段97號,"25.104744,121.528384",2,"565 ",
大樓,WVA01447,名山里,臺北市士林區至誠路二段121號,"25.10103,121.527116",1,"278 ",
公寓,WVA01451,名山里,臺北市士林區至誠路二段93號,"25.101236,121.527857",1,"440 ",
公寓,WVA02101,名山里,臺北市士林區雨聲街15巷1號,"25.101102,121.529203",1,"245 ",
公寓,WVA02102,名山里,臺北市士林區至誠路二段35號,"25.101626,121.529014",1,"2520 ",
公寓,WVA02103,名山里,臺北市士林區雨聲街15巷9號,"25.100921,121.52873",1,"62 ",
公寓,WVA02122,名山里,臺北市士林區雨聲街9巷3號,"25.100801,121.529197",2,"502 ",
公寓,WVA02776,名山里,臺北市士林區雙溪街66號,"25.100802,121.528979",1,"137 ",
公寓,WVA00357,名山里,臺北市士林區中山北路六段20號,"25.104019,121.526745",1,"594 ",
公寓,WVA02117,名山里,臺北市士林區雨聲街65巷42號,"25.102813,121.52737",1,"109 ",
公寓,WVA03137,名山里,臺北市士林區雨聲街65巷60號,"25.102613,121.52706",1,"204 ",
大樓,WVA02845,名山里,臺北市士林區中山北路六段10號,"25.103258,121.526613",2,"1237 ",
公寓,WVA00581,名山里,臺北市士林區中山北路六段2巷25號,"25.103348,121.527092",1,"1616 ",
公寓,WVA00582,名山里,臺北市士林區中山北路六段2巷33號,"25.103482,121.527557",1,"529 ",
公寓,WVA00583,名山里,臺北市士林區中山北路六段2巷43號,"25.103615,121.527975",1,"549 ",
公寓,WVA00584,名山里,臺北市士林區中山北路六段2巷46號,"25.103434,121.528041",2,"684 ",
公寓,WVA00586,名山里,臺北市士林區中山北路六段2巷51號,"25.103724,121.528272",1,"218 ",
公寓,WVA00587,名山里,臺北市士林區中山北路六段2巷41弄1號,"25.103752,121.527745",1,"468 ",
大樓,WVA02106,名山里,臺北市士林區雨聲街53巷2號,"25.102661,121.528526",1,"1080 ",
公寓,WVA02108,名山里,臺北市士林區雨聲街59巷10號,"25.102889,121.528277",1,"588 ",
大樓,WVA02110,名山里,臺北市士林區雨聲街59巷2號,"25.102929,121.528381",1,"569 ",
公寓,WVA02123,名山里,臺北市士林區雨聲街57號,"25.102889,121.528485",1,"65 ",
大樓,WVA02927,名山里,臺北市士林區中山北路六段2巷38號,"25.103134,121.527744",1,"274 ",
公寓,WVA02973,名山里,臺北市士林區中山北路六段6號,"25.102805,121.526595",1,"294 ",
大樓,WVA03038,名山里,臺北市士林區中山北路六段2巷28號,"25.103127,121.527116",1,"352 ",
大樓,WVA03082,名山里,臺北市士林區中山北路六段8-1號,"25.10302,121.526567",1,"384 ",
大樓,WVA00490,名山里,臺北市士林區中山北路五段838號,"25.101507,121.52654",1,"544 ",
公寓,WVA00492,名山里,臺北市士林區中山北路五段846號,"25.101811,121.526466",1,"353 ",
公寓,WVA00493,名山里,臺北市士林區中山北路五段852號,"25.102065,121.52649",1,"586 ",
公寓,WVA00514,名山里,臺北市士林區中山北路五段850巷1號,"25.102072,121.526655",1,"294 ",
公寓,WVA00515,名山里,臺北市士林區中山北路五段850巷2號,"25.101893,121.526692",1,"181 ",
公寓,WVA00516,名山里,臺北市士林區中山北路五段850巷20號,"25.101973,121.526912",1,"413 ",
公寓,WVA00520,名山里,臺北市士林區中山北路五段850巷6號,"25.101939,121.52685",1,"188 ",
公寓,WVA02109,名山里,臺北市士林區雨聲街59巷19號,"25.102706,121.527935",1,"182 ",
公寓,WVA02111,名山里,臺北市士林區雨聲街59巷22號,"25.10281,121.527851",1,"256 ",
公寓,WVA02112,名山里,臺北市士林區雨聲街59巷25號,"25.102467,121.527663",1,"200 ",
公寓,WVA02113,名山里,臺北市士林區雨聲街59巷30號,"25.102481,121.527473",1,"126 ",
大樓,WVA03083,名山里,臺北市士林區中山北路五段860巷6號,"25.10224,121.526775",1,"770 ",
大樓,WVA02862,名山里,臺北市士林區中山北路六段2巷40號,"25.103207,121.52788",1,"692 ",
公寓,WVA02920,名山里,臺北市士林區中山北路六段8號,"25.102903,121.526582",1,"265 ",
大樓,WVA01627,名山里,臺北市士林區忠誠路一段27號,"25.104153,121.527081",1,"5293 ",
大樓,WVA01629,名山里,臺北市士林區忠誠路一段35號,"25.104306,121.527469",1,"633 ",
大樓,WVA02095,名山里,臺北市士林區雨聲街48號,"25.10267,121.528921",1,"241 ",
公寓,WVA02097,名山里,臺北市士林區雨聲街66號,"25.103396,121.528724",1,"76 ",
公寓,WVA02098,名山里,臺北市士林區雨聲街71號,"25.103809,121.528505",1,"945 ",
公寓,WVA02099,名山里,臺北市士林區雨聲街87號,"25.104296,121.52907",1,"484 ",
大樓,WVA02100,名山里,臺北市士林區雨聲街89號,"25.104417,121.529079",2,"1542 ",
大樓,WVA02104,名山里,臺北市士林區雨聲街50巷1號,"25.102841,121.528978",1,"618 ",
公寓,WVA02105,名山里,臺北市士林區雨聲街50巷8號,"25.102812,121.529151",1,"76 ",
大樓,WVA02107,名山里,臺北市士林區雨聲街58巷1號,"25.103172,121.52893",1,"993 ",
雨農國小,WVA01456,名山里,臺北市士林區忠義街1號,"25.105291,121.529931",1,"476 ",
雨農國小,WVA01457,名山里,臺北市士林區忠義街1號,"25.105291,121.529931",1,"824 ",
雨農國小,WVA01458,名山里,臺北市士林區忠義街1號,"25.105291,121.529931",1,"494 ",
