行政區,電腦編號,村里別,地址,緯經度,地下樓層數,可容納人數,轄管分局,備註
文山區,WQA00343,景仁里,臺北市文山區景福街23號,"24.999095,121.538392",1,"161 ",文山第二分局,
文山區,WQA00346,景仁里,臺北市文山區景福街29號,"24.998902,121.537857",1,"168 ",文山第二分局,
文山區,WQA00358,景仁里,臺北市文山區景福街21巷5號,"24.998691,121.538844",1,"481 ",文山第二分局,
文山區,WQA00364,景仁里,臺北市文山區景福街3巷13號,"24.999029,121.53952",1,"181 ",文山第二分局,
文山區,WQA00365,景仁里,臺北市文山區景福街3巷17號,"24.998874,121.539593",1,"181 ",文山第二分局,
文山區,WQA00366,景仁里,臺北市文山區景福街3巷2號,"24.99913,121.539351",1,"260 ",文山第二分局,
文山區,WQA00367,景仁里,臺北市文山區景福街3巷21號,"24.998692,121.539661",1,"258 ",文山第二分局,
文山區,WQA00368,景仁里,臺北市文山區景福街3巷29號,"24.998365,121.539783",1,"102 ",文山第二分局,
文山區,WQA01077,景仁里,臺北市文山區羅斯福路六段36號,"24.999534,121.539739",1,"481 ",文山第二分局,
文山區,WQA01100,景仁里,臺北市文山區羅斯福路六段92巷2號,"24.998189,121.539908",1,"144 ",文山第二分局,
文山區,WQA01132,景仁里,臺北市文山區景福街33號,"24.998631,121.537676",1,"913 ",文山第二分局,
文山區,WQA01308,景仁里,臺北市文山區羅斯福路六段68號,"24.998638,121.540102",1,"669 ",文山第二分局,
文山區,WQA00320,景仁里,"臺北市文山區景福街113號 ","24.996981,121.536401",1,"184 ",文山第二分局,
文山區,WQA00484,景仁里,臺北市文山區溪口街48號,"24.995249,121.539429",1,"20 ",文山第二分局,
文山區,WQA00485,景仁里,臺北市文山區溪口街52號,"24.995269,121.539392",1,"66 ",文山第二分局,
文山區,WQA00487,景仁里,臺北市文山區溪口街64號,"24.995415,121.539106",1,"38 ",文山第二分局,
文山區,WQA00506,景仁里,臺北市文山區溪口街28巷2號,"24.99499,121.540171",1,"1236 ",文山第二分局,
文山區,WQA00507,景仁里,臺北市文山區溪口街36巷3號,"24.995431,121.539896",1,"56 ",文山第二分局,
文山區,WQA00508,景仁里,臺北市文山區溪口街36巷7號,"24.995536,121.539992",1,"149 ",文山第二分局,
文山區,WQA01083,景仁里,臺北市文山區羅斯福路六段142巷11號,"24.997277,121.53843",1,"2669 ",文山第二分局,
文山區,WQA01084,景仁里,臺北市文山區羅斯福路六段142巷13號,"24.997502,121.537553",1,"2358 ",文山第二分局,
文山區,WQA01085,景仁里,臺北市文山區羅斯福路六段142巷13號,"24.997502,121.537553",1,"2329 ",文山第二分局,
文山區,WQA01089,景仁里,臺北市文山區羅斯福路六段150巷1號,"24.995342,121.540867",1,"56 ",文山第二分局,
文山區,WQA01144,景仁里,臺北市文山區羅斯福路六段150巷22號,"24.995667,121.540533",1,"413 ",文山第二分局,
文山區,WQA01229,景仁里,臺北市文山區溪口街76號,"24.995728,121.538723",1,"245 ",文山第二分局,
文山區,WQA01243,景仁里,臺北市文山區羅斯福路六段166巷8弄2號,"24.995153,121.540634",1,"1009 ",文山第二分局,
文山區,WQA01280,景仁里,臺北市文山區羅斯福路六段166巷10號,"24.994989,121.540413",1,"264 ",文山第二分局,
文山區,WQA01319,景仁里,臺北市文山區羅斯福路六段142巷5號,"24.997128,121.538696",1,"13949 ",文山第二分局,
文山區,WQA01299,景仁里,臺北市文山區羅斯福路六段148號,"24.995473,121.540927",1,"568 ",文山第二分局,
文山區,WQA01325,景仁里,臺北市文山區羅斯福路六段150巷23號,"24.995539,121.540352",1,"1020 ",文山第二分局,
文山區,WQA01320,景仁里,臺北市文山區羅斯福路六段146-1號,"24.995701,121.540953",1,"2153 ",文山第二分局,
文山區,WQA01321,景仁里,"臺北市文山區羅斯福路六段142巷1號       ","24.996198,121.540057",1,"6946 ",文山第二分局,
文山區,WQA00193,景仁里,臺北市文山區景仁街20巷14號,"24.997855,121.540017",1,"177 ",文山第二分局,
文山區,WQA00194,景仁里,臺北市文山區景仁街20巷8號,"24.997464,121.540145",1,"76 ",文山第二分局,
文山區,WQA01055,景仁里,臺北市文山區羅斯福路六段100號,"24.997921,121.540392",1,"160 ",文山第二分局,
文山區,WQA01056,景仁里,臺北市文山區羅斯福路六段104號,"24.997776,121.540454",1,"644 ",文山第二分局,
文山區,WQA01057,景仁里,臺北市文山區羅斯福路六段122號,"24.997363,121.540615",1,"110 ",文山第二分局,
文山區,WQA01058,景仁里,臺北市文山區羅斯福路六段124號,"24.997319,121.540629",1,"162 ",文山第二分局,
文山區,WQA01059,景仁里,臺北市文山區羅斯福路六段130號,"24.997116,121.540527",2,"1400 ",文山第二分局,
文山區,WQA01060,景仁里,臺北市文山區羅斯福路六段136號,"24.996659,121.540823",4,"1525 ",文山第二分局,
文山區,WQA01061,景仁里,臺北市文山區羅斯福路六段136號,"24.996659,121.540823",2,"2745 ",文山第二分局,
文山區,WQA01086,景仁里,臺北市文山區羅斯福路六段142巷20弄1號,"24.997758,121.539227",1,"5002 ",文山第二分局,
文山區,WQA01087,景仁里,臺北市文山區羅斯福路六段142巷20弄1號,"24.997758,121.539227",2,"5002 ",文山第二分局,
文山區,WQA01088,景仁里,臺北市文山區羅斯福路六段142巷20弄2-1號,"24.996898,121.539888",1,"1861 ",文山第二分局,
文山區,WQA01090,景仁里,臺北市文山區羅斯福路六段92巷1號,"24.998144,121.540105",1,"410 ",文山第二分局,
文山區,WQA01110,景仁里,臺北市文山區羅斯福路六段142巷22號 ,"24.996832,121.539581",1,"1462 ",文山第二分局,
文山區,WQA01327,景仁里,臺北市文山區溪口街68號,"24.995515,121.538961",3,"1413 ",文山第二分局,
文山區,WQA01333,景仁里,臺北市文山區羅斯福路六段142巷88號,"24.99771,121.537896",1、2、3,"730 ",文山第二分局,
文山區,WQA00191,景行里,臺北市文山區景中街30巷12號,"24.992249,121.542047",1,"4873 ",文山第二分局,
文山區,WQA00208,景行里,臺北市文山區景文街41號,"24.992068,121.541437",1,"306 ",文山第二分局,
文山區,WQA00216,景行里,臺北市文山區景文街99號,"24.99088,121.541332",1,"333 ",文山第二分局,
文山區,WQA00235,景行里,臺北市文山區景後街158號,"24.990959,121.542295",2,"828 ",文山第二分局,
文山區,WQA00236,景行里,臺北市文山區景後街168號,"24.990717,121.542246",1,"310 ",文山第二分局,
文山區,WQA00246,景行里,臺北市文山區景美街109號,"24.99011,121.541394",1,"240 ",文山第二分局,
文山區,WQA00248,景行里,臺北市文山區景美街13號,"24.992372,121.541748",1,"182 ",文山第二分局,
文山區,WQA00259,景行里,臺北市文山區景美街61號,"24.991021,121.541856",1,"57 ",文山第二分局,
文山區,WQA00260,景行里,臺北市文山區景美街99號,"24.990279,121.541546",1,"720 ",文山第二分局,
文山區,WQA01154,景行里,臺北市文山區景美街120號,"24.989031,121.541594",1,"134 ",文山第二分局,
文山區,WQA01173,景行里,臺北市文山區景文街107號,"24.990675,121.541282",2,"289 ",文山第二分局,
文山區,WQA01242,景行里,臺北市文山區景美街43號,"24.991351,121.542192",1,"369 ",文山第二分局,
文山區,WQA01340,景行里,臺北市文山區景後街99號,"24.99146,121.542694",1,"573 ",文山第二分局,
文山區,WQA00201,景行里,臺北市文山區景文街153號,"24.989432,121.540999",1,"28 ",文山第二分局,
文山區,WQA00202,景行里,臺北市文山區景文街171號,"24.989056,121.540976",1,"102 ",文山第二分局,
文山區,WQA00203,景行里,臺北市區景文街173號,"24.989065,121.541283",1,"25 ",文山第二分局,
文山區,WQA00204,景行里,臺北市文山區景文街179號,"24.988764,121.540961",1,"402 ",文山第二分局,
文山區,WQA00205,景行里,臺北市文山區景文街189號,"24.988612,121.540989",1,"617 ",文山第二分局,
文山區,WQA00217,景行里,臺北市文山區景文街163巷5號,"24.989059,121.541171",1,"81 ",文山第二分局,
文山區,WQA00249,景行里,臺北市文山區景美街132號,"24.988707,121.541709",1,"54 ",文山第二分局,
文山區,WQA00250,景行里,臺北市文山區景美街136號,"24.988621,121.541754",1,"84 ",文山第二分局,
文山區,WQA00252,景行里,臺北市文山區景美街143號,"24.989471,121.541524",1,"405 ",文山第二分局,
文山區,WQA00253,景行里,臺北市文山區景美街153號,"24.98928,121.541605",1,"688 ",文山第二分局,
文山區,WQA00254,景行里,臺北市文山區景美街156號,"24.988413,121.541452",1,"78 ",文山第二分局,
文山區,WQA00255,景行里,臺北市文山區景美街181號,"24.988859,121.541784",1,"96 ",文山第二分局,
文山區,WQA00257,景行里,臺北市文山區景美街199號,"24.988475,121.541914",1,"176 ",文山第二分局,
文山區,WQA00388,景行里,臺北市文山區景興路288-290號,"24.989274,121.542173",1,"106 ",文山第二分局,
文山區,WQA01214,景行里,臺北市文山區景興路282巷1號,"24.989576,121.542057",1,"1686 ",文山第二分局,
文山區,WQA01231,景行里,臺北市文山區景興路282巷9號,"24.989725,121.541632",1,"632 ",文山第二分局,
文山區,WQA01303,景行里,臺北市文山區景興路318號,"24.988424,121.542055",1,"152 ",文山第二分局,
文山區,WQA00099,景行里,臺北市文山區車前路12號,"24.991471,121.540914",1,"405 ",文山第二分局,
文山區,WQA00100,景行里,臺北市文山區車前路8號,"24.99142,121.541077",1,"180 ",文山第二分局,
文山區,WQA00209,景行里,臺北市文山區景文街42號,"24.991716,121.54123",1,"1292 ",文山第二分局,
文山區,WQA00210,景行里,臺北市文山區景文街44號,"24.991624,121.541229",1,"221 ",文山第二分局,
文山區,WQA00212,景行里,臺北市文山區景文街60號,"24.990914,121.54113",1,"53 ",文山第二分局,
文山區,WQA00234,景行里,臺北市文山區景後街124號,"24.991793,121.542432",2,"262 ",文山第二分局,
文山區,WQA00237,景行里,臺北市文山區景後街95號,"24.991914,121.543037",2,"1252 ",文山第二分局,
文山區,WQA00238,景行里,臺北市文山區景後街95號,"24.991914,121.543037",3,"1149 ",文山第二分局,
文山區,WQA01079,景行里,臺北市文山區羅斯福路六段403號,"24.991821,121.540634",2,"1292 ",文山第二分局,
文山區,WQA01118,景行里,臺北市文山區景文街92號,"24.990382,121.540915",1,"750 ",文山第二分局,
文山區,WQA01123,景行里,臺北市文山區景後街97號,"24.991584,121.542685",1,"312 ",文山第二分局,
文山區,WQA01160,景行里,臺北市文山區車前路2號,"24.991221,121.54118",2,"382 ",文山第二分局,
文山區,WQA01185,景行里,臺北市文山區景文街32號,"24.99209,121.541178",3,"748 ",文山第二分局,
文山區,WQA01215,景行里,臺北市文山區羅斯福路六段457號,"24.990084,121.53992",1,"1629 ",文山第二分局,
文山區,WQA01238,景行里,臺北市文山區羅斯福路六段405號,"24.99173,121.540605",1,"1081 ",文山第二分局,
文山區,WQA01278,景行里,臺北市文山區羅斯福路六段431號,"24.990873,121.54021",1,"293 ",文山第二分局,
文山區,WQA01291,景行里,臺北市文山區景文街106號,"24.990037,121.54091",1,"1646 ",文山第二分局,
文山區,WQA01307,景行里,臺北市文山區車前路11號,"24.991282,121.540862",1,"4656 ",文山第二分局,
文山區,WQA01314,景行里,臺北市文山區景文街88號,"24.990459,121.541011",2,"100 ",文山第二分局,
文山區,WQA00190,景行里,臺北市文山區景中街36號,"24.992609,121.543564",1,"3273 ",文山第二分局,
文山區,WQA00241,景行里,臺北市文山區景興路238巷1號,"24.990621,121.542906",1,"253 ",文山第二分局,
文山區,WQA00245,景行里,臺北市文山區景後街149巷3號,"24.990209,121.542272",1,"82 ",文山第二分局,
文山區,WQA00383,景行里,臺北市文山區景興路210號,"24.991527,121.543564",1,"682 ",文山第二分局,
文山區,WQA00385,景行里,臺北市文山區景興路218號,"24.991322,121.543491",1,"316 ",文山第二分局,
文山區,WQA00387,景行里,臺北市文山區景興路272號,"24.989778,121.542511",3,"1253 ",文山第二分局,
文山區,WQA00437,景行里,臺北市文山區景興路202巷8號,"24.991924,121.543355",1,"708 ",文山第二分局,
文山區,WQA01136,景行里,臺北市文山區景興路238弄7號,"24.998265,121.544766",1,"69 ",文山第二分局,
文山區,WQA01148,景行里,臺北市文山區景興路222號,"24.991099,121.543282",2,"1685 ",文山第二分局,
文山區,WQA01165,景行里,臺北市文山區景後街151號,"24.990001,121.541916",3,"4524 ",文山第二分局,
文山區,WQA01170,景行里,臺北市文山區景興路258號,"24.990167,121.542748",1,"864 ",文山第二分局,
文山區,WQA01204,景行里,臺北市文山區景後街145號,"24.990316,121.542181",1,"446 ",文山第二分局,
文山區,WQA01252,景行里,臺北市文山區景興路262號,"24.989999,121.542635",1,"544 ",文山第二分局,
文山區,WQA01332,景行里,臺北市文山區景後街130號,"24.991484,121.542435",1,"1220 ",文山第二分局,
文山區,WQA01332,景行里,臺北市文山區景後街130號,"24.991484,121.542435",2,"2216 ",文山第二分局,
文山區,WQA01332,景行里,臺北市文山區景後街130號,"24.991484,121.542435",3,"1696 ",文山第二分局,
文山區,WQA01337,景行里,臺北市文山區景興路300號,"24.989149,121.541861",1,"1329 ",文山第二分局,
文山區,WQA00200,景行里,臺北市文山區景文街108號,"24.989491,121.54079",1,"1064 ",文山第二分局,
文山區,WQA01314,景行里,臺北市文山區景文街108號,"24.989491,121.54079",1,"338 ",文山第二分局,
文山區,WQA00206,景行里,臺北市文山區景文街30號,"24.992289,121.541194",1,"14 ",文山第二分局,
文山區,WQA01253,景行里,臺北市文山區景文街142巷2號,"24.988516,121.540302",1,"10822 ",文山第二分局,
文山區,WQA01188,景行里,臺北市文山區景中街2號,"24.992763,121.541098",1,"1197 ",文山第二分局,
文山區,WQA00289,景東里,臺北市文山區景華街82巷7弄13號,"24.994813,121.54588",1,"78 ",文山第二分局,
文山區,WQA00376,景東里,臺北市文山區景興路155號,"24.993679,121.544721",1,"162 ",文山第二分局,
文山區,WQA00378,景東里,臺北市文山區景興路167號,"24.993214,121.5446",1,"513 ",文山第二分局,
文山區,WQA00381,景東里,臺北市文山區景興路191號,"24.992286,121.54422",1,"2861 ",文山第二分局,
文山區,WQA00384,景東里,臺北市文山區景興路217號,"24.991605,121.543854",2,"342 ",文山第二分局,
文山區,WQA00386,景東里,臺北市文山區景興路225號,"24.991402,121.543846",3,"1288 ",文山第二分局,
文山區,WQA00433,景東里,臺北市文山區景興路177巷2號,"24.992733,121.544597",1,"194 ",文山第二分局,
文山區,WQA01184,景東里,臺北市文山區景興路203號,"24.991796,121.543943",1,"432 ",文山第二分局,
文山區,WQA00262,景東里,臺北市文山區景華街102號,"24.995225,121.546143",1,"50 ",文山第二分局,
文山區,WQA00268,景東里,臺北市文山區景華街90號,"24.995125,121.545716",1,"261 ",文山第二分局,
文山區,WQA00288,景東里,臺北市文山區景華街82巷7弄10號,"24.994641,121.545739",1,"130 ",文山第二分局,
文山區,WQA00373,景東里,臺北市文山區景興路121號,"24.994655,121.54481",1,"161 ",文山第二分局,
文山區,WQA00408,景東里,臺北市文山區景興路84號,"24.996064,121.54483",1,"368 ",文山第二分局,
文山區,WQA00409,景東里,臺北市文山區景華街68號,"24.995089,121.545016",1,"672 ",文山第二分局,
文山區,WQA00410,景東里,臺北市文山區景華街96號,"24.995214,121.54589",1,"73 ",文山第二分局,
文山區,WQA00413,景東里,臺北市文山區景華街82巷5號,"24.994983,121.545361",1,"152 ",文山第二分局,
文山區,WQA00414,景東里,臺北市文山區景華街82巷7弄15號,"24.99483,121.545996",1,"62 ",文山第二分局,
文山區,WQA00415,景東里,臺北市文山區景華街82巷7弄2號,"24.9946,121.545461",1,"304 ",文山第二分局,
文山區,WQA00416,景東里,臺北市文山區景華街82巷7弄14號,"24.994662,121.545883",1,"188 ",文山第二分局,
文山區,WQA00420,景東里,臺北市文山區景興路127巷2號,"24.994444,121.544995",1,"217 ",文山第二分局,
文山區,WQA00421,景東里,臺北市文山區景興路127巷5號,"24.99454,121.545188",1,"90 ",文山第二分局,
文山區,WQA00422,景東里,臺北市文山區景興路127巷6號,"24.994439,121.545141",1,"240 ",文山第二分局,
文山區,WQA00277,景東里,臺北市文山區景華街128巷12號,"24.994923,121.547695",1,"1033 ",文山第二分局,
文山區,WQA00278,景東里,臺北市文山區景華街128巷17號,"24.995276,121.54807",1,"845 ",文山第二分局,
文山區,WQA00279,景東里,臺北市文山區景華街128巷34號,"24.994626,121.547284",1,"1060 ",文山第二分局,
文山區,WQA00280,景東里,臺北市文山區景華街128巷62號,"24.994327,121.547127",1,"665 ",文山第二分局,
文山區,WQA00281,景東里,臺北市文山區景華街128巷2弄11號,"24.994997,121.546938",1,"145 ",文山第二分局,
文山區,WQA00282,景東里,臺北市文山區景華街128巷2弄9號,"24.995113,121.547028",1,"192 ",文山第二分局,
文山區,WQA00418,景東里,臺北市文山區景華街128巷2弄1號,"24.995335,121.54734",1,"364 ",文山第二分局,
文山區,WQA01306,景東里,臺北市文山區景華街128巷2弄7號,"24.994935,121.547259",2,"466 ",文山第二分局,
文山區,WQA00374,景東里,臺北市文山區景興路143號,"24.994116,121.544792",1,"237 ",文山第二分局,
文山區,WQA00375,景東里,臺北市文山區景興路149號,"24.993939,121.544769",1,"229 ",文山第二分局,
文山區,WQA00423,景東里,臺北市文山區景興路137巷13號,"24.994367,121.545643",1,"585 ",文山第二分局,
文山區,WQA00424,景東里,臺北市文山區景興路137巷13號,"24.994367,121.545643",2,"1697 ",文山第二分局,
文山區,WQA00425,景東里,臺北市文山區景興路153巷1號,"24.993895,121.544999",1,"116 ",文山第二分局,
文山區,WQA00426,景東里,臺北市文山區景興路153巷2號,"24.993689,121.54497",1,"333 ",文山第二分局,
文山區,WQA00429,景東里,臺北市文山區景興路153巷7號,"24.993832,121.545194",1,"77 ",文山第二分局,
文山區,WQA00430,景東里,臺北市文山區景興路153巷14弄1號,"24.99313,121.545323",1,"774 ",文山第二分局,
文山區,WQA00431,景東里,臺北市文山區景興路153巷14弄16號,"24.992905,121.545807",1,"269 ",文山第二分局,
文山區,WQA00432,景東里,臺北市文山區景興路177巷16號,"24.992591,121.545264",2,"1390 ",文山第二分局,
文山區,WQA00443,景東里,臺北市文山區景興路177巷1弄18號,"24.993102,121.545159",1,"113 ",文山第二分局,
文山區,WQA00435,景東里,臺北市文山區景興路177巷1弄2號,"24.992999,121.544714",1,"112 ",文山第二分局,
文山區,WQA00436,景東里,臺北市文山區景興路177巷1弄6號,"24.993082,121.54479",1,"193 ",文山第二分局,
文山區,WQA01147,景東里,臺北市文山區景興路137巷8號,"24.994138,121.545205",1,"737 ",文山第二分局,
文山區,WQA01286,景東里,臺北市文山區景興路177巷11號,"24.992771,121.545068",1,"422 ",文山第二分局,
文山區,WQA00264,景東里,臺北市文山區景華街130號,"24.995785,121.547116",1,"296 ",文山第二分局,
文山區,WQA00265,景東里,臺北市文山區景華街138號,"24.995965,121.547335",1,"138 ",文山第二分局,
文山區,WQA00271,景東里,臺北市文山區景華街104巷2號,"24.995135,121.546175",1,"206 ",文山第二分局,
文山區,WQA00272,景東里,臺北市文山區景華街104巷5號,"24.995094,121.546325",1,"77 ",文山第二分局,
文山區,WQA00283,景東里,臺北市文山區景華街128巷3弄1-1號,"24.995567,121.547313",1,"66 ",文山第二分局,
文山區,WQA00284,景東里,臺北市文山區景華街128巷3弄20號,"24.995698,121.547788",1,"196 ",文山第二分局,
文山區,WQA00285,景東里,臺北市文山區景華街128巷3弄9號,"24.995885,121.547625",1,"396 ",文山第二分局,
文山區,WQA00371,景東里,臺北市文山區景興街153巷15號,"24.994004,121.545575",2,"1230 ",文山第二分局,
文山區,WQA00411,景東里,臺北市文山區景華街106號,"24.995315,121.546233",1,"382 ",文山第二分局,
文山區,WQA00417,景東里,臺北市文山區景華街128巷3弄6號,"24.995505,121.547528",1,"382 ",文山第二分局,
文山區,WQA00418,景東里,臺北市文山區景華街128巷3弄1號,"24.995618,121.54738",1,"188 ",文山第二分局,
文山區,WQA00427,景東里,臺北市文山區景興路153巷31號,"24.99359,121.546206",1,"225 ",文山第二分局,
文山區,WQA00428,景東里,臺北市文山區景興路153巷45號,"24.993825,121.546288",1,"140 ",文山第二分局,
文山區,WQA00797,景東里,臺北市文山區景華街128巷3弄8號,"24.995591,121.547667",1,"194 ",文山第二分局,
文山區,WQA00792,景東里,臺北市文山區景華街148號,"24.996282,121.547566",1,"190 ",文山第二分局,
文山區,WQA01129,景東里,臺北市文山區景華街128巷2弄10號,"24.995201,121.546815",1,"766 ",文山第二分局,
文山區,WQA01131,景東里,臺北市文山區景興路153巷25號,"24.99369,121.546019",1,"818 ",文山第二分局,
文山區,WQA01174,景東里,臺北市文山區景華街122號,"24.99558,121.546786",3,"1753 ",文山第二分局,
文山區,WQA00073,景美里,臺北市文山區育英街4-1號,"24.990805,121.53923",1,"93 ",文山第二分局,
文山區,WQA00076,景美里,臺北市文山區育英街73號,"24.992488,121.538794",1,"332 ",文山第二分局,
文山區,WQA00077,景美里,臺北市文山區育英街17巷1號,"24.990613,121.538949",1,"218 ",文山第二分局,
文山區,WQA00078,景美里,臺北市文山區育英街17巷12號,"24.990628,121.538307",1,"34 ",文山第二分局,
文山區,WQA00079,景美里,臺北市文山區里育英街17巷13-1號,"24.992454,121.53811",1,"68 ",文山第二分局,
文山區,WQA00080,景美里,臺北市文山區育英街17巷16號,"24.990272,121.538252",1,"100 ",文山第二分局,
文山區,WQA00081,景美里,臺北市文山區育英街17巷18號,"24.990203,121.538152",1,"49 ",文山第二分局,
文山區,WQA00084,景美里,臺北市文山區育英街17巷5弄10-1號,"24.99002,121.53876",1,"86 ",文山第二分局,
文山區,WQA00085,景美里,臺北市文山區育英街17巷5弄10-5號,"24.990349,121.539091",1,"58 ",文山第二分局,
文山區,WQA0086,景美里,臺北市文山區育英街17巷5弄11號,"24.99015,121.539053",1,"238 ",文山第二分局,
文山區,WQA00087,景美里,臺北市文山區育英街17巷9弄15號,"24.989916,121.538673",1,"42 ",文山第二分局,
文山區,WQA01072,景美里,臺北市文山區羅斯福路六段282號,"24.994596,121.541619",1,"213 ",文山第二分局,
文山區,WQA01199,景美里,臺北市文山區羅斯福路六段376號,"24.988909,121.539268",1,"1510 ",文山第二分局,
文山區,WQA01220,景美里,臺北市文山區羅斯福路六段314號,"24.990209,121.539514",1,"1198 ",文山第二分局,
文山區,WQA01250,景美里,臺北市文山區育英街11號,"24.990593,121.539278",1,"620 ",文山第二分局,
文山區,WQA00074,景美里,臺北市文山區育英街59號,"24.992004,121.538557",1,"184 ",文山第二分局,
文山區,WQA00075,景美里,臺北市文山區育英街63號,"24.99219,121.538677",1,"85 ",文山第二分局,
文山區,WQA00098,景美里,臺北市文山區育英街65巷8號,"24.992366,121.538908",1,"34 ",文山第二分局,
文山區,WQA00618,景美里,臺北市文山區萬慶街15號,"24.992318,121.539824",1,"28 ",文山第二分局,
文山區,WQA00620,景美里,臺北市文山區萬慶街25號,"24.992543,121.539568",1,"89 ",文山第二分局,
文山區,WQA00621,景美里,臺北市文山區萬慶街25-1號,"24.992711,121.539343",1,"29 ",文山第二分局,
文山區,WQA00622,景美里,臺北市文山區萬慶街29號,"24.99275,121.53926",1,"312 ",文山第二分局,
文山區,WQA00633,景美里,臺北市文山區萬慶街13巷2號,"24.992149,121.539771",1,"54 ",文山第二分局,
文山區,WQA00634,景美里,臺北市文山區萬慶街13巷22號,"24.991675,121.539627",1,"132 ",文山第二分局,
文山區,WQA00635,景美里,臺北市文山區萬慶街23巷1號,"24.992307,121.539725",1,"92 ",文山第二分局,
文山區,WQA00636,景美里,臺北市文山區萬慶街23巷13號,"24.991958,121.539278",1,"501 ",文山第二分局,
文山區,WQA00637,景美里,臺北市文山區萬慶街23巷9號,"24.991871,121.539627",1,"29 ",文山第二分局,
文山區,WQA01069,景美里,臺北市文山區羅斯福路六段252號,"24.992058,121.540097",1,"80 ",文山第二分局,
文山區,WQA01070,景美里,臺北市文山區羅斯福路六段256號,"24.991869,121.540184",1,"468 ",文山第二分局,
文山區,WQA01076,景美里,臺北市文山區羅斯福路六段340號,"24.98965,121.539364",1,"346 ",文山第二分局,
文山區,WQA00075,景美里,臺北市文山區育英街路63號,"24.99219,121.538677",1,"730 ",文山第二分局,
文山區,WQA01180,景美里,臺北市文山區萬慶街23巷17號,"24.991954,121.539434",1,"957 ",文山第二分局,
文山區,WQA01143,景美里,臺北市文山區育英街61號,"24.992239,121.538422",2,"705 ",文山第二分局,
文山區,WQA00090,景美里,臺北市文山區育英街31巷34弄2號,"24.9904,121.537685",1,"70 ",文山第二分局,
文山區,WQA00091,景美里,臺北市文山區育英街31巷34弄5號,"24.990338,121.53751",1,"214 ",文山第二分局,
文山區,WQA00092,景美里,臺北市文山區育英街45巷15號,"24.991028,121.537565",2,"1574 ",文山第二分局,
文山區,WQA00093,景美里,臺北市文山區育英街45巷6號,"24.991471,121.538129",1,"90 ",文山第二分局,
文山區,WQA00094,景美里,臺北市文山區育英街47巷1-1號,"24.991615,121.537968",1,"82 ",文山第二分局,
文山區,WQA00095,景美里,臺北市文山區育英街57巷1號,"24.99191,121.53831",1,"96 ",文山第二分局,
文山區,WQA00096,景美里,臺北市文山區育英街57巷5號,"24.992066,121.538211",1,"78 ",文山第二分局,
文山區,WQA01114,景美里,臺北市文山區育英街路33號,"24.991213,121.538484",1,"1685 ",文山第二分局,
文山區,WQA01155,景美里,臺北市文山區育英街45巷13號,"24.991057,121.537955",1,"238 ",文山第二分局,
文山區,WQA01191,景美里,臺北市文山區育英街45巷13-1號,"24.990904,121.537887",1,"294 ",文山第二分局,
文山區,WQA01221,景美里,臺北市文山區育英街55號,"24.991966,121.537996",3,"2152 ",文山第二分局,
文山區,WQA01270,景美里,臺北市文山區育英街45巷8號,"24.991344,121.537995",1,"852 ",文山第二分局,
文山區,WQA00069,景美里,臺北市文山區育英街16號,"24.991258,121.538718",1,"205 ",文山第二分局,
文山區,WQA00070,景美里,臺北市文山區育英街24號,"24.991477,121.538625",1,"64 ",文山第二分局,
文山區,WQA00071,景美里,臺北市文山區育英街25號,"24.990912,121.538818",1,"113 ",文山第二分局,
文山區,WQA00072,景美里,臺北市文山區育英街28號,"24.991534,121.53845",1,"102 ",文山第二分局,
文山區,WQA00082,景美里,臺北市文山區育英街17巷2-1號,"24.990741,121.538732",1,"86 ",文山第二分局,
文山區,WQA00083,景美里,臺北市文山區育英街17巷6號,"24.990507,121.538588",1,"66 ",文山第二分局,
文山區,WQA00088,景美里,臺北市文山區育英街2巷1弄12號,"24.991354,121.53898",1,"74 ",文山第二分局,
文山區,WQA00097,景美里,臺北市文山區育英街65巷15號,"24.99246,121.538527",1,"40 ",文山第二分局,
文山區,WQA00628,景美里,臺北市文山區萬慶街45號,"24.99334,121.538583",1,"1072 ",文山第二分局,
文山區,WQA01205,景美里,臺北市文山區萬慶街51巷11號,"24.992875,121.538231",1,"1096 ",文山第二分局,
文山區,WQA01341,景美里,臺北市文山區育英街79號,"24.992657,121.538814",1,"181 ",文山第二分局,
文山區,WQA01342,景美里,臺北市文山區育英街83號,"24.992837,121.538877",1,"136 ",文山第二分局,
文山區,WQA01071,景美里,臺北市文山區羅斯福路六段336號,"24.989781,121.539165",1,"382 ",文山第二分局,
文山區,WQA01073,景美里,臺北市文山區羅斯福路六段336號,"24.989781,121.539165",1,"306 ",文山第二分局,
文山區,WQA01074,景美里,臺北市文山區羅斯福路六段336號,"24.989781,121.539165",1,"884 ",文山第二分局,
文山區,WQA01075,景美里,臺北市文山區羅斯福路六段336號,"24.989781,121.539165",1,"578 ",文山第二分局,
文山區,WQA01112,景美里,臺北市文山區羅斯福路六段336號,"24.989781,121.539165",1,"1624 ",文山第二分局,
文山區,WQA01095,景美里,臺北市文山區羅斯福路六段276巷1號,"24.991354,121.539644",1,"54 ",文山第二分局,
文山區,WQA00267,景華里,臺北市文山區景華街7號,"24.995055,121.541738",1,"1914 ",文山第二分局,
文山區,WQA01161,景華里,臺北市文山區羅斯福路六段295號,"24.994301,121.541371",1,"494 ",文山第二分局,
文山區,WQA00261,景華里,臺北市文山區景美街3巷25號,"24.993677,121.541782",1,"440 ",文山第二分局,
文山區,WQA01179,景華里,"臺北市文山區景中街1號 ","24.993043,121.541484",1,"513 ",文山第二分局,
文山區,WQA01197,景華里,臺北市文山區景文街13-2號,"24.993252,121.541422",1,"1596 ",文山第二分局,
文山區,WQA01213,景華里,臺北市文山區景華街22巷6號,"24.994129,121.542086",3,"4421 ",文山第二分局,
文山區,WQA01269,景華里,臺北市文山區羅斯福路六段285號,"24.994571,121.541411",4,"960 ",文山第二分局,
文山區,WQA00379,景華里,臺北市文山區景興路168號,"24.993067,121.544239",1,"306 ",文山第二分局,
文山區,WQA00380,景華里,臺北市文山區景興路176號,"24.992948,121.544501",1,"1022 ",文山第二分局,
文山區,WQA00405,景華里,臺北市文山區景興路10巷1號,"24.997949,121.544355",1,"341 ",文山第二分局,
文山區,WQA00447,景華里,臺北市文山區景興路42巷4弄5號,"24.99744,121.543992",1,"341 ",文山第二分局,
文山區,WQA00448,景華里,臺北市文山區景興路42巷4弄5-8號,"24.99742,121.543261",1,"464 ",文山第二分局,
文山區,WQA00449,景華里,臺北市文山區景興路42巷4弄7號之3,"24.997555,121.543738",1,"182 ",文山第二分局,
文山區,WQA00450,景華里,臺北市文山區景興路42巷4弄7號,"24.997554,121.543975",1,"109 ",文山第二分局,
文山區,WQA01113,景華里,臺北市文山區景中街45號,"24.992757,121.544055",1,"234 ",文山第二分局,
文山區,WQA01225,景華里,臺北市文山區三福街76號,"24.997814,121.544088",1,"341 ",文山第二分局,
文山區,WQA01241,景華里,臺北市文山區景興路10巷2號,"24.998156,121.544076",1,"1385 ",文山第二分局,
文山區,WQA00372,景華里,臺北市文山區景興路12號,"24.997941,121.544548",1,"318 ",文山第二分局,
文山區,WQA00377,景華里,臺北市文山區景興路16號,"24.99782,121.544583",1,"88 ",文山第二分局,
文山區,WQA00382,景華里,臺北市文山區景興路2號,"24.998252,121.544476",1,"430 ",文山第二分局,
文山區,WQA00399,景華里,臺北市文山區景興路32號,"24.997319,121.544593",1,"78 ",文山第二分局,
文山區,WQA00400,景華里,臺北市文山區景興路40號,"24.997093,121.544587",1,"65 ",文山第二分局,
文山區,WQA00443,景華里,臺北市文山區景興路42巷2弄1號,"24.997069,121.544336",1,"245 ",文山第二分局,
文山區,WQA00445,景華里,臺北市文山區景興路42巷4弄1號1,"24.997132,121.544015",1,"266 ",文山第二分局,
文山區,WQA00446,景華里,臺北市文山區景興路42巷4弄1號之6,"24.997115,121.543491",1,"212 ",文山第二分局,
文山區,WQA00005,景華里,臺北市文山區景華里三福街26號,"24.996876,121.542289",1,"329 ",文山第二分局,
文山區,WQA00006,景華里,臺北市文山區三福街4巷1號,"24.996067,121.542173",1,"505 ",文山第二分局,
文山區,WQA00007,景華里,臺北市文山區三福街段4巷12號,"24.995899,121.542072",1,"200 ",文山第二分局,
文山區,WQA00008,景華里,臺北市文山區三福街4巷30號,"24.995896,121.542441",1,"129 ",文山第二分局,
文山區,WQA00009,景華里,臺北市文山區三福街4巷36號,"24.995889,121.542767",1,"77 ",文山第二分局,
文山區,WQA00286,景華里,臺北市文山區景華街13巷7號,"24.995577,121.541961",1,"280 ",文山第二分局,
文山區,WQA00444,景華里,臺北市文山區景興路42巷21弄2號,"24.997312,121.543133",1,"236 ",文山第二分局,
文山區,WQA00451,景華里,臺北市文山區景興路42巷8弄1號,"24.997123,121.542723",1,"254 ",文山第二分局,
文山區,WQA01140,景華里,臺北市文山區三福街4巷10號,"24.995884,121.541946",1,"190 ",文山第二分局,
文山區,WQA01267,景華里,臺北市文山區三福街12號,"24.996784,121.542188",1,"1100 ",文山第二分局,
文山區,WQA00266,景華里,臺北市文山區景華街17號,"24.995066,121.541974",1,"3333 ",文山第二分局,
文山區,WQA01162,景華里,臺北市文山區景華街42號之1,"24.994935,121.543308",1,"72 ",文山第二分局,
文山區,WQA00402,景華里,臺北市文山區景興路44號,"24.99709,121.544838",1,"2274 ",文山第二分局,
文山區,WQA00403,景華里,臺北市文山區景興路44號,"24.99709,121.544838",1,"1662 ",文山第二分局,
文山區,WQA00362,景慶里,臺北市文山區景福街230巷5號,"24.993414,121.539073",1,"413 ",文山第二分局,
文山區,WQA00616,景慶里,臺北市文山區萬慶街10號,"24.99236,121.540163",1,"34 ",文山第二分局,
文山區,WQA00617,景慶里,臺北市文山區萬慶街14號,"24.992415,121.54004",1,"86 ",文山第二分局,
文山區,WQA00619,景慶里,臺北市文山區萬慶街18號,"24.992546,121.539901",1,"685 ",文山第二分局,
文山區,WQA00623,景慶里,臺北市文山區萬慶街30號,"24.99293,121.539308",1,"61 ",文山第二分局,
文山區,WQA00624,景慶里,臺北市文山區萬慶街36號,"24.993175,121.538991",1,"64 ",文山第二分局,
文山區,WQA00625,景慶里,臺北市文山區萬慶街38-1號,"24.993393,121.538786",1,"66 ",文山第二分局,
文山區,WQA00626,景慶里,臺北市文山區萬慶街40號,"24.993434,121.538707",1,"70 ",文山第二分局,
文山區,WQA00627,景慶里,臺北市文山區萬慶街44號,"24.993511,121.538568",1,"72 ",文山第二分局,
文山區,WQA00629,景慶里,臺北市文山區萬慶街46-1號,"24.993607,121.5384",1,"49 ",文山第二分局,
文山區,WQA00630,景慶里,臺北市文山區萬慶街48號,"24.993644,121.538349",1,"57 ",文山第二分局,
文山區,WQA00631,景慶里,臺北市文山區萬慶街48-2號,"24.993805,121.538219",1,"57 ",文山第二分局,
文山區,WQA00632,景慶里,臺北市文山區萬慶街50號,"24.993898,121.538113",1,"54 ",文山第二分局,
文山區,WQA00638,景慶里,臺北市文山區萬慶街32巷1號,"24.99303,121.53917",1,"49 ",文山第二分局,
文山區,WQA00639,景慶里,臺北市文山區萬慶街32巷10號,"24.99332,121.539289",1,"93 ",文山第二分局,
文山區,WQA00640,景慶里,臺北市文山區萬慶街32巷3號,"24.993172,121.539151",1,"50 ",文山第二分局,
文山區,WQA00641,景慶里,臺北市文山區萬慶街32巷4號,"24.993198,121.539373",1,"249 ",文山第二分局,
文山區,WQA01067,景慶里,臺北市文山區羅斯福路六段204號,"24.993677,121.540826",1,"781 ",文山第二分局,
文山區,WQA01068,景慶里,臺北市文山區羅斯福路六段236號,"24.992341,121.540383",1,"48 ",文山第二分局,
文山區,WQA01094,景慶里,臺北市文山區羅斯福路六段232巷15號,"24.992972,121.539693",1,"84 ",文山第二分局,
文山區,WQA01157,景慶里,臺北市文山區羅斯福路六段216號,"24.993172,121.540704",4,"1589 ",文山第二分局,
文山區,WQA00321,景慶里,臺北市文山區景福街120號,"24.99668,121.536253",1,"53 ",文山第二分局,
文山區,WQA00322,景慶里,臺北市文山區景福街123號,"24.996724,121.536272",1,"169 ",文山第二分局,
文山區,WQA00323,景慶里,臺北市文山區景福街124號,"24.995864,121.535906",1,"109 ",文山第二分局,
文山區,WQA00324,景慶里,臺北市文山區里景福街133-1號,"24.996157,121.53608",1,"213 ",文山第二分局,
文山區,WQA00325,景慶里,臺北市文山區景福街134號,"24.995574,121.536178",1,"182 ",文山第二分局,
文山區,WQA00326,景慶里,臺北市文山區景福街137號,"24.995916,121.536081",1,"141 ",文山第二分局,
文山區,WQA00327,景慶里,臺北市文山區景福街141號,"24.995809,121.536216",1,"1056 ",文山第二分局,
文山區,WQA00328,景慶里,臺北市文山區景福街149號,"24.995636,121.536548",1,"392 ",文山第二分局,
文山區,WQA00337,景慶里,臺北市文山區景福街160號,"24.995003,121.536931",1,"829 ",文山第二分局,
文山區,WQA00352,景慶里,臺北市文山區景福街133巷10號,"24.996175,121.536274",1,"213 ",文山第二分局,
文山區,WQA00353,景慶里,臺北市文山區景福街133巷18號,"24.995994,121.536562",1,"177 ",文山第二分局,
文山區,WQA00354,景慶里,臺北市文山區景福街133巷22號,"24.995905,121.536683",1,"120 ",文山第二分局,
文山區,WQA00355,景慶里,臺北市文山區景福街133巷28號,"24.995802,121.536861",1,"36 ",文山第二分局,
文山區,WQA0503,景慶里,臺北市文山區溪口街129巷1號,"24.996458,121.536525",1,"125 ",文山第二分局,
文山區,WQA00504,景慶里,臺北市文山區溪口街129巷2號,"24.996527,121.536405",1,"206 ",文山第二分局,
文山區,WQA01279,景慶里,臺北市文山區景福街130號,"24.995653,121.536131",1,"230 ",文山第二分局,
文山區,WQA00345,景慶里,臺北市文山區景福街257號,"24.993621,121.539928",1,"600 ",文山第二分局,
文山區,WQA00363,景慶里,臺北市文山區景福街265巷1號,"24.993561,121.540182",1,"77 ",文山第二分局,
文山區,WQA00482,景慶里,臺北市文山區溪口街29號,"24.99457,121.540305",1,"312 ",文山第二分局,
文山區,WQA00483,景慶里,臺北市文山區溪口街41號,"24.99472,121.540032",1,"80 ",文山第二分局,
文山區,WQA00486,景慶里,臺北市文山區溪口街59號,"24.994992,121.539576",1,"48 ",文山第二分局,
文山區,WQA00488,景慶里,臺北市文山區溪口街69號,"24.99509,121.539383",1,"117 ",文山第二分局,
文山區,WQA00495,景慶里,臺北市文山區溪口街1巷12號,"24.994042,121.540435",1,"44 ",文山第二分局,
文山區,WQA00505,景慶里,臺北市文山區溪口街23巷4號,"24.994209,121.540347",1,"204 ",文山第二分局,
文山區,WQA00509,景慶里,臺北市文山區溪口街55巷2號,"24.994759,121.539509",1,"268 ",文山第二分局,
文山區,WQA00510,景慶里,臺北市文山區溪口街55巷1弄1號,"24.994609,121.539587",1,"140 ",文山第二分局,
文山區,WQA01156,景慶里,臺北市文山區溪口街55巷4弄16號,"24.99493,121.53894",1,"224 ",文山第二分局,
文山區,WQA01159,景慶里,臺北市文山區溪口街1巷5號,"24.994112,121.539917",1,"572 ",文山第二分局,
文山區,WQA00352,景慶里,臺北市文山區景福街133巷30號,"24.99566,121.536958",1,"2920 ",文山第二分局,
文山區,WQA00657,景慶里,臺北市文山區景福街133巷3弄2號,"24.996164,121.536582",1,"300 ",文山第二分局,
文山區,WQA00361,景慶里,臺北市文山區景福街223巷7號,"24.994899,121.538659",1,"205 ",文山第二分局,
文山區,WQA00481,景慶里,臺北市文山區溪口街109號,"24.996085,121.537582",1,"278 ",文山第二分局,
文山區,WQA00489,景慶里,臺北市文山區溪口街71-1號,"24.995221,121.539044",1,"830 ",文山第二分局,
文山區,WQA00492,景慶里,臺北市文山區溪口街93號,"24.995768,121.538112",1,"150 ",文山第二分局,
文山區,WQA00493,景慶里,臺北市文山區溪口街95-2號,"24.995909,121.53792",1,"45 ",文山第二分局,
文山區,WQA00494,景慶里,臺北市文山區溪口街99號,"24.995957,121.537775",1,"177 ",文山第二分局,
文山區,WQA00496,景慶里,臺北市文山區溪口街107巷2-3號,"24.995676,121.53734",1,"65 ",文山第二分局,
文山區,WQA00497,景慶里,臺北市文山區溪口街107巷9號,"24.995622,121.537493",1,"109 ",文山第二分局,
文山區,WQA00498,景慶里,臺北市文山區溪口街107巷1弄12號,"24.996189,121.53699",1,"96 ",文山第二分局,
文山區,WQA00499,景慶里,臺北市文山區溪口街107巷1弄3號,"24.995916,121.537184",1,"449 ",文山第二分局,
文山區,WQA00500,景慶里,臺北市文山區溪口街107巷1弄4號,"24.996012,121.537363",1,"81 ",文山第二分局,
文山區,WQA00501,景慶里,臺北市文山區溪口街107巷1弄8號,"24.996089,121.537207",1,"37 ",文山第二分局,
文山區,WQA00502,景慶里,臺北市文山區溪口街107巷2弄4號,"24.995697,121.537277",1,"60 ",文山第二分局,
文山區,WQA01175,景慶里,臺北市文山區溪口街85巷3號,"24.995121,121.538363",1,"317 ",文山第二分局,
文山區,WQA01239,景慶里,臺北市文山區溪口街107巷1弄10號,"24.996137,121.537109",1,"113 ",文山第二分局,
文山區,WQA01259,景慶里,臺北市文山區溪口街107巷2號,"24.995968,121.53751",1、2,"141 ",文山第二分局,
文山區,WQA00338,景慶里,臺北市文山區景福街208號,"24.994033,121.538385",2,"248 ",文山第二分局,
文山區,WQA00339,景慶里,臺北市文山區景福街210號,"24.994012,121.53849",1,"160 ",文山第二分局,
文山區,WQA00342,景慶里,臺北市文山區景福街228號,"24.993779,121.538984",1,"125 ",文山第二分局,
文山區,WQA00344,景慶里,臺北市文山區景福街244號,"24.993486,121.539813",1,"93 ",文山第二分局,
文山區,WQA00360,景慶里,臺北市文山區景福街223巷1號,"24.994661,121.538441",1,"638 ",文山第二分局,
文山區,WQA00491,景慶里,臺北市文山區溪口街89號,"24.995638,121.538394",1,"525 ",文山第二分局,
文山區,WQA00511,景慶里,臺北市文山區溪口街85巷12號,"24.994821,121.538208",1,"1458 ",文山第二分局,
文山區,WQA00512,景慶里,臺北市文山區溪口街85巷28號,"24.994778,121.53818",1,"224 ",文山第二分局,
文山區,WQA00513,景慶里,臺北市文山區溪口街85巷5號,"24.995055,121.538318",1,"57 ",文山第二分局,
文山區,WQA00514,景慶里,臺北市文山區溪口街85巷10弄1號,"24.995041,121.53809",1,"82 ",文山第二分局,
文山區,WQA00515,景慶里,臺北市文山區溪口街85巷10弄12號,"24.995346,121.537867",1,"145 ",文山第二分局,
文山區,WQA00516,景慶里,臺北市文山區溪口街85巷7弄2號,"24.9949,121.538298",1,"98 ",文山第二分局,
文山區,WQA00517,景慶里,臺北市文山區溪口街85巷7弄5號,"24.994941,121.538492",1,"57 ",文山第二分局,
文山區,WQA00518,景慶里,臺北市文山區溪口街91巷2號,"24.995488,121.53792",1,"26 ",文山第二分局,
文山區,WQA00519,景慶里,臺北市文山區溪口街91巷2-1號,"24.995612,121.537989",1,"142 ",文山第二分局,
文山區,WQA01198,景慶里,臺北市文山區景福街220號,"24.993858,121.538768",1,"300 ",文山第二分局,
文山區,WQA01344,景慶里,臺北市文山區景福街200號,"24.994164,121.538163",2,"256 ",文山第二分局,
文山區,WQA00340,景慶里,臺北市文山區景福街225號,"24.994114,121.538745",1,"1921 ",文山第二分局,
文山區,WQA00341,景慶里,臺北市文山區景福街225號,"24.994114,121.538745",1,"1154 ",文山第二分局,
文山區,WQA00064,萬年里,臺北市文山區汀州路四段19號,"25.009999,121.536784",1,"417 ",文山第二分局,
文山區,WQA00065,萬年里,臺北市文山區汀州路四段45號,"25.009212,121.537023",1,"257 ",文山第二分局,
文山區,WQA00066,萬年里,臺北市文山區汀州路四段75號,"25.008096,121.537479",1,"284 ",文山第二分局,
文山區,WQA00067,萬年里,臺北市文山區汀州路四段83號,"25.008054,121.537481",1,"461 ",文山第二分局,
文山區,WQA00974,萬年里,臺北市文山區羅斯福路五段2號,"25.009687,121.537246",1,"558 ",文山第二分局,
文山區,WQA00981,萬年里,臺北市文山區羅斯福路五段24號,"25.009217,121.537412",1,"189 ",文山第二分局,
文山區,WQA00985,萬年里,臺北市文山區羅斯福路五段28號,"25.009132,121.537441",1,"189 ",文山第二分局,
文山區,WQA01101,萬年里,臺北市文山區羅斯福路四段204號,"25.010805,121.536644",1,"173 ",文山第二分局,
文山區,WQA01102,萬年里,臺北市文山區羅斯福路四段210號,"25.010422,121.537064",1,"245 ",文山第二分局,
文山區,WQA01111,萬年里,臺北市文山區羅斯福路四段200號,"25.010805,121.536644",3,"1313 ",文山第二分局,
文山區,WQA01117,萬年里,臺北市文山區汀州路四段35號,"25.009484,121.536901",1,"766 ",文山第二分局,
文山區,WQA01105,萬年里,臺北市文山區羅斯福路五段88號,"25.007525,121.538231",1,"2284 ",文山第二分局,
文山區,WQA01190,萬年里,臺北市文山區羅斯福路四段206巷2號,"25.010435,121.536885",1,"660 ",文山第二分局,
文山區,WQA01142,萬年里,臺北市文山區汀州路四段88號,"25.007839,121.537176",1,"1346 ",文山第二分局,
文山區,WQA01227,萬年里,臺北市文山區羅斯福路四段202號,"25.010805,121.536644",1,"213 ",文山第二分局,
文山區,WQA00539,萬年里,臺北市文山區羅斯福路五段150巷28號,"25.006758,121.538179",1,"230 ",文山第二分局,
文山區,WQA00542,萬年里,臺北市文山區羅斯福路五段92巷1弄6號,"25.006699,121.53849",1,"106 ",文山第二分局,
文山區,WQA00543,萬年里,臺北市文山區羅斯福路五段92巷1弄9號,"25.006723,121.538621",1,"253 ",文山第二分局,
文山區,WQA00554,萬年里,臺北市文山區汀州路四段85巷21號,"25.006671,121.537544",1,"81 ",文山第二分局,
文山區,WQA00545,萬年里,臺北市文山區汀州路四段85巷19號,"25.006753,121.537583",1,"88 ",文山第二分局,
文山區,WQA00546,萬年里,臺北市文山區汀州路四段85巷14弄4號,"25.006899,121.537355",1,"937 ",文山第二分局,
文山區,WQA00553,萬年里,臺北市文山區汀州路四段85巷14弄2號,"25.006878,121.537431",1,"64 ",文山第二分局,
文山區,WQA00548,萬年里,臺北市文山區汀州路四段85巷9號,"25.007166,121.537632",1,"93 ",文山第二分局,
文山區,WQA00549,萬年里,臺北市文山區汀州路四段85巷7號,"25.007214,121.537638",1,"61 ",文山第二分局,
文山區,WQA00550,萬年里,臺北市文山區州路四段85巷5號,"25.007355,121.537703",1,"100 ",文山第二分局,
文山區,WQA00551,萬年里,臺北市文山區汀州路四段85巷3號,"25.007411,121.53767",1,"130 ",文山第二分局,
文山區,WQA00552,萬年里,臺北市文山區汀州路四段85巷3號,"25.007411,121.53767",1,"257 ",文山第二分局,
文山區,WQA00553,萬年里,臺北市文山區汀州路四段85巷21號,"25.006671,121.537544",1,"108 ",文山第二分局,
文山區,WQA00554,萬年里,臺北市文山區汀州路四段85巷17號,"25.006838,121.537591",1,"220 ",文山第二分局,
文山區,WQA00555,萬年里,臺北市文山區汀州路四段85巷16號,"25.00676,121.53742",1,"237 ",文山第二分局,
文山區,WQA00556,萬年里,臺北市文山區汀州路四段85巷13號,"25.00702,121.537602",1,"154 ",文山第二分局,
文山區,WQA00955,萬年里,臺北市文山區羅斯福路五段114號,"25.006653,121.538714",1,"106 ",文山第二分局,
文山區,WQA00956,萬年里,臺北市文山區羅斯福路五段116號,"25.006457,121.538726",1,"234 ",文山第二分局,
文山區,WQA00959,萬年里,臺北市文山區羅斯福路五段130號,"25.006022,121.538786",1,"456 ",文山第二分局,
文山區,WQA00960,萬年里,臺北市文山區羅斯福路五段138號,"25.005711,121.538653",1,"228 ",文山第二分局,
文山區,WQA00961,萬年里,臺北市文山區羅斯福路五段142號,"25.00551,121.538776",1,"282 ",文山第二分局,
文山區,WQA00962,萬年里,臺北市文山區羅斯福路五段146號,"25.0053,121.538704",1,"156 ",文山第二分局,
文山區,WQA00992,萬年里,臺北市文山區羅斯福路五段88號,"25.007525,121.538231",1,"3453 ",文山第二分局,
文山區,WQA00993,萬年里,臺北市文山區羅斯福路五段88號,"25.007525,121.538231",1,"800 ",文山第二分局,
文山區,WQA00998,萬年里,臺北市文山區羅斯福路五段88-6號,"25.007479,121.53792",1,"1482 ",文山第二分局,
文山區,WQA01141,萬年里,臺北市文山區汀州路四段101號,"25.006755,121.536863",1,"241 ",文山第二分局,
文山區,WQA01203,萬年里,臺北市文山區羅斯福路五段90號,"25.007448,121.538293",1,"777 ",文山第二分局,
文山區,WQA00013,萬年里,臺北市文山區公館街14號,"25.005313,121.538002",1,"138 ",文山第二分局,
文山區,WQA00014,萬年里,臺北市文山區公館街15號,"25.005234,121.537923",1,"170 ",文山第二分局,
文山區,WQA00015,萬年里,臺北市文山區公館街18號,"25.005496,121.537929",1,"102 ",文山第二分局,
文山區,WQA00016,萬年里,臺北市文山區公館街2號,"25.005106,121.538326",1,"96 ",文山第二分局,
文山區,WQA00017,萬年里,臺北市文山區公館街2號,"25.005106,121.538326",1,"76 ",文山第二分局,
文山區,WQA00018,萬年里,臺北市文山區公館街20號,"25.005551,121.537965",1,"17 ",文山第二分局,
文山區,WQA00019,萬年里,臺北市文山區公館街23號,"25.005213,121.537662",1,"101 ",文山第二分局,
文山區,WQA00020,萬年里,臺北市文山區公館街24號,"25.005662,121.538172",1,"260 ",文山第二分局,
文山區,WQA00021,萬年里,臺北市文山區公館街26號,"25.005711,121.538113",1,"194 ",文山第二分局,
文山區,WQA00022,萬年里,臺北市文山區公館街29-7號,"25.00542,121.537527",1,"460 ",文山第二分局,
文山區,WQA00032,萬年里,臺北市文山區公館街32號,"25.005962,121.537588",1,"94 ",文山第二分局,
文山區,WQA00033,萬年里,臺北市文山區公館街38號,"25.005668,121.537871",1,"322 ",文山第二分局,
文山區,WQA00034,萬年里,臺北市文山區公館街44號,"25.00544,121.537751",1,"34 ",文山第二分局,
文山區,WQA00035,萬年里,臺北市文山區公館街46號,"25.005537,121.537594",1,"168 ",文山第二分局,
文山區,WQA00036,萬年里,臺北市文山區公館街5號,"25.004992,121.538268",1,"141 ",文山第二分局,
文山區,WQA00037,萬年里,臺北市文山區公館街50號,"25.005569,121.537502",1,"194 ",文山第二分局,
文山區,WQA00038,萬年里,臺北市文山區公館街6號,"25.005151,121.538239",1,"90 ",文山第二分局,
文山區,WQA01285,萬年里,臺北市文山區公館街33號,"25.005455,121.537375",1,"248 ",文山第二分局,
文山區,WQA00967,萬年里,臺北市文山區羅斯福路五段166號,"25.004822,121.538639",1,"989 ",文山第二分局,
文山區,WQA01000,萬年里,臺北市文山區羅斯福路五段150巷14號,"25.005925,121.538422",1,"112 ",文山第二分局,
文山區,WQA01001,萬年里,臺北市文山區羅斯福路五段150巷29號,"25.006169,121.53819",1,"124 ",文山第二分局,
文山區,WQA01002,萬年里,臺北市文山區羅斯福路五段150巷3-1號,"25.005251,121.538532",1,"350 ",文山第二分局,
文山區,WQA01128,萬年里,臺北市文山區羅斯福路五段150巷11號,"25.005648,121.538411",1,"260 ",文山第二分局,
文山區,WQA01158,萬年里,臺北市文山區羅斯福路五段150巷5號,"25.005389,121.538488",1,"1202 ",文山第二分局,
文山區,WQA01223,萬年里,臺北市文山區公館街12號,"25.005223,121.538104",1,"213 ",文山第二分局,
文山區,WQA01240,萬年里,臺北市文山區羅斯福路五段156號,"25.005182,121.538709",1,"917 ",文山第二分局,
文山區,WQA01002,萬年里,臺北市文山區羅斯福路五段170巷1號,"25.004418,121.538377",1,"693 ",文山第二分局,
文山區,WQA01005,萬年里,臺北市文山區羅斯福路五段170巷1-2號,"25.004535,121.538203",1,"269 ",文山第二分局,
文山區,WQA01006,萬年里,臺北市文山區羅斯福路五段170巷21號,"25.004594,121.537302",1,"193 ",文山第二分局,
文山區,WQA01007,萬年里,臺北市文山區羅斯福路五段170巷22號,"25.004743,121.537555",1,"233 ",文山第二分局,
文山區,WQA01008,萬年里,臺北市文山區羅斯福路五段170巷31號,"25.004642,121.536741",1,"337 ",文山第二分局,
文山區,WQA01009,萬年里,臺北市文山區羅斯福路五段170巷35號,"25.004562,121.536582",1,"449 ",文山第二分局,
文山區,WQA01010,萬年里,臺北市文山區里羅斯福路五段170巷5號,"25.004733,121.539182",1,"230 ",文山第二分局,
文山區,WQA01012,萬年里,臺北市文山區羅斯福路五段170巷7號,"25.004549,121.537826",1,"332 ",文山第二分局,
文山區,WQA01013,萬年里,臺北市文山區羅斯福路五段170巷8弄8號,"25.004877,121.538",1,"190 ",文山第二分局,
文山區,WQA01014,萬年里,臺北市文山區羅斯福路五段170巷3弄4號,"25.004317,121.537983",1,"150 ",文山第二分局,
文山區,WQA01015,萬年里,臺北市文山區羅斯福路五段170巷8弄2號,"25.004743,121.538188",1,"454 ",文山第二分局,
文山區,WQA01016,萬年里,臺北市文山區羅斯福路五段176巷27號,"25.00419,121.537299",1,"386 ",文山第二分局,
文山區,WQA01017,萬年里,臺北市文山區羅斯福路五段176巷30號,"25.004351,121.537101",1,"245 ",文山第二分局,
文山區,WQA01018,萬年里,臺北市文山區羅斯福路五段176巷5號,"25.004145,121.537929",1,"232 ",文山第二分局,
文山區,WQA01022,萬年里,臺北市文山區羅斯福路五段176巷22號,"25.003758,121.537623",1,"80 ",文山第二分局,
文山區,WQA01023,萬年里,臺北市文山區羅斯福路五段170巷26號,"25.004746,121.537345",1,"701 ",文山第二分局,
文山區,WQA01236,萬年里,臺北市文山區羅斯福路五段170巷25號,"25.004615,121.537063",1,"669 ",文山第二分局,
文山區,WQA00971,萬年里,臺北市文山區羅斯福路五段190-3號,"25.003658,121.538465",1,"305 ",文山第二分局,
文山區,WQA01019,萬年里,臺北市文山區羅斯福路五段176巷50號,"25.003893,121.536554",1,"504 ",文山第二分局,
文山區,WQA01020,萬年里,臺北市文山區羅斯福路五段192巷31號,"25.003397,121.536856",1,"160 ",文山第二分局,
文山區,WQA01021,萬年里,臺北市文山區羅斯福路五段192巷35號,"25.003122,121.536798",1,"28 ",文山第二分局,
文山區,WQA01024,萬年里,臺北市文山區羅斯福路五段192巷14號,"25.003547,121.537212",1,"72 ",文山第二分局,
文山區,WQA01026,萬年里,臺北市文山區羅斯福路五段192巷17號,"25.003436,121.537346",1,"20 ",文山第二分局,
文山區,WQA01027,萬年里,臺北市文山區羅斯福路五段192巷1號,"25.003506,121.538253",1,"1542 ",文山第二分局,
文山區,WQA01028,萬年里,臺北市文山區羅斯福路五段192巷6號,"25.003626,121.537856",1,"84 ",文山第二分局,
文山區,WQA01029,萬年里,臺北市文山區羅斯福路五段192巷5弄2號,"25.003468,121.537867",1,"316 ",文山第二分局,
文山區,WQA01034,萬年里,臺北市文山區羅斯福路五段212巷19號,"25.003145,121.537161",1,"194 ",文山第二分局,
文山區,WQA01035,萬年里,臺北市文山區羅斯福路五段212巷2號,"25.002759,121.538228",1,"180 ",文山第二分局,
文山區,WQA01023,萬年里,臺北市文山區羅斯福路五段192巷9號,"25.00345,121.537539",1,"101 ",文山第二分局,
文山區,WQA01282,萬年里,臺北市文山區羅斯福路五段210號,"25.002863,121.538489",1,"101 ",文山第二分局,
文山區,WQA00968,萬年里,臺北市文山區羅斯福路五段172號,"25.004514,121.538475",1,"326 ",文山第二分局,
文山區,WQA01312,萬年里,臺北市文山區羅斯福路五段150巷12號,"25.005821,121.538473",1,"192 ",文山第二分局,
文山區,WQA00068,萬年里,臺北市文山區汀州路四段88號,"25.007839,121.537176",1,"1762 ",文山第二分局,
文山區,WQA01105,萬年里,臺北市文山區汀州路四段88號,"25.007839,121.537176",1,"2284 ",文山第二分局,
文山區,WQA01142,萬年里,臺北市文山區汀州路四段88號,"25.007839,121.537176",1,"5122 ",文山第二分局,
文山區,WQA00985,萬年里,臺北市文山區汀州路四段88號,"25.007839,121.537176",1,"189 ",文山第二分局,
文山區,WQA00994,萬年里,臺北市文山區汀州路四段88號,"25.007839,121.537176",1,"1078 ",文山第二分局,
文山區,WQA00995,萬年里,臺北市文山區汀州路四段88號,"25.007839,121.537176",1,"918 ",文山第二分局,
文山區,WQA00996,萬年里,臺北市文山區汀州路四段88號,"25.007839,121.537176",1,"1420 ",文山第二分局,
文山區,WQA00997,萬年里,臺北市文山區汀州路四段88號,"25.007839,121.537176",1,"938 ",文山第二分局,
文山區,WQA01219,萬年里,臺北市文山區汀州路四段88號,"25.007839,121.537176",1,"1346 ",文山第二分局,
文山區,WQA01345,萬年里,臺北市文山區汀州路四段88號,"25.008749,121.535189",1,"5628 ",文山第二分局,
文山區,WQA00224,萬有里,臺北市文山區景明街63號,"25.000356,121.540695",1,"296 ",文山第二分局,
文山區,WQA00226,萬有里,臺北市文山區景明街11巷1號,"25.001543,121.541627",1,"162 ",文山第二分局,
文山區,WQA00227,萬有里,臺北市文山區景明街11巷6弄12號,"25.000983,121.541557",1,"298 ",文山第二分局,
文山區,WQA00228,萬有里,臺北市文山區景明街11巷6弄2號,"25.001186,121.5417",1,"185 ",文山第二分局,
文山區,WQA00232,萬有里,臺北市文山區景隆街19巷9號,"25.000278,121.540968",1,"525 ",文山第二分局,
文山區,WQA00300,萬有里,臺北市文山區景隆街23號,"24.999068,121.542866",1,"228 ",文山第二分局,
文山區,WQA00698,萬有里,臺北市文山區興隆路一段140號,"25.001836,121.541909",1,"77 ",文山第二分局,
文山區,WQA00704,萬有里,臺北市文山區興隆路一段190號,"25.000686,121.542952",1,"129 ",文山第二分局,
文山區,WQA00713,萬有里,臺北市文山區興隆路一段184巷2弄9號,"25.000989,121.542446",1,"157 ",文山第二分局,
文山區,WQA00297,萬有里,臺北市文山區景隆街21號,"25.000033,121.541689",1,"784 ",文山第二分局,
文山區,WQA00290,萬有里,臺北市文山區景隆街103號,"24.999115,121.543212",1,"49 ",文山第二分局,
文山區,WQA00291,萬有里,臺北市文山區景隆街105號,"24.999109,121.543282",1,"122 ",文山第二分局,
文山區,WQA01226,萬有里,臺北市文山區羅斯福路六段39巷32號,"24.998199,121.542148",1,"2485 ",文山第二分局,
文山區,WQA00292,萬有里,臺北市文山區景隆街109號,"24.999018,121.543471",1,"96 ",文山第二分局,
文山區,WQA00293,萬有里,臺北市文山區景隆街121號,"24.998954,121.543687",1,"118 ",文山第二分局,
文山區,WQA00294,萬有里,臺北市文山區景隆街133號,"24.998861,121.544032",1,"264 ",文山第二分局,
文山區,WQA00306,萬有里,臺北市文山區景隆街91號,"24.999281,121.542897",1,"162 ",文山第二分局,
文山區,WQA00307,萬有里,臺北市文山區景隆街97號,"24.999199,121.543083",1,"101 ",文山第二分局,
文山區,WQA00706,萬有里,臺北市文山區興隆路一段238號,"24.999212,121.543996",1,"241 ",文山第二分局,
文山區,WQA00001,萬有里,臺北市文山區三福街1號,"24.996196,121.541568",1,"2646 ",文山第二分局,
文山區,WQA00002,萬有里,臺北市文山區三福街11號,"24.996469,121.541933",1,"110 ",文山第二分局,
文山區,WQA00010,萬有里,臺北市文山區三福街9巷1號,"24.997565,121.542614",1,"1012 ",文山第二分局,
文山區,WQA00298,萬有里,臺北市文山區景隆街22號,"24.999068,121.542866",1,"61 ",文山第二分局,
文山區,WQA00299,萬有里,臺北市文山區景隆街22號,"24.999068,121.542866",1,"497 ",文山第二分局,
文山區,WQA00301,萬有里,臺北市文山區景隆街29號,"24.999068,121.542866",1,"112 ",文山第二分局,
文山區,WQA00302,萬有里,臺北市文山區景隆街35號,"24.9996,121.542039",1,"628 ",文山第二分局,
文山區,WQA00303,萬有里,臺北市文山區景隆街37號,"24.999815,121.542274",1,"173 ",文山第二分局,
文山區,WQA00304,萬有里,臺北市文山區景隆街39號,"25.000095,121.542438",1,"173 ",文山第二分局,
文山區,WQA00305,萬有里,臺北市文山區景隆街39號,"25.000095,121.542438",1,"278 ",文山第二分局,
文山區,WQA00316,萬有里,臺北市文山區景隆街36巷1號,"24.998552,121.543746",1,"509 ",文山第二分局,
文山區,WQA00317,萬有里,臺北市文山區景隆街36巷2號,"24.998624,121.543516",1,"5993 ",文山第二分局,
文山區,WQA00318,萬有里,臺北市文山區景隆街36巷3號,"24.998459,121.543788",1,"110 ",文山第二分局,
文山區,WQA01078,萬有里,臺北市文山區景隆街20號,"25.000273,121.540295",1,"1074 ",文山第二分局,
文山區,WQA01210,萬有里,臺北市文山區三福街79號,"24.997928,121.542872",1,"141 ",文山第二分局,
文山區,WQA01298,萬有里,臺北市文山區三福街77號,"24.997917,121.543059",1,"2392 ",文山第二分局,
文山區,WQA01268,萬有里,臺北市文山區三福街9巷2號,"24.997783,121.542621",1,"2698 ",文山第二分局,
文山區,WQA01264,萬有里,臺北市文山區羅斯福路六段159巷5弄18-20號,"24.998263,121.541295",1,"286 ",文山第二分局,
文山區,WQA01245,萬有里,臺北市文山區羅斯福路六段159巷9-17號,"24.997444,121.541758",1,"1489 ",文山第二分局,
文山區,WQA01082,萬有里,臺北市文山區羅斯福路六段75號,"24.998801,121.540454",1,"2136 ",文山第二分局,
文山區,WQA01244,萬有里,臺北市文山區羅斯福路六段159巷1弄12-22號,"24.997896,121.541155",1,"2388 ",文山第二分局,
文山區,WQA01245,萬有里,臺北市文山區羅斯福路六段159巷9-17號,"24.997444,121.541758",1,"200 ",文山第二分局,
文山區,WQA01246,萬有里,臺北市文山區羅斯福路六段159巷5弄18號,"24.998263,121.541295",1,"286 ",文山第二分局,
文山區,WQA01346,萬有里,臺北市文山區景隆街21號,"25.99990,121.54138",1,"3853 ",文山第二分局,
文山區,WQA00531,萬和里,臺北市文山區溪洲街67-1號,"25.005334,121.535186",2,"697 ",文山第二分局,
文山區,WQA00537,萬和里,臺北市文山區溪洲街103巷7號,"24.999758,121.535689",1,"132 ",文山第二分局,
文山區,WQA00538,萬和里,臺北市文山區溪洲街103巷8號,"24.999758,121.535689",1,"54 ",文山第二分局,
文山區,WQA01011,萬和里,臺北市文山區汀州路四段172號,"25.004719,121.535621",1,"2428 ",文山第二分局,
文山區,WQA01248,萬和里,臺北市文山區羅斯福路五段170巷41號,"25.004683,121.536254",1,"2028 ",文山第二分局,
文山區,WQA01273,萬和里,臺北市文山區汀州路四段171號,"25.00465,121.535839",1,"2062 ",文山第二分局,
文山區,WQA01274,萬和里,臺北市文山區汀州路四段199號,"25.003215,121.535704",1,"8920 ",文山第二分局,
文山區,WQA01276,萬和里,臺北市文山區汀州路四段183號,"25.003968,121.535813",1,"2628 ",文山第二分局,
文山區,WQA00530,萬和里,臺北市文山區溪洲街55號,"25.005586,121.534623",1,"405 ",文山第二分局,
文山區,WQA00533,萬和里,臺北市文山區溪洲街10巷3弄6號,"25.006208,121.53527",1,"1072 ",文山第二分局,
文山區,WQA01130,萬和里,臺北市文山區溪洲街25號,"25.006049,121.535032",1,"554 ",文山第二分局,
文山區,WQA01272,萬和里,臺北市文山區汀州路四段239號,"25.001847,121.53569",1,"8536 ",文山第二分局,
文山區,WQA00577,萬盛里,臺北市文山區萬盛街40號,"25.007339,121.539132",1,"954 ",文山第二分局,
文山區,WQA00605,萬盛里,臺北市文山區萬盛街82巷6號,"25.005609,121.540287",1,"345 ",文山第二分局,
文山區,WQA00958,萬盛里,臺北市文山區羅斯福路五段15號,"25.007999,121.538456",1,"232 ",文山第二分局,
文山區,WQA00986,萬盛里,臺北市文山區羅斯福路五段29號,"25.007697,121.538636",1,"217 ",文山第二分局,
文山區,WQA00987,萬盛里,臺北市文山區羅斯福路五段41號,"25.007408,121.538846",1,"452 ",文山第二分局,
文山區,WQA00988,萬盛里,臺北市文山區羅斯福路五段51號,"25.006936,121.539171",1,"632 ",文山第二分局,
文山區,WQA01183,萬盛里,臺北市文山區羅斯福路五段21號,"25.007905,121.538549",1,"861 ",文山第二分局,
文山區,WQA00694,萬盛里,臺北市文山區興隆路一段113號,"25.002548,121.541787",1,"101 ",文山第二分局,
文山區,WQA00695,萬盛里,臺北市文山區興隆路一段117號,"25.002452,121.541849",1,"142 ",文山第二分局,
文山區,WQA00709,萬盛里,臺北市文山區興隆路一段87號,"25.00307,121.541444",1,"220 ",文山第二分局,
文山區,WQA00712,萬盛里,臺北市文山區興隆路一段125巷1-1號,"25.002226,121.542072",1,"128 ",文山第二分局,
文山區,WQA00740,萬盛里,臺北市文山區興隆路一段83巷3號,"25.003672,121.541712",1,"125 ",文山第二分局,
文山區,WQA00741,萬盛里,臺北市文山區興隆路一段83巷5號,"25.0038,121.541934",1,"86 ",文山第二分局,
文山區,WQA00742,萬盛里,臺北市文山區興隆路一段83巷6號,"25.003198,121.54177",1,"648 ",文山第二分局,
文山區,WQA00954,萬盛里,臺北市文山區羅斯福路五段111號,"25.005146,121.539106",1,"296 ",文山第二分局,
文山區,WQA00957,萬盛里,臺北市文山區羅斯福路五段125號,"25.004835,121.539085",1,"356 ",文山第二分局,
文山區,WQA00958,萬盛里,臺北市文山區羅斯福路五段127號,"25.004726,121.539067",1,"277 ",文山第二分局,
文山區,WQA00989,萬盛里,臺北市文山區羅斯福路五段57號,"25.006656,121.539133",1,"312 ",文山第二分局,
文山區,WQA00990,萬盛里,臺北市文山區羅斯福路五段61號,"25.00654,121.53925",1,"122 ",文山第二分局,
文山區,WQA00991,萬盛里,臺北市文山區羅斯福路五段87號,"25.00597,121.539192",1,"541 ",文山第二分局,
文山區,WQA00999,萬盛里,臺北市文山區羅斯福路五段95號,"25.005807,121.539185",1,"237 ",文山第二分局,
文山區,WQA01044,萬盛里,臺北市文山區羅斯福路五段53巷15號,"25.006374,121.539502",1,"200 ",文山第二分局,
文山區,WQA01045,萬盛里,臺北市文山區羅斯福路五段53巷3號,"25.006751,121.539419",1,"580 ",文山第二分局,
文山區,WQA01046,萬盛里,臺北市文山區羅斯福路五段53巷5-1號,"25.006637,121.539522",1,"256 ",文山第二分局,
文山區,WQA01047,萬盛里,臺北市文山區羅斯福路五段53巷9號,"25.006544,121.53939",1,"92 ",文山第二分局,
文山區,WQA01048,萬盛里,臺北市文山區羅斯福路五段79巷22號,"25.005887,121.539496",1,"80 ",文山第二分局,
文山區,WQA01049,萬盛里,臺北市文山區羅斯福路五段79巷26號,"25.006094,121.539562",1,"116 ",文山第二分局,
文山區,WQA01050,萬盛里,臺北市文山區羅斯福路五段97巷10號,"25.005925,121.539897",1,"192 ",文山第二分局,
文山區,WQA01051,萬盛里,臺北市文山區羅斯福路五段97巷2號,"25.005464,121.539758",1,"102 ",文山第二分局,
文山區,WQA01052,萬盛里,臺北市文山區羅斯福路五段97巷27號,"25.006253,121.539849",1,"40 ",文山第二分局,
文山區,WQA01053,萬盛里,臺北市文山區羅斯福路五段97巷4號,"25.005696,121.53981",1,"88 ",文山第二分局,
文山區,WQA01054,萬盛里,臺北市文山區羅斯福路五段97巷6號,"25.00582,121.539867",1,"173 ",文山第二分局,
文山區,WQA01106,萬盛里,臺北市文山區興隆路一段53號,"25.004061,121.540933",1,"1478 ",文山第二分局,
文山區,WQA01176,萬盛里,臺北市文山區興隆路一段83巷1之1號,"25.003626,121.541724",1,"157 ",文山第二分局,
文山區,WQA01234,萬盛里,臺北市文山區羅斯福路五段101號,"25.005275,121.539191",1,"672 ",文山第二分局,
文山區,WQA01263,萬盛里,臺北市文山區興隆路一段101號,"25.002721,121.541693",1,"322 ",文山第二分局,
文山區,WQA00573,萬盛里,臺北市文山區萬盛街157號,"25.005196,121.543813",1,"137 ",文山第二分局,
文山區,WQA00574,萬盛里,臺北市文山區萬盛街161號,"25.005241,121.543609",1,"794 ",文山第二分局,
文山區,WQA00575,萬盛里,臺北市文山區萬盛里萬盛街162號,"25.005338,121.543172",1,"114 ",文山第二分局,
文山區,WQA00576,萬盛里,臺北市文山區萬盛里萬盛街171號,"25.005027,121.543758",1,"208 ",文山第二分局,
文山區,WQA00595,萬盛里,臺北市文山區萬盛街156巷1號,"25.005296,121.542941",1,"98 ",文山第二分局,
文山區,WQA00596,萬盛里,臺北市文山區萬盛街156巷12號,"25.004968,121.542632",1,"134 ",文山第二分局,
文山區,WQA00597,萬盛里,臺北市文山區萬盛街156巷22-2號,"25.004684,121.542815",1,"116 ",文山第二分局,
文山區,WQA00598,萬盛里,臺北市文山區萬盛街156巷36號,"25.005139,121.542858",1,"30 ",文山第二分局,
文山區,WQA00599,萬盛里,臺北市文山區萬盛街156巷4號,"25.005265,121.542782",1,"80 ",文山第二分局,
文山區,WQA00724,萬盛里,臺北市文山區興隆路一段55巷2號,"25.003982,121.541278",1,"112 ",文山第二分局,
文山區,WQA00725,萬盛里,臺北市文山區興隆路一段55巷27弄13號,"25.00441,121.542169",1,"97 ",文山第二分局,
文山區,WQA00726,萬盛里,臺北市文山區興隆路一段55巷27弄15號,"25.004518,121.542372",1,"98 ",文山第二分局,
文山區,WQA00727,萬盛里,臺北市文山區興隆路一段55巷27弄18號,"25.004577,121.54244",1,"826 ",文山第二分局,
文山區,WQA00728,萬盛里,臺北市文山區興隆路一段55巷27弄24號,"25.004742,121.542519",1,"169 ",文山第二分局,
文山區,WQA00729,萬盛里,臺北市文山區興隆路一段55巷27弄27號,"25.004605,121.542103",1,"56 ",文山第二分局,
文山區,WQA00730,萬盛里,臺北市文山區興隆路一段55巷27弄34號,"25.004605,121.542103",1,"353 ",文山第二分局,
文山區,WQA00731,萬盛里,臺北市文山區興隆路一段55巷27弄35號,"25.004542,121.541709",1,"568 ",文山第二分局,
文山區,WQA00732,萬盛里,臺北市文山區興隆路一段55巷27弄35號,"25.004542,121.541709",1,"1205 ",文山第二分局,
文山區,WQA00567,萬盛里,臺北市文山區萬盛街118號,"25.00551,121.541141",2,"285 ",文山第二分局,
文山區,WQA00568,萬盛里,臺北市文山區萬盛街138號,"25.005621,121.541935",1,"78 ",文山第二分局,
文山區,WQA00569,萬盛里,臺北市文山區萬盛街140號,"25.005572,121.542073",1,"81 ",文山第二分局,
文山區,WQA00570,萬盛里,臺北市文山區萬盛街152號,"25.005458,121.542719",1,"185 ",文山第二分局,
文山區,WQA00571,萬盛里,臺北市文山區萬盛街155號,"25.005191,121.543833",1,"36 ",文山第二分局,
文山區,WQA00572,萬盛里,臺北市文山區萬盛街155-1號,"25.00517,121.543912",1,"32 ",文山第二分局,
文山區,WQA00578,萬盛里,臺北市文山區萬盛街53號,"25.00582,121.542035",1,"204 ",文山第二分局,
文山區,WQA00579,萬盛里,臺北市文山區萬盛街130巷11,"25.004885,121.541949",1,"106 ",文山第二分局,
文山區,WQA00580,萬盛里,臺北市文山區萬盛街130巷12號,"25.005019,121.541748",1,"66 ",文山第二分局,
文山區,WQA00581,萬盛里,臺北市文山區萬盛街130巷14號,"25.00497,121.541576",1,"70 ",文山第二分局,
文山區,WQA00582,萬盛里,臺北市文山區萬盛街130巷18號,"25.004802,121.541388",1,"72 ",文山第二分局,
文山區,WQA00583,萬盛里,臺北市文山區萬盛街130巷24號,"25.004839,121.541702",1,"49 ",文山第二分局,
文山區,WQA00584,萬盛里,臺北市文山區萬盛街130巷26號,"25.004873,121.541818",1,"116 ",文山第二分局,
文山區,WQA00585,萬盛里,臺北市文山區萬盛街130巷3號,"25.005354,121.541712",1,"122 ",文山第二分局,
文山區,WQA00586,萬盛里,臺北市文山區萬盛街130巷5號,"25.005189,121.541781",1,"36 ",文山第二分局,
文山區,WQA00587,萬盛里,臺北市文山區萬盛街130巷6號,"25.005379,121.541504",1,"126 ",文山第二分局,
文山區,WQA00588,萬盛里,臺北市文山區萬盛街130巷7號,"25.00507,121.541861",1,"41 ",文山第二分局,
文山區,WQA00590,萬盛里,臺北市文山區萬盛街130巷9號,"25.004985,121.541933",1,"50 ",文山第二分局,
文山區,WQA00591,萬盛里,臺北市文山區萬盛街146巷10號,"25.004864,121.54223",1,"129 ",文山第二分局,
文山區,WQA00592,萬盛里,臺北市文山區萬盛街146巷11號,"25.005153,121.541954",1,"105 ",文山第二分局,
文山區,WQA00593,萬盛里,臺北市文山區萬盛街146巷4號,"25.005375,121.542455",1,"70 ",文山第二分局,
文山區,WQA00594,萬盛里,臺北市文山區萬盛街146巷6號,"25.005172,121.542222",1,"86 ",文山第二分局,
文山區,WQA01150,萬盛里,臺北市文山區萬盛路130巷18號之1,"25.004801,121.541016",1,"1086 ",文山第二分局,
文山區,WQA00600,萬盛里,臺北市文山區萬盛街166巷10號,"25.005057,121.542973",1,"92 ",文山第二分局,
文山區,WQA00601,萬盛里,臺北市文山區萬盛街166巷14號,"25.004925,121.542983",1,"31 ",文山第二分局,
文山區,WQA00602,萬盛里,臺北市文山區萬盛街166巷18號,"25.004839,121.54311",1,"166 ",文山第二分局,
文山區,WQA00603,萬盛里,臺北市文山區萬盛街166巷6號,"25.005022,121.54319",1,"125 ",文山第二分局,
文山區,WQA01316,萬盛里,臺北市文山區萬盛街89號,"25.005586,121.542631",1,"626 ",文山第二分局,
文山區,WQA01287,萬盛里,臺北市文山區萬盛街142號,"25.005537,121.542191",1,"141 ",文山第二分局,
文山區,WQA01181,萬盛里,臺北市文山區興隆路一段15號,"25.004286,121.540353",1,"13605 ",文山第二分局,
文山區,WQA00964,萬祥里,臺北市文山區羅斯福路五段153號,"25.0039,121.538927",1,"325 ",文山第二分局,
文山區,WQA00965,萬祥里,臺北市文山區羅斯福路五段153號,"25.0039,121.538927",1,"264 ",文山第二分局,
文山區,WQA00966,萬祥里,臺北市文山區羅斯福路五段165號,"25.003195,121.538844",1,"134 ",文山第二分局,
文山區,WQA01277,萬祥里,臺北市文山區羅斯福路五段269巷20號,"25.001207,121.540243",1,"162 ",文山第二分局,
文山區,WQA00970,萬祥里,臺北市文山區羅斯福路五段185號,"25.002776,121.538898",1,"50 ",文山第二分局,
文山區,WQA00972,萬祥里,臺北市文山區羅斯福路五段195號,"25.002561,121.538953",1,"52 ",文山第二分局,
文山區,WQA00973,萬祥里,臺北市文山區羅斯福路五段197號,"25.002514,121.53897",1,"33 ",文山第二分局,
文山區,WQA00975,萬祥里,臺北市文山區羅斯福路五段201號,"25.002423,121.539001",1,"30 ",文山第二分局,
文山區,WQA00978,萬祥里,臺北市文山區羅斯福路五段225號,"25.001957,121.539185",1,"1028 ",文山第二分局,
文山區,WQA00980,萬祥里,臺北市文山區羅斯福路五段239號,"25.001646,121.539298",1,"280 ",文山第二分局,
文山區,WQA00982,萬祥里,臺北市文山區羅斯福路五段259號,"25.001199,121.539485",1,"129 ",文山第二分局,
文山區,WQA00984,萬祥里,臺北市文山區羅斯福路五段273號,"25.000931,121.539595",1,"70 ",文山第二分局,
文山區,WQA01003,萬祥里,臺北市文山區羅斯福路五段161巷2號,"25.003325,121.538939",1,"81 ",文山第二分局,
文山區,WQA01030,萬祥里,臺北市文山區羅斯福路五段211巷27號,"25.00268,121.540076",1,"486 ",文山第二分局,
文山區,WQA01186,萬祥里,臺北市文山區羅斯福路五段211巷39號,"25.003012,121.539704",1,"498 ",文山第二分局,
文山區,WQA01187,萬祥里,臺北市文山區羅斯福路五段211巷45號,"25.00324,121.539214",1,"436 ",文山第二分局,
文山區,WQA01222,萬祥里,臺北市文山區羅斯福路五段245號,"25.001474,121.539367",1,"1349 ",文山第二分局,
文山區,WQA00229,萬祥里,臺北市文山區景明街14巷2號,"25.001977,121.541391",1,"334 ",文山第二分局,
文山區,WQA00230,萬祥里,臺北市文山區景明街14巷5號,"25.00186,121.540993",1,"238 ",文山第二分局,
文山區,WQA00693,萬祥里,臺北市文山區興隆路一段106號,"25.002807,121.541314",1,"400 ",文山第二分局,
文山區,WQA00696,萬祥里,臺北市文山區興隆路一段126號,"25.002288,121.541647",1,"169 ",文山第二分局,
文山區,WQA00707,萬祥里,臺北市文山區興隆路一段72號,"25.003612,121.540795",1,"548 ",文山第二分局,
文山區,WQA00708,萬祥里,臺北市文山區興隆路一段82號,"25.003347,121.540961",1,"192 ",文山第二分局,
文山區,WQA00711,萬祥里,臺北市文山區興隆路一段102巷17號,"25.002188,121.541208",1,"85 ",文山第二分局,
文山區,WQA00733,萬祥里,臺北市文山區興隆路一段70巷11弄13號,"25.002452,121.540518",1,"105 ",文山第二分局,
文山區,WQA00315,萬祥里,臺北市文山區羅斯福路五段269巷17弄10號,"25.001567,121.540125",1,"206 ",文山第二分局,
文山區,WQA00733,萬祥里,臺北市文山區興隆路一段70巷11弄12號,"25.00211,121.540367",1,"44 ",文山第二分局,
文山區,WQA00734,萬祥里,臺北市文山區興隆路一段70巷11弄14號,"25.002047,121.540519",1,"128 ",文山第二分局,
文山區,WQA00735,萬祥里,臺北市文山區興隆路一段70巷11弄16號,"25.001828,121.540593",1,"364 ",文山第二分局,
文山區,WQA00736,萬祥里,臺北市文山區興隆路一段70巷11弄2號,"25.002378,121.540359",1,"53 ",文山第二分局,
文山區,WQA00737,萬祥里,臺北市文山區興隆路一段70巷11弄23號,"25.002088,121.540736",1,"169 ",文山第二分局,
文山區,WQA00738,萬祥里,臺北市文山區興隆路一段70巷11弄25號,"25.002493,121.540594",1,"70 ",文山第二分局,
文山區,WQA00739,萬祥里,臺北市文山區興隆路一段70巷11弄7號,"25.002593,121.540407",1,"101 ",文山第二分局,
文山區,WQA01031,萬祥里,臺北市文山區羅斯福路五段211巷38號,"25.002583,121.540175",1,"201 ",文山第二分局,
文山區,WQA01032,萬祥里,臺北市文山區羅斯福路五段211巷26弄2號,"25.002177,121.539596",1,"393 ",文山第二分局,
文山區,WQA00218,萬祥里,臺北市文山區景明街1號,"25.0017,121.541567",1,"34 ",文山第二分局,
文山區,WQA00220,萬祥里,臺北市文山區景明街3號,"25.001629,121.541417",1,"74 ",文山第二分局,
文山區,WQA00221,萬祥里,臺北市文山區景明街3-7號,"25.00145,121.541084",1,"92 ",文山第二分局,
文山區,WQA00222,萬祥里,臺北市文山區景明街46號,"25.001111,121.541051",1,"40 ",文山第二分局,
文山區,WQA00223,萬祥里,臺北市文山區景明街48號,"25.001059,121.541015",1,"157 ",文山第二分局,
文山區,WQA00225,萬祥里,臺北市文山區景明街70號,"25.00071,121.540768",1,"338 ",文山第二分局,
文山區,WQA00231,萬祥里,臺北市文山區景明街3之9號,"25.001324,121.541191",1,"96 ",文山第二分局,
文山區,WQA00295,萬祥里,臺北市文山區景隆街15號,"25.000342,121.540138",1,"385 ",文山第二分局,
文山區,WQA00296,萬祥里,臺北市文山區景隆街2號,"25.000236,121.540105",1,"261 ",文山第二分局,
文山區,WQA00308,萬祥里,臺北市文山區羅斯福路五段269巷15號,"25.001394,121.540368",1,"105 ",文山第二分局,
文山區,WQA00309,萬祥里,臺北市文山區景隆街1巷2號,"25.000581,121.540041",1,"694 ",文山第二分局,
文山區,WQA00310,萬祥里,臺北市文山區景隆街1巷3號,"25.000713,121.539983",1,"112 ",文山第二分局,
文山區,WQA00311,萬祥里,臺北市文山區景隆街1巷7號,"25.000896,121.540054",1,"126 ",文山第二分局,
文山區,WQA01137,萬祥里,臺北市文山區興隆路一段68號,"25.003889,121.54049",1,"20542 ",文山第二分局,
文山區,WQA00976,萬隆里,臺北市文山區羅斯福路五段216號,"25.002338,121.538619",1,"512 ",文山第二分局,
文山區,WQA00977,萬隆里,臺北市文山區羅斯福路五段218-1號,"25.002137,121.539111",1,"372 ",文山第二分局,
文山區,WQA01036,萬隆里,臺北市文山區羅斯福路五段218巷11號,"25.002026,121.538101",1,"1241 ",文山第二分局,
文山區,WQA01038,萬隆里,臺北市文山區羅斯福路五段218巷6弄1號,"25.002314,121.53798",1,"1662 ",文山第二分局,
文山區,WQA01039,萬隆里,臺北市文山區羅斯福路五段218巷6弄6號,"25.002493,121.538124",1,"218 ",文山第二分局,
文山區,WQA01040,萬隆里,臺北市文山區羅斯福路五段236巷24號,"25.001826,121.537187",1,"722 ",文山第二分局,
文山區,WQA01109,萬隆里,臺北市文山區羅斯福路五段218巷38弄1號,"25.002728,121.537083",1,"4384 ",文山第二分局,
文山區,WQA00609,萬隆里,臺北市文山區萬隆街64號,"25.000838,121.536953",1,"461 ",文山第二分局,
文山區,WQA00611,萬隆里,臺北市文山區萬隆街74號,"25.001132,121.536727",1,"553 ",文山第二分局,
文山區,WQA00612,萬隆里,臺北市文山區萬隆街79號,"25.00015,121.536554",1,"1598 ",文山第二分局,
文山區,WQA00613,萬隆里,臺北市文山區萬隆街84號,"25.001618,121.53697",1,"1405 ",文山第二分局,
文山區,WQA00979,萬隆里,臺北市文山區羅斯福路五段230號,"25.001822,121.538805",1,"710 ",文山第二分局,
文山區,WQA01041,萬隆里,臺北市文山區羅斯福路五段236巷3號,"25.001411,121.538518",1,"192 ",文山第二分局,
文山區,WQA01042,萬隆里,臺北市文山區羅斯福路五段236巷5-4號,"25.001493,121.538146",1,"2045 ",文山第二分局,
文山區,WQA01043,萬隆里,臺北市文山區羅斯福路五段236巷7號,"25.001456,121.537781",1,"1350 ",文山第二分局,
文山區,WQA01292,萬隆里,臺北市文山區羅斯福路五段236巷5號之11,"25.001141,121.537818",1,"98 ",文山第二分局,
文山區,WQA01201,萬隆里,臺北市文山區萬隆街89-97號,"25.000115,121.537094",1,"1337 ",文山第二分局,
文山區,WQA00370,萬隆里,臺北市文山區景福街54巷5弄2號,"24.999835,121.538079",1,"624 ",文山第二分局,
文山區,WQA01257,萬隆里,臺北市文山區羅斯福路236巷3弄20號,"25.001069,121.538471",1,"1804 ",文山第二分局,
文山區,WQA00606,萬隆里,臺北市文山區萬隆街45號,"25.000501,121.537515",1,"2154 ",文山第二分局,
文山區,WQA00607,萬隆里,臺北市文山區萬隆街50號,"25.000509,121.537865",1,"49 ",文山第二分局,
文山區,WQA00608,萬隆里,臺北市文山區萬隆街6-1號,"25.000477,121.539094",1,"168 ",文山第二分局,
文山區,WQA00610,萬隆里,臺北市文山區萬隆街7號,"25.00033,121.539068",1,"254 ",文山第二分局,
文山區,WQA00614,萬隆里,臺北市文山區萬隆街13巷4號,"25.000091,121.538906",1,"757 ",文山第二分局,
文山區,WQA00615,萬隆里,臺北市文山區萬隆街52巷3號,"25.001007,121.537542",1,"2457 ",文山第二分局,
文山區,WQA00983,萬隆里,臺北市文山區羅斯福路五段266號,"25.000667,121.539278",1,"220 ",文山第二分局,
文山區,WQA01127,萬隆里,臺北市文山區萬隆街43號,"25.000402,121.537575",1,"1074 ",文山第二分局,
文山區,WQA01071,萬隆里,臺北市文山區羅斯福路六段28號,"24.999825,121.539621",1,"100 ",文山第二分局,
文山區,WQA01081,萬隆里,臺北市文山區羅斯福路六段6號,"25.000392,121.539396",1,"1024 ",文山第二分局,
文山區,WQA01097,萬隆里,臺北市文山區羅斯福路六段4號,"25.000399,121.539805",1,"329 ",文山第二分局,
文山區,WQA01258,萬隆里,臺北市文山區萬隆街48號,"25.000344,121.538445",1,"3788 ",文山第二分局,
文山區,WQA00319,萬隆里,臺北市文山區景福街100號,"24.998438,121.536862",1,"81 ",文山第二分局,
文山區,WQA00347,萬隆里,臺北市文山區景福街30號,"24.999372,121.538771",1,"724 ",文山第二分局,
文山區,WQA00348,萬隆里,臺北市文山區景福街42號,"24.999279,121.538498",1,"360 ",文山第二分局,
文山區,WQA00351,萬隆里,臺北市文山區景福街12巷2號,"24.99978,121.539222",1,"25 ",文山第二分局,
文山區,WQA00369,萬隆里,臺北市文山區景福街54巷4號,"24.999793,121.538228",1,"233 ",文山第二分局,
文山區,WQA01133,萬隆里,臺北市文山區景福54巷1號,"25.000186,121.537317",1,"16821 ",文山第二分局,
文山區,WQA01194,萬隆里,臺北市文山區萬隆街50號之2,"25.000648,121.537574",1,"250 ",文山第二分局,
文山區,WQA00904,興光里,臺北市文山區興隆路三段69號,"25.000171,121.556327",2,"1644 ",文山第二分局,
文山區,WQA01233,興光里,臺北市文山區興隆路三段137號,"24.998332,121.55878",3,"945 ",文山第二分局,
文山區,WQA01309,興光里,臺北市文山區興德路20巷18號,"25.00071,121.556573",1,"461 ",文山第二分局,
文山區,WQA00560,興光里,臺北市文山區萬芳路105巷103號,"24.996393,121.563598",1,"6402 ",文山第二分局,
文山區,WQA01235,興光里,臺北市文山區興隆路三段107巷1號,"24.99932,121.557261",3,"3280 ",文山第二分局,
文山區,WQA01290,興光里,臺北市文山區興隆路三段107巷8號,"24.99932,121.557261",3,"2333 ",文山第二分局,
文山區,WQA01315,興光里,臺北市文山區萬芳路111號,"24.996943,121.561487",1、2,"209 ",文山第二分局,
文山區,WQA00124,興光里,臺北市文山區辛亥路四段213號,"25.002281,121.555603",1,"65 ",文山第二分局,
文山區,WQA00126,興光里,臺北市文山區辛亥路四段227號,"25.001719,121.555251",1,"53 ",文山第二分局,
文山區,WQA00128,興光里,臺北市文山區辛亥路四段233號,"25.001494,121.555103",1,"213 ",文山第二分局,
文山區,WQA00176,興光里,臺北市文山區辛亥路四段211巷2號,"25.00232,121.555628",1,"94 ",文山第二分局,
文山區,WQA00889,興光里,臺北市文山區興隆路三段17號,"25.000872,121.555066",1,"70 ",文山第二分局,
文山區,WQA01336,興光里,臺北市文山區興德路22號,"25.001104,121.556299",1,"121 ",文山第二分局,
文山區,WQA00880,興光里,臺北市文山區興隆路三段153號,"24.998048,121.559304",1,"382 ",文山第二分局,
文山區,WQA00882,興光里,臺北市文山區興隆路三段153號,"24.998048,121.559304",1,"1784 ",文山第二分局,
文山區,WQA00883,興光里,臺北市文山區興隆路三段153號,"24.998048,121.559304",2,"1517 ",文山第二分局,
文山區,WQA00884,興光里,臺北市文山區興隆路三段153號,"24.998048,121.559304",1,"4901 ",文山第二分局,
文山區,WQA00885,興光里,臺北市文山區興隆路三段153號,"24.998048,121.559304",1,"234 ",文山第二分局,
文山區,WQA00886,興光里,臺北市文山區興隆路三段153號,"24.998048,121.559304",1,"1246 ",文山第二分局,
文山區,WQA00887,興光里,臺北市文山區興隆路三段153號,"24.998048,121.559304",1,"1697 ",文山第二分局,
文山區,WQA00909,興光里,臺北市文山區興隆路三段115巷1號,"25.000558,121.558781",1,"1778 ",文山第二分局,
文山區,WQA00910,興光里,臺北市文山區興隆路三段115巷1號,"25.000558,121.558781",1,"546 ",文山第二分局,
文山區,WQA00911,興光里,臺北市文山區興隆路三段115巷1號,"25.000558,121.558781",1,"2344 ",文山第二分局,
文山區,WQA00874,興光里,臺北市文山區興隆路三段111-1號,"25.000833,121.557849",3,"10412 ",文山第二分局,
文山區,WQA00875,興光里,臺北市文山區興隆路三段111-1號,"25.000833,121.557849",2,"10460 ",文山第二分局,
文山區,WQA00043,興安里,臺北市文山區仙岩路45號,"24.999374,121.54911",3,"1000 ",文山第二分局,
文山區,WQA00768,興安里,臺北市文山區興隆路二段94號,"25.000568,121.549662",1,"602 ",文山第二分局,
文山區,WQA00855,興安里,臺北市文山區興隆路二段96巷1號,"25.000336,121.550248",1,"112 ",文山第二分局,
文山區,WQA00859,興安里,臺北市文山區興隆路二段96巷2-4號,"25.000489,121.549955",1,"36 ",文山第二分局,
文山區,WQA00871,興安里,臺北市文山區興隆路二段96巷2弄1號,"25.000339,121.550057",1,"349 ",文山第二分局,
文山區,WQA00872,興安里,臺北市文山區興隆路二段96巷2弄4號,"25.000384,121.549907",1,"161 ",文山第二分局,
文山區,WQA00047,興安里,臺北市文山區仙岩路11巷2號,"24.998895,121.548261",1,"497 ",文山第二分局,
文山區,WQA01206,興安里,臺北市文山區仙岩路23號,"24.998919,121.548647",1,"201 ",文山第二分局,
文山區,WQA01237,興安里,臺北市文山區仙岩路25號,"24.999037,121.548745",1,"1496 ",文山第二分局,
文山區,WQA01317,興安里,臺北市文山區景華街216巷2號,"24.999026,121.547686",4、5,"3105 ",文山第二分局,
文山區,WQA00039,興安里,臺北市文山區仙岩路16巷51弄2號,"24.997202,121.550239",1,"374 ",文山第二分局,
文山區,WQA00040,興安里,臺北市文山區仙岩路16巷40號,"24.997298,121.549983",1,"69 ",文山第二分局,
文山區,WQA00042,興安里,臺北市文山區仙岩路40號,"24.99923,121.549195",1,"56 ",文山第二分局,
文山區,WQA00045,興安里,臺北市文山區仙岩路16巷43號,"24.997572,121.549974",1,"126 ",文山第二分局,
文山區,WQA00046,興安里,臺北市文山區仙岩路16巷51弄3號,"24.997433,121.550344",1,"94 ",文山第二分局,
文山區,WQA00051,興安里,臺北市文山區仙岩路16巷42號,"24.99718,121.550026",1,"745 ",文山第二分局,
文山區,WQA00052,興安里,臺北市文山區仙岩路16巷57弄2號,"24.996952,121.550493",1,"502 ",文山第二分局,
文山區,WQA00053,興安里,臺北市文山區仙岩路16巷57弄2號,"24.996952,121.550493",2,"134 ",文山第二分局,
文山區,WQA00060,興安里,臺北市文山區仙岩路16巷35弄6號,"24.998165,121.550147",1,"158 ",文山第二分局,
文山區,WQA00061,興安里,臺北市文山區仙岩路16巷39弄1號,"24.997896,121.550344",1,"121 ",文山第二分局,
文山區,WQA00062,興安里,臺北市文山區仙岩路16巷39弄2號,"24.99801,121.550304",1,"158 ",文山第二分局,
文山區,WQA00063,興安里,臺北市文山區仙岩路16巷41弄2號,"24.997643,121.550121",1,"706 ",文山第二分局,
文山區,WQA00856,興安里,臺北市文山區興隆路二段96巷100號,"24.997344,121.550873",1,"621 ",文山第二分局,
文山區,WQA00857,興安里,臺北市文山區興隆路二段96巷100號,"24.997344,121.550873",2,"364 ",文山第二分局,
文山區,WQA00858,興安里,臺北市文山區興隆路二段96巷15號,"24.999873,121.550348",1,"384 ",文山第二分局,
文山區,WQA00860,興安里,臺北市文山區興隆路二段96巷20-2號,"24.999732,121.550488",1,"52 ",文山第二分局,
文山區,WQA00861,興安里,臺北市文山區興隆路二段96巷24-2號,"24.999282,121.55096",1,"37 ",文山第二分局,
文山區,WQA00862,興安里,臺北市文山區興隆路二段96巷24-5號,"24.999124,121.550886",1,"1013 ",文山第二分局,
文山區,WQA00863,興安里,臺北市文山區興隆路二段96巷41號,"24.998726,121.550484",1,"22 ",文山第二分局,
文山區,WQA00864,興安里,臺北市文山區興隆路二段96巷55-2號,"24.998491,121.550464",1,"52 ",文山第二分局,
文山區,WQA00865,興安里,臺北市文山區興隆路二段96巷56-2號,"24.998335,121.550434",1,"36 ",文山第二分局,
文山區,WQA00866,興安里,臺北市文山區興隆路二段96巷72-2號,"24.998127,121.550478",1,"54 ",文山第二分局,
文山區,WQA00867,興安里,臺北市文山區興隆路二段96巷73-2號,"24.997993,121.550569",1,"24 ",文山第二分局,
文山區,WQA00868,興安里,臺北市文山區興隆路二段96巷90號,"24.997672,121.550788",2,"60 ",文山第二分局,
文山區,WQA00873,興安里,臺北市文山區仙岩路66號,"24.999822,121.549995",1,"381 ",文山第二分局,
文山區,WQA01120,興安里,臺北市文山區仙岩路16巷74號,"24.995612,121.550601",1,"1268 ",文山第二分局,
文山區,WQA01121,興安里,臺北市文山區仙岩路16巷75號,"24.996416,121.550436",2,"6506 ",文山第二分局,
文山區,WQA01260,興安里,臺北市文山區興隆路二段96巷17號,"24.999638,121.550169",4,"1960 ",文山第二分局,
文山區,WQA01283,興安里,臺北市文山區仙岩路68號,"24.99991,121.550113",1,"196 ",文山第二分局,
文山區,WQA00048,興安里,臺北市文山區仙岩路16巷28號,"24.997705,121.548884",1,"172 ",文山第二分局,
文山區,WQA00049,興安里,臺北市文山區仙岩路16巷30-1號,"24.99761,121.549071",2,"242 ",文山第二分局,
文山區,WQA00050,興安里,臺北市文山區仙岩路16巷36號,"24.997464,121.549483",2,"212 ",文山第二分局,
文山區,WQA00054,興安里,臺北市文山區仙岩路188號,"25.000705,121.551323",1,"486 ",文山第二分局,
文山區,WQA00055,興安里,臺北市文山區景華街174號,"24.997199,121.547944",1,"57 ",文山第二分局,
文山區,WQA00059,興安里,臺北市文山區仙岩路6巷2號,"24.997914,121.548201",1,"378 ",文山第二分局,
文山區,WQA00270,興安里,臺北市文山區景華街176巷9號,"24.997305,121.5484",1,"614 ",文山第二分局,
文山區,WQA01196,興安里,臺北市文山區景華街150巷21號,"24.996085,121.548205",1,"893 ",文山第二分局,
文山區,WQA00790,興安里,臺北市文山區景華街170號,"24.997071,121.547929",1,"184 ",文山第二分局,
文山區,WQA00791,興安里,臺北市文山區景華街154號,"24.996478,121.547661",1,"133 ",文山第二分局,
文山區,WQA00796,興安里,臺北市文山區景華街150巷15號,"24.996787,121.548188",1,"258 ",文山第二分局,
文山區,WQA01152,興安里,臺北市文山區景崋街176巷15號,"24.997329,121.548823",1,"229 ",文山第二分局,
文山區,WQA00287,興安里,臺北市文山區景華街150巷21號,"24.996085,121.548205",1,"2425 ",文山第二分局,
文山區,WQA01224,興安里,"臺北市文山區景華街150巷1號之1 ","24.996262,121.547971",1,"476 ",文山第二分局,
文山區,WQA01295,興安里,臺北市文山區景華街176巷22號,"24.996993,121.549421",1,"192 ",文山第二分局,
文山區,WQA01297,興安里,臺北市文山區景華街176巷2號,"24.997167,121.548187",1,"750 ",文山第二分局,
文山區,WQA00043,興安里,臺北市文山區仙岩路4-1號,"24.998225,121.547973",1,"82 ",文山第二分局,
文山區,WQA00058,興安里,臺北市文山區仙岩路22巷9號,"24.998607,121.549464",2,"2742 ",文山第二分局,
文山區,WQA01164,興安里,臺北市文山區仙岩路18號,"24.998562,121.54852",1,"526 ",文山第二分局,
文山區,WQA01317,興安里,臺北市文山區景華街216巷2號,"24.999026,121.547686",4、5,"3105 ",文山第二分局,
文山區,WQA01324,興安里,臺北市文山區仙岩路22巷1號,"24.998909,121.549008",1,"3070 ",文山第二分局,
文山區,WQA01326,興安里,臺北市文山區興隆路二段96巷26-2號,"24.999369,121.55033",1,"261 ",文山第二分局,
文山區,WQA00745,興邦里,臺北市文山區興隆路二段189號,"25.00083,121.549437",1,"89 ",文山第二分局,
文山區,WQA00770,興邦里,臺北市文山區興隆路二段123巷6號,"25.000304,121.54763",1,"464 ",文山第二分局,
文山區,WQA00771,興邦里,臺北市文山區里興隆路二段153巷11號,"25.0010919,121.547964",1,"472 ",文山第二分局,
文山區,WQA00772,興邦里,臺北市文山區興隆路二段153巷5弄2號,"25.001144,121.547876",1,"108 ",文山第二分局,
文山區,WQA00778,興邦里,臺北市文山區興隆路二段153巷6弄9號,"25.00158,121.548362",3,"1385 ",文山第二分局,
文山區,WQA01104,興邦里,臺北市文山區興隆路二段203巷78號,"25.00271,121.547253",1,"8442 ",文山第二分局,
文山區,WQA01134,興邦里,臺北市文山區興隆路路二段203巷48號,"25.002504,121.547976",1,"6402 ",文山第二分局,
文山區,WQA01293,興邦里,臺北市文山區興隆路路二段203巷97號,"25.003147,121.546606",1,"1282 ",文山第二分局,
文山區,WQA01296,興邦里,臺北市文山區興隆路路二段203巷119號,"25.003601,121.545826",1,"209 ",文山第二分局,
文山區,WQA01300,興邦里,臺北市文山區興隆路路二段203巷127號,"25.003419,121.54612",1,"1550 ",文山第二分局,
文山區,WQA01302,興邦里,臺北市文山區興隆路路二段203巷151號,"25.003537,121.547083",1、2,"900 ",文山第二分局,
文山區,WQA00752,興邦里,臺北市文山區興隆路二段235號,"25.001674,121.550867",1,"417 ",文山第二分局,
文山區,WQA00752,興邦里,臺北市文山區興隆路二段235號,"25.001674,121.550867",1,"113 ",文山第二分局,
文山區,WQA00754,興邦里,臺北市文山區興隆路二段237號,"25.001888,121.551286",1,"28 ",文山第二分局,
文山區,WQA00755,興邦里,臺北市文山區興隆路二段239號,"25.001901,121.551323",1,"36 ",文山第二分局,
文山區,WQA00756,興邦里,臺北市文山區興隆路二段243號,"25.00192,121.551388",1,"42 ",文山第二分局,
文山區,WQA00775,興邦里,臺北市文山區興隆路二段203巷1號,"25.001265,121.549376",1,"164 ",文山第二分局,
文山區,WQA00776,興邦里,臺北市文山區興隆路二段203巷8號,"25.001829,121.549075",1,"314 ",文山第二分局,
文山區,WQA00777,興邦里,臺北市文山區興隆路二段203巷9號,"25.001498,121.549154",1,"272 ",文山第二分局,
文山區,WQA00778,興邦里,臺北市文山區興隆路二段203巷6弄1號,"25.001712,121.549173",1,"136 ",文山第二分局,
文山區,WQA00779,興邦里,臺北市文山區興隆路二段217巷8號,"25.002182,121.549381",3,"1432 ",文山第二分局,
文山區,WQA00825,興邦里,臺北市文山區興隆路二段233巷2號,"25.002136,121.550477",1,"440 ",文山第二分局,
文山區,WQA01115,興邦里,臺北市文山區興隆路二段233巷5弄2號,"25.002395,121.550301",1,"652 ",文山第二分局,
文山區,WQA01255,興邦里,臺北市文山區興隆路二段233巷5弄16號,"25.002472,121.549932",1,"336 ",文山第二分局,
文山區,WQA01331,興邦里,臺北市文山區興隆路二段251號,"25.001975,121.551646",1,"174 ",文山第二分局,
文山區,WQA01335,興邦里,臺北市文山區興隆路二段153巷5弄16號,"25.000848,121.547385",1,"398 ",文山第二分局,
文山區,WQA00642,興旺里,臺北市文山區福興路15號,"25.002511,121.551618",1,"126 ",文山第二分局,
文山區,WQA00646,興旺里,臺北市文山區福興路23號,"25.002737,121.551264",1,"402 ",文山第二分局,
文山區,WQA00647,興旺里,臺北市文山區福興路30號,"25.003032,121.551095",1,"140 ",文山第二分局,
文山區,WQA00648,興旺里,臺北市文山區福興路35號,"25.002929,121.550956",1,"190 ",文山第二分局,
文山區,WQA00649,興旺里,臺北市文山區福興路48號,"25.003309,121.55067",1,"550 ",文山第二分局,
文山區,WQA00650,興旺里,臺北市文山區福興路53號,"25.003309,121.550417",1,"110 ",文山第二分局,
文山區,WQA00656,興旺里,臺北市文山區福興路81-1號,"25.004296,121.549707",1,"97 ",文山第二分局,
文山區,WQA00659,興旺里,臺北市文山區福興路21巷1號,"25.002547,121.551428",1,"265 ",文山第二分局,
文山區,WQA00660,興旺里,臺北市文山區福興路4巷3號,"25.003063,121.551569",1,"56 ",文山第二分局,
文山區,WQA00661,興旺里,臺北市文山區福興路4巷9號,"25.00325,121.551709",1,"177 ",文山第二分局,
文山區,WQA00670,興旺里,臺北市文山區福興路46巷2號,"25.003043,121.551074",1,"220 ",文山第二分局,
文山區,WQA00671,興旺里,臺北市文山區福興路63巷1號,"25.003397,121.550068",1,"734 ",文山第二分局,
文山區,WQA00678,興旺里,臺北市文山區福興路78巷1弄14號,"25.00497,121.55106",1,"137 ",文山第二分局,
文山區,WQA00679,興旺里,臺北市文山區福興路78巷1弄2號,"25.004473,121.551165",1,"317 ",文山第二分局,
文山區,WQA00681,興旺里,臺北市文山區福興路78巷20弄1號,"25.004365,121.551185",1,"322 ",文山第二分局,
文山區,WQA00682,興旺里,臺北市文山區福興路78巷20弄17號,"25.00456,121.551323",1,"437 ",文山第二分局,
文山區,WQA00683,興旺里,臺北市文山區福興路78巷20弄37號,"25.004954,121.551391",1,"418 ",文山第二分局,
文山區,WQA00684,興旺里,臺北市文山區福興路78巷20弄38號,"25.004829,121.551822",1,"310 ",文山第二分局,
文山區,WQA00685,興旺里,臺北市文山區福興路78巷20弄53號,"25.005147,121.551486",1,"84 ",文山第二分局,
文山區,WQA00686,興旺里,臺北市文山區福興路78巷20弄57號,"25.005303,121.551486",1,"852 ",文山第二分局,
文山區,WQA01122,興旺里,臺北市文山區福興路78巷１弄20號,"25.005215,121.551233",1,"164 ",文山第二分局,
文山區,WQA00651,興旺里,臺北市文山區福興路62號,"25.003764,121.55025",3,"2400 ",文山第二分局,
文山區,WQA00662,興旺里,臺北市文山區福興路4巷15弄16號,"25.00392,121.551596",1,"262 ",文山第二分局,
文山區,WQA00663,興旺里,臺北市文山區福興路4巷15弄2號,"25.003498,121.551833",1,"369 ",文山第二分局,
文山區,WQA00664,興旺里,臺北市文山區福興路4巷5弄1號,"25.003688,121.55219",1,"65 ",文山第二分局,
文山區,WQA00665,興旺里,臺北市文山區福興路4巷5弄12號,"25.003432,121.55249",3,"1552 ",文山第二分局,
文山區,WQA00666,興旺里,臺北市文山區福興路4巷6弄14號,"25.003819,121.55294",1,"236 ",文山第二分局,
文山區,WQA00667,興旺里,臺北市文山區福興路4巷6弄2號,"25.003841,121.55198",1,"65 ",文山第二分局,
文山區,WQA00668,興旺里,臺北市文山區福興路4巷6弄22號,"25.004221,121.552835",1,"466 ",文山第二分局,
文山區,WQA00669,興旺里,臺北市文山區福興路4巷7弄6號,"25.003388,121.551464",1,"400 ",文山第二分局,
文山區,WQA00677,興旺里,臺北市文山區福興路78巷8號,"25.004289,121.550389",1,"450 ",文山第二分局,
文山區,WQA00680,興旺里,臺北市文山區福興路78巷10弄1號,"25.004321,121.550563",1,"1602 ",文山第二分局,
文山區,WQA00657,興旺里,臺北市文山區福興路84號,"25.005593,121.549685",2,"1418 ",文山第二分局,
文山區,WQA00658,興旺里,臺北市文山區福興路96號,"25.005849,121.549977",1,"750 ",文山第二分局,
文山區,WQA00687,興旺里,臺北市文山區福興路82巷2號,"25.005707,121.550884",1,"257 ",文山第二分局,
文山區,WQA00688,興旺里,臺北市文山區福興路82巷8號,"25.006074,121.551137",1,"206 ",文山第二分局,
文山區,WQA00689,興旺里,臺北市文山區福興路82巷1弄1號,"25.006122,121.550452",1,"401 ",文山第二分局,
文山區,WQA00690,興旺里,臺北市文山區福興路82巷1弄2號,"25.00618,121.550961",1,"1224 ",文山第二分局,
文山區,WQA00691,興旺里,臺北市文山區福興路82巷5弄2號,"25.006592,121.551302",1,"388 ",文山第二分局,
文山區,WQA01177,興旺里,臺北市文山區福興路100號,"25.006057,121.549498",2,"1494 ",文山第二分局,
文山區,WQA01192,興旺里,臺北市文山區福興路106號,"25.006264,121.549342",1,"160 ",文山第二分局,
文山區,WQA01207,興旺里,臺北市文山區福興路108號,"25.006533,121.549195",2,"1805 ",文山第二分局,
文山區,WQA01208,興旺里,"臺北市文山區福興路108號之8 ","25.00691,121.549102",1,"96 ",文山第二分局,
文山區,WQA01256,興旺里,臺北市文山區福興路106巷28弄1號,"25.006575,121.550103",1,"2614 ",文山第二分局,
文山區,WQA01266,興旺里,臺北市文山區福興路106巷13號,"25.006699,121.549509",1,"882 ",文山第二分局,
文山區,WQA01289,興旺里,臺北市文山區福興路106巷25號,"25.006708,121.549781",4,"3109 ",文山第二分局,
文山區,WQA00673,興旺里,臺北市文山區福興路63巷4弄1號,"25.003706,121.549267",1,"164 ",文山第二分局,
文山區,WQA00674,興旺里,臺北市文山區福興路63巷4弄17號,"25.004297,121.5491",1,"185 ",文山第二分局,
文山區,WQA00675,興旺里,臺北市文山區福興路63巷4弄2號,"25.003617,121.54942",1,"306 ",文山第二分局,
文山區,WQA00676,興旺里,臺北市文山區福興路63巷4弄22號,"25.004418,121.549334",1,"1617 ",文山第二分局,
文山區,WQA01107,興旺里,臺北市文山區福興路63巷4弄11號,"25.004086,121.549127",1,"3606 ",文山第二分局,
文山區,WQA01149,興旺里,臺北市文山區福興路95巷69號,"25.005617,121.546538",1,"404 ",文山第二分局,
文山區,WQA01151,興旺里,臺北市文山區福興路95巷21號,"25.00485,121.548485",1,"5648 ",文山第二分局,
文山區,WQA01153,興旺里,臺北市文山區福興路95巷47號,"25.005561,121.547152",1,"3708 ",文山第二分局,
文山區,WQA01218,興旺里,臺北市文山區福興路99號,"25.006769,121.548815",1,"430 ",文山第二分局,
文山區,WQA01228,興旺里,臺北市文山區福興路95巷17號,"25.004674,121.548715",1,"1328 ",文山第二分局,
文山區,WQA01329,興旺里,臺北市文山區福興路2號,"25.002416,121.551916",1,"118 ",文山第二分局,
文山區,WQA00643,興旺里,臺北市文山區福興路2號,"25.002416,121.551916",1,"1790 ",文山第二分局,
文山區,WQA0644,興旺里,臺北市文山區福興路2號,"25.002416,121.551916",1,"405 ",文山第二分局,
文山區,WQA00645,興旺里,臺北市文山區福興路2號,"25.002416,121.551916",1,"538 ",文山第二分局,
文山區,WQA00652,興旺里,臺北市文山區福興路80號,"25.004899,121.549743",1,"573 ",文山第二分局,
文山區,WQA00653,興旺里,臺北市文山區福興路80號,"25.004899,121.549743",1,"573 ",文山第二分局,
文山區,WQA00655,興旺里,臺北市文山區福興路80號,"25.004899,121.549743",1,"1533 ",文山第二分局,
文山區,WQA00561,興昌里,臺北市文山區萬美街二段49號,"25.005178,121.564573",3,"600 ",文山第二分局,
文山區,WQA00562,興昌里,臺北市文山區萬美街二段49號,"25.005178,121.564573",3,"3860 ",文山第二分局,
文山區,WQA00563,興昌里,臺北市文山區萬美街二段49號,"25.005178,121.564573",2,"686 ",文山第二分局,
文山區,WQA00564,興昌里,臺北市文山區萬美街二段63號,"25.004873,121.563829",1,"262 ",文山第二分局,
文山區,WQA00565,興昌里,臺北市文山區萬美街二段63號,"25.004873,121.563829",1,"1048 ",文山第二分局,
文山區,WQA00943,興昌里,臺北市文山區興德路55-1號,"25.002908,121.557163",1,"292 ",文山第二分局,
文山區,WQA00948,興昌里,臺北市文山區興德路62巷13號,"25.002129,121.55754",1,"94 ",文山第二分局,
文山區,WQA01264,興昌里,臺北市文山區興德路64巷1-21號,"25.00335,121.557547",1,"956 ",文山第二分局,
文山區,WQA00140,興昌里,臺北市文山區辛亥路四段101巷85-12號,"25.006533,121.560028",1,"554 ",文山第二分局,
文山區,WQA00167,興昌里,臺北市文山區辛亥路四段21巷26號,"25.009398,121.559152",1,"940 ",文山第二分局,
文山區,WQA00186,興昌里,臺北市文山區辛亥路四段77巷52號,"25.00756,121.560288",1,"1996 ",文山第二分局,
文山區,WQA00187,興昌里,臺北市文山區辛亥路四段77巷52號,"25.00756,121.560288",2,"1066 ",文山第二分局,
文山區,WQA00133,興昌里,臺北市文山區辛亥路四段101巷100號,"25.00625,121.560464",1,"1656 ",文山第二分局,
文山區,WQA00134,興昌里,臺北市文山區辛亥路四段101巷115號,"25.006329,121.561312",1,"236 ",文山第二分局,
文山區,WQA00135,興昌里,臺北市文山區辛亥路四段101巷131號,"25.006238,121.561859",1,"125 ",文山第二分局,
文山區,WQA00137,興昌里,臺北市文山區辛亥路四段101巷145號,"25.006225,121.562579",1,"505 ",文山第二分局,
文山區,WQA00146,興昌里,臺北市文山區辛亥路四段101巷140弄64號,"25.007512,121.562175",1,"73 ",文山第二分局,
文山區,WQA00147,興昌里,臺北市文山區辛亥路四段101巷140弄64-4號,"25.008005,121.562276",1,"78 ",文山第二分局,
文山區,WQA00148,興昌里,臺北市文山區辛亥路四段101巷140弄66號,"25.007484,121.561932",1,"64 ",文山第二分局,
文山區,WQA00149,興昌里,臺北市文山區辛亥路四段101巷140弄68號,"25.007508,121.561764",1,"96 ",文山第二分局,
文山區,WQA00150,興昌里,臺北市文山區辛亥路四段101巷140弄7號,"25.00657,121.562273",1,"81 ",文山第二分局,
文山區,WQA00151,興昌里,臺北市文山區辛亥路四段101巷93弄34號,"25.006582,121.561752",1,"70 ",文山第二分局,
文山區,WQA00152,興昌里,臺北市文山區辛亥路四段101巷93弄37號,"25.006831,121.561387",1,"52 ",文山第二分局,
文山區,WQA00153,興昌里,臺北市文山區辛亥路四段101巷93弄43號,"25.006896,121.561145",1,"270 ",文山第二分局,
文山區,WQA00154,興昌里,臺北市文山區辛亥路四段101巷93弄48號,"25.00719,121.561502",1,"172 ",文山第二分局,
文山區,WQA00155,興昌里,臺北市文山區萬美街二段21巷20號,"25.003422,121.560789",1,"1708 ",文山第二分局,
文山區,WQA00566,興昌里,臺北市文山區萬美街二段21巷35-1號,"25.00364,121.559573",1,"1858 ",文山第二分局,
文山區,WQA01119,興昌里,臺北市文山區萬美街二段80號,"25.005324,121.560865",3,"5158 ",文山第二分局,
文山區,WQA01182,興昌里,"臺北市文山區辛亥路四段101巷99號之1 ","25.006513,121.560686",1,"956 ",文山第二分局,
文山區,WQA00168,興昌里,臺北市文山區辛亥路四段21巷4號,"25.008499,121.558961",4,"1332 ",文山第二分局,
文山區,WQA00169,興昌里,臺北市文山區辛亥路四段21巷4號,"25.008499,121.558961",3,"1202 ",文山第二分局,
文山區,WQA00184,興昌里,臺北市文山區辛亥路四段77巷1號,"25.00748,121.55919",3,"2578 ",文山第二分局,
文山區,WQA00185,興昌里,臺北市文山區辛亥路四段77巷1號,"25.00748,121.55919",2,"6008 ",文山第二分局,
文山區,WQA00188,興昌里,臺北市文山區辛亥路四段77巷96號,"25.009374,121.560309",2,"2762 ",文山第二分局,
文山區,WQA01126,興昌里,臺北市文山區辛亥路四段77巷6號,"25.007294,121.559057",2,"2214 ",文山第二分局,
文山區,WQA01182,興昌里,臺北市文山區辛亥路四段77巷92弄1號,"25.009027,121.560322",2,"5721 ",文山第二分局,
文山區,WQA01116,興昌里,臺北市文山區辛亥路四段103號,"25.006285,121.558549",2,"3494 ",文山第二分局,
文山區,WQA00123,興昌里,臺北市文山區辛亥路四段103號,"25.006285,121.558549",1,"2030 ",文山第二分局,
文山區,WQA00894,興家里,臺北市文山區興隆路三段207號,"24.995162,121.559841",1,"7464 ",文山第二分局,
文山區,WQA00895,興家里,臺北市文山區興隆路三段215號,"24.994582,121.559773",1,"192 ",文山第二分局,
文山區,WQA00896,興家里,臺北市文山區興隆路三段219-1號,"24.994253,121.559642",1,"452 ",文山第二分局,
文山區,WQA00921,興家里,臺北市文山區興隆路三段207巷6弄1號,"24.994876,121.56025",1,"246 ",文山第二分局,
文山區,WQA00898,興家里,臺北市文山區興隆路三段243號,"24.993044,121.559062",1,"478 ",文山第二分局,
文山區,WQA00899,興家里,臺北市文山區興隆路三段257號,"24.992553,121.558888",1,"462 ",文山第二分局,
文山區,WQA00924,興家里,臺北市文山區興隆路三段229巷7號,"24.993006,121.559568",1,"420 ",文山第二分局,
文山區,WQA00925,興家里,臺北市文山區興隆路三段255巷10號,"24.992691,121.560052",1,"414 ",文山第二分局,
文山區,WQA00926,興家里,臺北市文山區興隆路三段255巷15號,"24.993061,121.560059",1,"283 ",文山第二分局,
文山區,WQA00927,興家里,臺北市文山區興隆路三段255巷15號,"24.993061,121.560059",2,"283 ",文山第二分局,
文山區,WQA00928,興家里,臺北市文山區興隆路三段255巷2號,"24.992443,121.559556",1,"180 ",文山第二分局,
文山區,WQA00929,興家里,臺北市文山區興隆路三段255巷23-2號,"24.993196,121.561077",2,"216 ",文山第二分局,
文山區,WQA00930,興家里,臺北市文山區興隆路三段255巷25號,"24.993127,121.560796",1,"1257 ",文山第二分局,
文山區,WQA00931,興家里,臺北市文山區興隆路三段255巷3號,"24.992604,121.559584",1,"1749 ",文山第二分局,
文山區,WQA00932,興家里,臺北市文山區興隆路三段255巷37號,"24.992331,121.560098",2,"52 ",文山第二分局,
文山區,WQA00933,興家里,臺北市文山區興隆路三段255巷8-1號,"24.992619,121.5599",1,"119 ",文山第二分局,
文山區,WQA00934,興家里,臺北市文山區興隆路三段255巷6弄1號,"24.992477,121.559751",1,"237 ",文山第二分局,
文山區,WQA00935,興家里,臺北市文山區興隆路三段255巷6弄1號,"24.992477,121.559751",2,"116 ",文山第二分局,
文山區,WQA00936,興家里,臺北市文山區興隆路三段255巷6弄14號,"24.991555,121.559341",1,"427 ",文山第二分局,
文山區,WQA00937,興家里,臺北市文山區興隆路三段255巷6弄14號,"24.991555,121.559341",2,"362 ",文山第二分局,
文山區,WQA00938,興家里,臺北市文山區興隆路三段255巷6弄7號,"24.992004,121.559361",2,"181 ",文山第二分局,
文山區,WQA00939,興家里,臺北市文山區興隆路三段255巷6弄9號,"24.992149,121.559687",1,"232 ",文山第二分局,
文山區,WQA00893,興家里,臺北市文山區興隆路三段205號,"24.995453,121.559928",1,"5094 ",文山第二分局,
文山區,WQA00897,興家里,臺北市文山區興隆路三段223-2號,"24.993974,121.559496",1,"822 ",文山第二分局,
文山區,WQA00922,興家里,臺北市文山區興隆路三段221巷2弄1號,"24.994153,121.560035",1,"3878 ",文山第二分局,
文山區,WQA00914,興家里,臺北市文山區興隆路三段185巷1弄2號,"24.995718,121.560515",1,"5066 ",文山第二分局,
文山區,WQA01281,興家里,臺北市文山區興隆路三段181巷66號,"24.996476,121.561584",3,"1150 ",文山第二分局,
文山區,WQA00760,興泰里,臺北市文山區興隆路二段277號,"25.00166,121.552628",1,"136 ",文山第二分局,
文山區,WQA00761,興泰里,臺北市文山區興隆路二段295號,"25.001487,121.553113",1,"46 ",文山第二分局,
文山區,WQA00762,興泰里,臺北市文山區興隆路二段317號,"25.001269,121.553738",1,"132 ",文山第二分局,
文山區,WQA00763,興泰里,臺北市文山區興隆路二段327號,"25.001169,121.554023",1,"37 ",文山第二分局,
文山區,WQA00836,興泰里,臺北市文山區興隆路二段275巷2號,"25.001881,121.552712",1,"21 ",文山第二分局,
文山區,WQA00837,興泰里,臺北市文山區興隆路二段275巷20號,"25.002299,121.552899",1,"90 ",文山第二分局,
文山區,WQA00838,興泰里,臺北市文山區興隆路二段275巷4號,"25.00196,121.552756",1,"436 ",文山第二分局,
文山區,WQA00839,興泰里,臺北市文山區興隆路二段275巷1弄2號,"25.002796,121.552797",2,"2025 ",文山第二分局,
文山區,WQA00841,興泰里,臺北市文山區興隆路二段301巷2號,"25.00157,121.553398",1,"77 ",文山第二分局,
文山區,WQA00842,興泰里,臺北市文山區興隆路二段301巷4號,"25.001636,121.553421",1,"1352 ",文山第二分局,
文山區,WQA00843,興泰里,臺北市文山區興隆路二段301巷4-2號,"25.001763,121.553487",1,"65 ",文山第二分局,
文山區,WQA00844,興泰里,臺北市文山區興隆路二段301巷21弄1號,"25.002341,121.553353",1,"117 ",文山第二分局,
文山區,WQA00845,興泰里,臺北市文山區興隆路二段301巷21弄6號,"25.002504,121.553472",1,"1065 ",文山第二分局,
文山區,WQA01172,興泰里,臺北市文山區辛亥路四段252巷2弄1號,"25.001691,121.554422",2,"3497 ",文山第二分局,
文山區,WQA01178,興泰里,臺北市文山區興隆路二段315號,"25.001298,121.553646",2,"158 ",文山第二分局,
文山區,WQA00156,興泰里,臺北市文山區辛亥路四段130巷9號,"25.004939,121.556516",2,"393 ",文山第二分局,
文山區,WQA00157,興泰里,臺北市文山區辛亥路四段166巷5號,"25.004121,121.555869",1,"333 ",文山第二分局,
文山區,WQA00158,興泰里,臺北市文山區辛亥路四段166巷5號,"25.004121,121.555869",2,"360 ",文山第二分局,
文山區,WQA00159,興泰里,臺北市文山區辛亥路四段166巷5-3號,"25.004034,121.555722",1,"765 ",文山第二分局,
文山區,WQA00160,興泰里,臺北市文山區辛亥路四段166巷6號,"25.004211,121.556068",1,"542 ",文山第二分局,
文山區,WQA00161,興泰里,臺北市文山區辛亥路四段166巷7號,"25.004389,121.555829",1,"354 ",文山第二分局,
文山區,WQA00162,興泰里,臺北市文山區辛亥路四段166巷7-1號,"25.004303,121.555843",1,"86 ",文山第二分局,
文山區,WQA00163,興泰里,臺北市文山區辛亥路四段166巷8號,"25.004321,121.556025",1,"24 ",文山第二分局,
文山區,WQA00164,興泰里,臺北市文山區辛亥路四段166巷26弄4號,"25.004946,121.556141",1,"297 ",文山第二分局,
文山區,WQA00165,興泰里,臺北市文山區辛亥路四段188巷24弄1號,"25.0041,121.555586",1,"302 ",文山第二分局,
文山區,WQA01254,興泰里,臺北市文山區辛亥路四段132號,"25.004528,121.556642",1,"2142 ",文山第二分局,
文山區,WQA01322,興泰里,臺北市文山區辛亥路四段128之1號,"25.005179,121.556687",1,"2378 ",文山第二分局,
文山區,WQA00125,興泰里,臺北市文山區辛亥路四段224號,"25.002189,121.555283",1,"129 ",文山第二分局,
文山區,WQA00127,興泰里,臺北市文山區辛亥路四段230號,"25.001968,121.555139",1,"209 ",文山第二分局,
文山區,WQA00129,興泰里,臺北市文山區辛亥路四段248號,"25.001563,121.554882",1,"214 ",文山第二分局,
文山區,WQA00130,興泰里,臺北市文山區辛亥路四段248號,"25.001563,121.554882",2,"509 ",文山第二分局,
文山區,WQA00166,興泰里,臺北市文山區辛亥路四段202巷1弄1號,"25.002723,121.555357",1,"662 ",文山第二分局,
文山區,WQA00177,興泰里,臺北市文山區辛亥路四段222巷16號,"25.002568,121.554084",1,"144 ",文山第二分局,
文山區,WQA00178,興泰里,臺北市文山區辛亥路四段222巷2號,"25.002369,121.555147",1,"201 ",文山第二分局,
文山區,WQA00179,興泰里,臺北市文山區辛亥路四段222巷21號,"25.002454,121.554135",1,"150 ",文山第二分局,
文山區,WQA00181,興泰里,臺北市文山區辛亥路四段222巷19弄6號,"25.002267,121.554141",1,"374 ",文山第二分局,
文山區,WQA00182,興泰里,臺北市文山區辛亥路四段252巷2弄2號,"25.001632,121.554554",1,"964 ",文山第二分局,
文山區,WQA00183,興泰里,臺北市文山區辛亥路四段252巷2弄2號,"25.001632,121.554554",2,"945 ",文山第二分局,
文山區,WQA00840,興泰里,臺北市文山區興隆路二段301巷18號,"25.002735,121.554119",2,"853 ",文山第二分局,
文山區,WQA01262,興泰里,臺北市文山區興隆路二段301巷23號,"25.002507,121.553636",2,"952 ",文山第二分局,
文山區,WQA01330,興泰里,臺北市文山區辛亥路四段166巷21號,"25.004611,121.555402",1,"1309 ",文山第二分局,
文山區,WQA00878,興得里,臺北市文山區興隆路三段138,"24.998747,121.558031",1,"73 ",文山第二分局,
文山區,WQA00879,興得里,臺北市文山區興隆路三段146號,"24.998674,121.558114",1,"80 ",文山第二分局,
文山區,WQA00891,興得里,臺北市文山區興隆路三段178號,"24.998103,121.558642",1,"136 ",文山第二分局,
文山區,WQA00892,興得里,臺北市文山區興隆路三段194號,"24.997926,121.558837",1,"453 ",文山第二分局,
文山區,WQA00901,興得里,臺北市文山區興隆路三段298-1號,"24.993231,121.558837",2,"1470 ",文山第二分局,
文山區,WQA00912,興得里,臺北市文山區興隆路三段152巷1號,"24.998387,121.558173",1,"149 ",文山第二分局,
文山區,WQA00915,興得里,臺北市文山區興隆路三段192巷2弄1號,"24.997961,121.558233",1,"222 ",文山第二分局,
文山區,WQA00916,興得里,臺北市文山區興隆路三段192巷2弄13號,"24.998151,121.557847",1,"200 ",文山第二分局,
文山區,WQA00917,興得里,臺北市文山區興隆路三段192巷2弄2號,"24.99791,121.558508",1,"212 ",文山第二分局,
文山區,WQA00940,興得里,臺北市文山區興隆路三段304巷121號,"24.995822,121.556059",1,"1526 ",文山第二分局,
文山區,WQA00941,興得里,臺北市文山區興隆路三段304巷27-1號,"24.994235,121.558034",1,"706 ",文山第二分局,
文山區,WQA00942,興得里,臺北市文山區興隆路三段304巷31號,"24.99471,121.557523",1,"282 ",文山第二分局,
文山區,WQA01139,興得里,臺北市文山區興隆路三段304巷26號,"24.995999,121.555871",3,"2180 ",文山第二分局,
文山區,WQA01166,興得里,臺北市文山區興隆路三段306號,"24.992528,121.558553",1,"453 ",文山第二分局,
文山區,WQA01171,興得里,臺北市文山區興隆路三段304巷145號,"24.99573,121.555009",1,"1682 ",文山第二分局,
文山區,WQA01200,興得里,臺北市文山區興隆路三段304巷99-101號,"24.995559,121.556117",1,"772 ",文山第二分局,
文山區,WQA01249,興得里,臺北市文山區興隆路三段304巷151號,"24.995788,121.554588",1,"1157 ",文山第二分局,
文山區,WQA01261,興得里,臺北市文山區興隆路三段222號,"24.997036,121.559693",2,"2522 ",文山第二分局,
文山區,WQA01311,興得里,臺北市文山區興隆路三段304巷85號,"24.995242,121.556631",1,"173 ",文山第二分局,
文山區,WQA01318,興得里,臺北市文山區興隆路三段304巷167號,"24.995258,121.554691",2,"1850 ",文山第二分局,
文山區,WQA00905,興得里,臺北市文山區興隆路三段78號,"24.999804,121.556505",1,"1450 ",文山第二分局,
文山區,WQA00906,興得里,臺北市文山區興隆路三段112巷1號,"24.998906,121.557312",1,"305 ",文山第二分局,
文山區,WQA00920,興得里,臺北市文山區興隆路三段192巷8弄46,"24.998017,121.557275",1,"132 ",文山第二分局,
文山區,WQA01271,興得里,臺北市文山區興隆路三段36巷3號,"25.000229,121.555404",1,"613 ",文山第二分局,
文山區,WQA00106,興得里,臺北市文山區辛亥路五段27號,"24.99977,121.554151",1,"868 ",文山第二分局,
文山區,WQA00107,興得里,臺北市文山區辛亥路五段57號,"24.998684,121.553577",1,"940 ",文山第二分局,
文山區,WQA00109,興得里,臺北市文山區辛亥路五段75號,"24.99808,121.553112",1,"2376 ",文山第二分局,
文山區,WQA00121,興得里,臺北市文山區辛亥路五段73巷3號,"24.997748,121.553546",1,"572 ",文山第二分局,
文山區,WQA00122,興得里,臺北市文山區辛亥路五段73巷7弄1號,"24.997667,121.553755",1,"326 ",文山第二分局,
文山區,WQA01305,興得里,臺北市文山區辛亥路五段69號,"24.998256,121.553314",1,"316 ",文山第二分局,
文山區,WQA00907,興得里,臺北市文山區興隆路三段112巷2弄1號,"24.998875,121.557121",1,"1506 ",文山第二分局,
文山區,WQA00908,興得里,臺北市文山區興隆路三段112巷4弄1,"24.998594,121.556925",1,"168 ",文山第二分局,
文山區,WQA00918,興得里,臺北市文山區興隆路三段192巷8弄2,"24.997689,121.558203",1,"298 ",文山第二分局,
文山區,WQA00919,興得里,臺北市文山區興隆路三段192巷8弄22號,"24.997941,121.557851",1,"273 ",文山第二分局,
文山區,WQA01334,興得里,臺北市文山區興隆路三段304巷91號,"24.995379,121.556102",1,"793 ",文山第二分局,
文山區,WQA01340,興得里,臺北市文山區興隆路三段192巷2弄25號,"24.998199,121.55734",1,"886 ",文山第二分局,
文山區,WQA01343,興得里,臺北市文山區興隆路三段76號,"24.999818,121.556364",1,"546 ",文山第二分局,
文山區,WQA01193,興得里,臺北市文山區興隆路三段56號,"24.999264,121.555404",1,"14173 ",文山第二分局,
文山區,WQA00750,興業里,臺北市文山區興隆路二段222-2號,"25.001342,121.552828",1,"576 ",文山第二分局,
文山區,WQA00751,興業里,臺北市文山區興隆路二段224號,"25.001249,121.553034",1,"2997 ",文山第二分局,
文山區,WQA00757,興業里,臺北市文山區興隆路二段252號,"25.000682,121.554258",1,"845 ",文山第二分局,
文山區,WQA00758,興業里,臺北市文山區興隆路二段252號,"25.000682,121.554258",2,"3172 ",文山第二分局,
文山區,WQA00759,興業里,臺北市文山區興隆路二段252號,"25.000682,121.554258",3,"3172 ",文山第二分局,
文山區,WQA00802,興業里,臺北市文山區興隆路二段220巷1號,"25.001144,121.552622",1,"178 ",文山第二分局,
文山區,WQA00803,興業里,臺北市文山區興隆路二段220巷45號,"25.000003,121.552093",1,"258 ",文山第二分局,
文山區,WQA00804,興業里,臺北市文山區興隆路二段220巷53號,"24.999652,121.551787",1,"153 ",文山第二分局,
文山區,WQA00806,興業里,臺北市文山區興隆路二段220巷31弄18-1號,"24.999814,121.552324",1,"68 ",文山第二分局,
文山區,WQA00809,興業里,臺北市文山區興隆路二段220巷31弄5號,"25.000416,121.552775",1,"708 ",文山第二分局,
文山區,WQA00810,興業里,臺北市文山區興隆路二段220巷31弄5號,"25.000416,121.552775",2,"974 ",文山第二分局,
文山區,WQA00826,興業里,臺北市文山區興隆路二段244巷17號,"24.999829,121.553102",1,"130 ",文山第二分局,
文山區,WQA00827,興業里,臺北市文山區興隆路二段244巷2號,"25.000734,121.553562",1,"228 ",文山第二分局,
文山區,WQA01169,興業里,臺北市文山區興隆路二段244巷38號,"24.9999,121.553788",2,"684 ",文山第二分局,
文山區,WQA00743,興業里,臺北市文山區興隆路二段156號,"25.001533,121.55119",1,"97 ",文山第二分局,
文山區,WQA00744,興業里,臺北市文山區興隆路二段160號,"25.00157,121.551407",2,"1930 ",文山第二分局,
文山區,WQA00746,興業里,臺北市文山區興隆路二段190號,"25.00129,121.551896",1,"1269 ",文山第二分局,
文山區,WQA00747,興業里,臺北市文山區興隆路二段206號,"25.001441,121.55208",1,"210 ",文山第二分局,
文山區,WQA00748,興業里,臺北市文山區興隆路二段212號,"25.001386,121.552272",1,"457 ",文山第二分局,
文山區,WQA00773,興業里,臺北市文山區興隆路二段154巷1號,"25.001017,121.551677",1,"322 ",文山第二分局,
文山區,WQA00774,興業里,臺北市文山區興隆路二段154巷11號,"25.000855,121.551695",1,"678 ",文山第二分局,
文山區,WQA00805,興業里,臺北市文山區興隆路二段220巷57號,"24.999507,121.551497",1,"104 ",文山第二分局,
文山區,WQA00813,興業里,臺北市文山區興隆路二段220巷53弄17號,"24.998888,121.552259",1,"300 ",文山第二分局,
文山區,WQA00814,興業里,臺北市文山區興隆路二段220巷53弄22號,"24.998895,121.551997",1,"526 ",文山第二分局,
文山區,WQA00816,興業里,臺北市文山區興隆路二段220巷53弄6號,"24.999486,121.551858",1,"212 ",文山第二分局,
文山區,WQA00817,興業里,臺北市文山區興隆路二段220巷55弄1號,"24.999563,121.551613",1,"144 ",文山第二分局,
文山區,WQA00818,興業里,臺北市文山區興隆路二段220巷55弄13號,"24.999203,121.551703",1,"85 ",文山第二分局,
文山區,WQA00819,興業里,臺北市文山區興隆路二段220巷55弄2號,"24.999365,121.551524",1,"102 ",文山第二分局,
文山區,WQA00820,興業里,臺北市文山區興隆路二段220巷55弄8號,"24.999078,121.551616",1,"77 ",文山第二分局,
文山區,WQA00821,興業里,臺北市文山區興隆路二段220巷65弄1號,"24.999313,121.551265",1,"100 ",文山第二分局,
文山區,WQA00822,興業里,臺北市文山區興隆路二段220巷65弄17號,"24.998737,121.551396",1,"237 ",文山第二分局,
文山區,WQA00823,興業里,臺北市文山區興隆路二段220巷65弄25-7號,"24.998374,121.552127",1,"265 ",文山第二分局,
文山區,WQA00834,興業里,臺北市文山區興隆路二段220巷65弄9號,"24.998996,121.55135",1,"78 ",文山第二分局,
文山區,WQA00869,興業里,臺北市文山區興隆路二段96巷101弄10號,"25.000233,121.549687",1,"46 ",文山第二分局,
文山區,WQA00870,興業里,臺北市文山區興隆路二段96巷102弄3號,"25.000271,121.549959",1,"41 ",文山第二分局,
文山區,WQA01145,興業里,臺北市文山區興隆路二段220巷65弄25號,"24.998446,121.551458",1,"237 ",文山第二分局,
文山區,WQA00102,興業里,臺北市文山區辛亥路五段102號,"24.998082,121.552778",1,"534 ",文山第二分局,
文山區,WQA00103,興業里,臺北市文山區辛亥路五段110號,"24.997924,121.552471",1,"240 ",文山第二分局,
文山區,WQA00104,興業里,臺北市文山區辛亥路五段120號,"24.997609,121.552288",1,"109 ",文山第二分局,
文山區,WQA00105,興業里,臺北市文山區辛亥路五段122號,"24.997177,121.551867",1,"213 ",文山第二分局,
文山區,WQA00108,興業里,臺北市文山區辛亥路五段64號,"24.999331,121.553648",1,"332 ",文山第二分局,
文山區,WQA00110,興業里,臺北市文山區辛亥路五段84號,"24.998809,121.553366",1,"444 ",文山第二分局,
文山區,WQA00111,興業里,臺北市文山區辛亥路五段84號,"24.998809,121.553366",2,"186 ",文山第二分局,
文山區,WQA00112,興業里,臺北市文山區辛亥路五段90號,"24.998695,121.553094",1,"1524 ",文山第二分局,
文山區,WQA00113,興業里,臺北市文山區辛亥路五段90號,"24.998695,121.553094",2,"1028 ",文山第二分局,
文山區,WQA00114,興業里,臺北市文山區辛亥路五段116巷4號,"24.997778,121.552278",1,"284 ",文山第二分局,
文山區,WQA00115,興業里,臺北市文山區辛亥路五段118巷1號,"24.997378,121.551945",1,"182 ",文山第二分局,
文山區,WQA00116,興業里,臺北市文山區辛亥路五段118巷5號,"24.997368,121.551747",1,"241 ",文山第二分局,
文山區,WQA00117,興業里,臺北市文山區辛亥路五段118巷9號,"24.997363,121.551544",1,"36 ",文山第二分局,
文山區,WQA00118,興業里,臺北市文山區辛亥路五段124巷1號,"24.997024,121.551731",1,"194 ",文山第二分局,
文山區,WQA00119,興業里,臺北市文山區辛亥路五段124巷10號,"24.997145,121.551469",1,"254 ",文山第二分局,
文山區,WQA00120,興業里,臺北市文山區辛亥路五段124巷5號,"24.997018,121.551474",1,"254 ",文山第二分局,
文山區,WQA01323,興業里,臺北市文山區辛亥路五段52號,"24.999624,121.553804",1,"372 ",文山第二分局,
文山區,WQA00807,興業里,臺北市文山區興隆路二段220巷31弄22號,"25.000261,121.552745",1,"413 ",文山第二分局,
文山區,WQA00808,興業里,臺北市文山區興隆路二段220巷31弄48號,"24.999696,121.552646",1,"86 ",文山第二分局,
文山區,WQA00811,興業里,臺北市文山區興隆路二段220巷31弄54號,"24.999728,121.552432",1,"94 ",文山第二分局,
文山區,WQA00812,興業里,臺北市文山區興隆路二段220巷31弄60號,"24.999441,121.552379",1,"201 ",文山第二分局,
文山區,WQA00828,興業里,臺北市文山區興隆路二段244巷37弄1號,"24.999438,121.55342",1,"312 ",文山第二分局,
文山區,WQA00829,興業里,臺北市文山區興隆路二段244巷37弄2號,"24.999496,121.55332",1,"364 ",文山第二分局,
文山區,WQA00830,興業里,臺北市文山區興隆路二段244巷39弄1號,"24.999596,121.553139",1,"346 ",文山第二分局,
文山區,WQA00831,興業里,臺北市文山區興隆路二段244巷39弄2號,"24.999586,121.552985",1,"336 ",文山第二分局,
文山區,WQA00832,興業里,臺北市文山區興隆路二段244巷41弄1號,"24.999576,121.552753",1,"286 ",文山第二分局,
文山區,WQA00833,興業里,臺北市文山區興隆路二段244巷41弄13號,"24.999227,121.552492",1,"237 ",文山第二分局,
文山區,WQA01251,興業里,臺北市文山區仙岩路128號,"25.000705,121.551323",3,"4270 ",文山第二分局,
文山區,WQA00274,興福里,臺北市文山區景華街121巷14弄10號,"24.997299,121.546544",1,"185 ",文山第二分局,
文山區,WQA00275,興福里,臺北市文山區景華街121巷14弄2號,"24.99698,121.546268",1,"112 ",文山第二分局,
文山區,WQA00780,興福里,臺北市文山區興隆路二段22巷10號,"24.997928,121.545779",1,"173 ",文山第二分局,
文山區,WQA00781,興福里,臺北市文山區興隆路二段22巷20號,"24.997608,121.545772",1,"106 ",文山第二分局,
文山區,WQA00782,興福里,臺北市文山區興隆路二段22巷5弄1號,"24.9984,121.54585",1,"1246 ",文山第二分局,
文山區,WQA00798,興福里,臺北市文山區興隆路二段22巷8弄1號,"24.998151,121.545731",1,"245 ",文山第二分局,
文山區,WQA00799,興福里,臺北市文山區興隆路二段22巷8弄2號,"24.998272,121.545674",1,"158 ",文山第二分局,
文山區,WQA00800,興福里,臺北市文山區興隆路二段22巷9弄16號,"24.997578,121.54665",1,"294 ",文山第二分局,
文山區,WQA00801,興福里,臺北市文山區興隆路二段22巷9弄2號,"24.997468,121.545724",1,"672 ",文山第二分局,
文山區,WQA01313,興福里,臺北市文山區興隆路二段6號,"24.998591,121.545232",3,"1978 ",文山第二分局,
文山區,WQA00401,興福里,臺北市文山區景興路41號,"24.997171,121.544838",1,"125 ",文山第二分局,
文山區,WQA00438,興福里,臺北市文山區景興路23巷2號,"24.997674,121.545008",1,"788 ",文山第二分局,
文山區,WQA00439,興福里,臺北市文山區景興路23巷6弄15號,"24.997153,121.545437",1,"132 ",文山第二分局,
文山區,WQA00440,興福里,臺北市文山區景興路23巷6弄23號,"24.997021,121.545681",1,"174 ",文山第二分局,
文山區,WQA00441,興福里,臺北市文山區景興路23巷6弄9號,"24.997405,121.545553",1,"116 ",文山第二分局,
文山區,WQA00452,興福里,臺北市文山區景興路53巷1號,"24.996886,121.545053",1,"334 ",文山第二分局,
文山區,WQA00454,興福里,臺北市文山區景興路53巷5號,"24.996794,121.545441",1,"164 ",文山第二分局,
文山區,WQA00720,興福里,臺北市文山區興隆路一段260巷2號,"24.99827,121.545087",1,"456 ",文山第二分局,
文山區,WQA00721,興福里,臺北市文山區景興路23巷6弄6號,"24.997606,121.545254",1,"56 ",文山第二分局,
文山區,WQA00722,興福里,臺北市文山區景興路23巷6弄14號,"24.997326,121.545255",1,"181 ",文山第二分局,
文山區,WQA01230,興福里,臺北市文山區興隆路一段258號,"24.998465,121.544955",1,"264 ",文山第二分局,
文山區,WQA00276,興福里,臺北市文山區景華街121巷7弄1號,"24.99626,121.546775",1,"328 ",文山第二分局,
文山區,WQA00404,興福里,臺北市文山區景興路55號,"24.99671,121.544836",1,"29 ",文山第二分局,
文山區,WQA00453,興福里,臺北市文山區景興路53巷2號,"24.996748,121.544994",1,"268 ",文山第二分局,
文山區,WQA00455,興福里,臺北市文山區景興路53巷4弄5號,"24.996449,121.545418",1,"86 ",文山第二分局,
文山區,WQA00456,興福里,臺北市文山區景興路85巷1號,"24.996089,121.545008",1,"533 ",文山第二分局,
文山區,WQA00457,興福里,臺北市文山區景興路85巷14號,"24.996175,121.545679",1,"641 ",文山第二分局,
文山區,WQA00459,興福里,臺北市文山區景興路85巷21號,"24.996193,121.546091",1,"178 ",文山第二分局,
文山區,WQA00460,興福里,臺北市文山區15景興路85巷9號,"24.996132,121.545414",1,"130 ",文山第二分局,
文山區,WQA00463,興福里,臺北市文山區景興路91巷21號,"24.995956,121.545914",1,"500 ",文山第二分局,
文山區,WQA00465,興福里,臺北市文山區景興路91巷9號,"24.995887,121.54546",1,"220 ",文山第二分局,
文山區,WQA00783,興福里,臺北市文山區景華街121巷15弄8號,"24.996585,121.546127",1,"102 ",文山第二分局,
文山區,WQA00784,興福里,臺北市文山區景華街121巷11號,"24.99657,121.54638",1,"88 ",文山第二分局,
文山區,WQA00785,興福里,臺北市文山區景華街121巷17弄1號,"24.996853,121.5461",1,"138 ",文山第二分局,
文山區,WQA00786,興福里,臺北市文山區景華街121巷17弄5號,"24.996735,121.545924",1,"144 ",文山第二分局,
文山區,WQA00787,興福里,臺北市文山區景華街121巷17弄9號,"24.99687,121.545732",1,"150 ",文山第二分局,
文山區,WQA00056,興福里,臺北市文山區景華街173號,"24.997866,121.547748",1,"525 ",文山第二分局,
文山區,WQA00057,興福里,臺北市文山區景華街175號,"24.997926,121.547726",1,"56 ",文山第二分局,
文山區,WQA00263,興福里,臺北市文山區景華街113號,"24.995936,121.546853",1,"261 ",文山第二分局,
文山區,WQA00269,興福里,臺北市文山區景華街99-1號,"24.995614,121.546488",1,"42 ",文山第二分局,
文山區,WQA00273,興福里,臺北市文山區景華街121巷4號,"24.996361,121.54687",1,"40 ",文山第二分局,
文山區,WQA00412,興福里,臺北市文山區景華街97巷2號,"24.995674,121.546386",1,"413 ",文山第二分局,
文山區,WQA00793,興福里,臺北市文山區景華街133號,"24.996445,121.547462",1,"45 ",文山第二分局,
文山區,WQA00794,興福里,臺北市文山區景華街131號,"24.996365,121.547398",1,"329 ",文山第二分局,
文山區,WQA00795,興福里,臺北市文山區景華街145號,"24.99681,121.547658",1,"214 ",文山第二分局,
文山區,WQA01135,興福里,臺北市文山區景華街147巷16-20號,"24.997062,121.546943",1,"521 ",文山第二分局,
文山區,WQA01163,興福里,臺北市文山區景華街161號,"24.997389,121.547783",2,"989 ",文山第二分局,
文山區,WQA01168,興福里,臺北市文山區景華街147巷22號,"24.997274,121.547122",1,"362 ",文山第二分局,
文山區,WQA01275,興福里,臺北市文山區景華街155號,"24.997145,121.547781",1,"161 ",文山第二分局,
文山區,WQA00458,興福里,臺北市文山區景興路85巷2號,"24.995947,121.54496",1,"980 ",文山第二分局,
文山區,WQA00461,興福里,臺北市文山區景興路91巷10號,"24.995705,121.545441",1,"324 ",文山第二分局,
文山區,WQA00462,興福里,臺北市文山區景興路91巷18號,"24.995754,121.545728",1,"65 ",文山第二分局,
文山區,WQA00464,興福里,臺北市文山區景興路91巷22號,"24.995797,121.54597",1,"40 ",文山第二分局,
文山區,WQA00466,興福里,臺北市文山區景興路97巷10號,"24.995443,121.545441",1,"130 ",文山第二分局,
文山區,WQA00467,興福里,臺北市文山區景興路97巷18號,"24.995486,121.545682",1,"117 ",文山第二分局,
文山區,WQA00764,興福里,臺北市文山區興隆路二段42號,"24.998802,121.546038",1,"52 ",文山第二分局,
文山區,WQA01265,興福里,臺北市文山區興隆路二段46號,"24.99896,121.546673",1,"6710 ",文山第二分局,
文山區,WQA00697,興豐里,臺北市文山區興隆路一段139號,"25.001942,121.542195",1,"89 ",文山第二分局,
文山區,WQA00699,興豐里,臺北市文山區興隆路一段159號,"25.001549,121.542561",1,"174 ",文山第二分局,
文山區,WQA00701,興豐里,臺北市文山區興隆路一段167號,"25.001366,121.542743",1,"82 ",文山第二分局,
文山區,WQA00702,興豐里,臺北市文山區興隆路一段171號,"25.001272,121.542818",1,"106 ",文山第二分局,
文山區,WQA00703,興豐里,臺北市文山區興隆路一段189號,"25.000805,121.54324",1,"361 ",文山第二分局,
文山區,WQA00705,興豐里,臺北市文山區興隆路一段227-1號,"25.000063,121.543811",1,"32 ",文山第二分局,
文山區,WQA00710,興豐里,臺北市文山區興隆路一段141號,"25.001888,121.542241",1,"56 ",文山第二分局,
文山區,WQA00714,興豐里,臺北市文山區興隆路一段229巷2號,"25.000184,121.54409",1,"158 ",文山第二分局,
文山區,WQA00715,興豐里,臺北市文山區興隆路一段229巷6號,"25.000256,121.544262",1,"132 ",文山第二分局,
文山區,WQA00716,興豐里,臺北市文山區興隆路一段229巷14弄1號,"25.000458,121.544628",1,"54 ",文山第二分局,
文山區,WQA00717,興豐里,臺北市文山區興隆路一段229巷14弄2號,"25.000513,121.544482",1,"66 ",文山第二分局,
文山區,WQA01217,興豐里,臺北市文山區興隆路一段151號,"25.001664,121.542437",1,"421 ",文山第二分局,
文山區,WQA01232,興豐里,臺北市文山區興隆路一段147號,"25.001726,121.542399",1,"265 ",文山第二分局,
文山區,WQA00470,興豐里,臺北市文山區景豐街39號,"25.000426,121.545773",1,"242 ",文山第二分局,
文山區,WQA00471,興豐里,臺北市文山區景豐街31巷2號,"25.000157,121.54585",1,"214 ",文山第二分局,
文山區,WQA00718,興豐里,臺北市文山區興隆路一段251巷6號,"24.999742,121.545004",1,"408 ",文山第二分局,
文山區,WQA00719,興豐里,臺北市文山區興隆路一段251巷4弄2號,"24.999639,121.54485",1,"73 ",文山第二分局,
文山區,WQA00723,興豐里,臺北市文山區興隆路一段271巷1號,"24.999098,121.544714",1,"153 ",文山第二分局,
文山區,WQA00834,興豐里,臺北市文山區興隆路二段25巷20-1號,"24.999786,121.545682",1,"61 ",文山第二分局,
文山區,WQA00835,興豐里,臺北市文山區興隆路二段25巷20-2號,"24.999578,121.545564",1,"337 ",文山第二分局,
文山區,WQA01211,興豐里,臺北市文山區興順街82號,"25.001149,121.545068",1,"1164 ",文山第二分局,
文山區,WQA01212,興豐里,臺北市文山區景豐街37巷8弄6號,"25.000487,121.545365",1,"158 ",文山第二分局,
文山區,WQA01294,興豐里,臺北市文山區興隆路一段271巷4弄3號,"24.999172,121.545201",3,"3157 ",文山第二分局,
文山區,WQA00468,興豐里,臺北市文山區景豐街11號,"24.999713,121.546164",1,"89 ",文山第二分局,
文山區,WQA00469,興豐里,臺北市文山區景豐街21號,"24.999836,121.545874",1,"166 ",文山第二分局,
文山區,WQA00472,興豐里,臺北市文山區景豐街48巷11弄1號,"25.000484,121.546404",1,"657 ",文山第二分局,
文山區,WQA00473,興豐里,臺北市文山區景豐街62巷3號,"25.000841,121.545813",2,"2901 ",文山第二分局,
文山區,WQA00474,興豐里,臺北市文山區景豊街48巷3號,"25.000351,121.54606",1,"1574 ",文山第二分局,
文山區,WQA00767,興豐里,臺北市文山區興隆路二段65號,"24.999071,121.546124",1,"1856 ",文山第二分局,
文山區,WQA00769,興豐里,臺北市文山區興隆路二段97號,"24.999739,121.547452",1,"2342 ",文山第二分局,
文山區,WQA00846,興豐里,臺北市文山區興隆路二段95巷9號,"25.000032,121.546662",1,"296 ",文山第二分局,
文山區,WQA01138,興豐里,臺北市文山區興順街181號,"25.00176,121.546013",1,"1132 ",文山第二分局,
文山區,WQA01146,興豐里,臺北市文山區興順街155號,"25.00141,121.545233",2,"2809 ",文山第二分局,
文山區,WQA01202,興豐里,臺北市文山區興順街81-99號,"25.001186,121.544317",1,"2621 ",文山第二分局,
文山區,WQA01209,興豐里,臺北市文山區興順街86號,"25.001206,121.545244",2,"1420 ",文山第二分局,
文山區,WQA01216,興豐里,臺北市文山區興順街68號,"25.000983,121.544573",2,"2229 ",文山第二分局,
文山區,WQA01247,興豐里,臺北市文山區興隆路二段63號,"24.99906,121.546032",2,"1754 ",文山第二分局,
文山區,WQA01288,興豐里,臺北市文山區景豐街48巷23號,"25.00057,121.546921",1,"321 ",文山第二分局,
文山區,WQA01304,興豐里,臺北市文山區興隆路二段75號,"24.999253,121.546538",1,"1474 ",文山第二分局,
