類別,電腦編號,村里別,地址,緯經度,地下樓層數,可容納人數,轄管分局,備註
一般住宅,WRA00361,木柵里,臺北市文山區秀明路一段110號,"24.99107,121.567543",2,275.0,文山第一分局,
一般住宅,WRA00363,木柵里,臺北市文山區秀明路一段68號,"24.990006,121.565728",2,546.0,文山第一分局,
一般住宅,WRA00366,木柵里,臺北市文山區秀明路一段103巷9弄3號,"24.991228,121.565668",1,261.0,文山第一分局,
一般住宅,WRA01069,木柵里,臺北市文山區秀明路一段79巷5弄19號,"24.990714,121.565029",1,165.0,文山第一分局,
一般住宅,WRA01243,木柵里,臺北市文山區秀明路一段126號,"24.991123,121.56779",2,886.0,文山第一分局,
一般住宅,WRA01265,木柵里,臺北市文山區秀明路一段199號,"24.99184,121.56953",2,565.0,文山第一分局,
一般住宅,WRA01266,木柵里,臺北市文山區秀明路一段138號,"24.991337,121.568323",1,207.0,文山第一分局,
一般住宅,WRA01285,木柵里,臺北市文山區秀明路一段31號,"24.98974,121.564432",3,359.0,文山第一分局,
一般住宅,WRA01287,木柵里,臺北市文山區秀明路一段197號,"24.991834,121.569325",3,196.0,文山第一分局,
一般住宅,WRA01103,木柵里,臺北市文山區久康街8號,"24.988792,121.564735",2,295.0,文山第一分局,
一般住宅,WRA01129,木柵里,臺北市文山區木柵路三段53號,"24.988659,121.566314",2,768.0,文山第一分局,
一般住宅,WRA01132,木柵里,臺北市文山區木柵路三段77號,"24.988758,121.56717",2,946.0,文山第一分局,
一般住宅,WRA01144,木柵里,臺北市文山區木柵路三段85巷26號,"24.990369,121.567448",1,264.0,文山第一分局,
一般住宅,WRA01181,木柵里,臺北市文山區木柵路三段85巷10號,"24.989591,121.567544",1,287.0,文山第一分局,
一般住宅,WRA01199,木柵里,臺北市文山區木柵路三段59號,"24.988676,121.566576",2,971.0,文山第一分局,
一般住宅,WRA01208,木柵里,臺北市文山區木柵路三段25巷5號,"24.988802,121.565122",1,138.0,文山第一分局,
一般住宅,WRA01273,木柵里,臺北市文山區久康街24巷8號,"24.989077,121.565527",4,1450.0,文山第一分局,
一般住宅,WRA01276,木柵里,臺北市文山區木柵路三段85巷16號,"24.989906,121.56755",1,158.0,文山第一分局,
一般住宅,WRA01289,木柵里,臺北市文山區久康街26號,"24.989334,121.565501",1,17.0,文山第一分局,
一般住宅,WRA01387,木柵里,臺北市文山區久康街24巷36號,"24.989229,121.566323",1,870.0,文山第一分局,
一般住宅,WRA00499,木柵里,臺北市文山區保儀路12號,"24.988536,121.568498",3,650.0,文山第一分局,
一般住宅,WRA01125,木柵里,臺北市文山區木柵路三段92-96號,"24.988558,121.56711",4,654.0,文山第一分局,
一般住宅,WRA01127,木柵里,臺北市文山區木柵路三段42號,"24.988263,121.565073",1,2220.0,文山第一分局,
一般住宅,WRA01140,木柵里,臺北市文山區木柵路三段48巷1弄1號,"24.987739,121.565465",2,5121.0,文山第一分局,
一般住宅,WRA01352,木柵里,臺北市文山區保儀路58號,"24.987629,121.568445",1,1286.0,文山第一分局,
一般住宅,WRA01339,木柵里,臺北市文山區興隆路四段109巷125號,"24.987148,121.565123",1,1777.0,文山第一分局,
一般住宅,WRA01104,木柵里,臺北市文山區久康街88號,"24.990147,121.567072",1,1050.0,文山第一分局,
一般住宅,WRA01105,木柵里,臺北市文山區久康街89號,"24.98939,121.565252",2,359.0,文山第一分局,
一般住宅,WRA01234,木柵里,臺北市文山區久康街50號,"24.989498,121.56577",3,756.0,文山第一分局,
一般住宅,WRA01247,木柵里,臺北市文山區久康街24巷7號,"24.989352,121.565956",1,234.0,文山第一分局,
一般住宅,WRA01261,木柵里,臺北市文山區久康街24巷9號,"24.989404,121.566203",1,212.0,文山第一分局,
一般住宅,WRA01085,木柵里,臺北市文山區久康街165號,"24.990752,121.568276",1,123.0,文山第一分局,
一般住宅,WRA01195,木柵里,臺北市文山區木柵路三段127號,"24.989094,121.56852",1,813.0,文山第一分局,
一般住宅,WRA01205,木柵里,臺北市文山區木柵路三段169巷20號,"24.990029,121.568755",1,561.0,文山第一分局,
一般住宅,WRA01347,木柵里,臺北市文山區久康街155號,"24.990672,121.567228",3,618.0,文山第一分局,
一般住宅,WRA01351,木柵里,臺北市文山區木柵路三段85號,"24.988861,121.567689",1,1050.0,文山第一分局,
一般住宅,WRA01292,木柵里,臺北市文山區木柵路三段177號,"24.989792,121.569464",5,1483.0,文山第一分局,
一般住宅,WRA01315,木柵里,臺北市文山區久康街110巷2弄11號,"24.990195,121.567986",1,85.0,文山第一分局,
一般住宅,WRA01384,木柵里,臺北市文山區久康街169巷6號,"24.991029,121.568347",1,163.0,文山第一分局,
一般住宅,WRA01390,木柵里,臺北市文山區保儀路32號,"24.98827,121.56851",1,1519.0,文山第一分局,
一般住宅,WRA01397,木柵里,臺北市文山區木柵路三段85巷8弄3號,"24.989628414742604,121.56724549253423",2,166.0,文山第一分局,
公有建築物,WRA01188,木柵里,臺北市文山區秀明路一段169號,"24.99144,121.567646",1,3115.0,文山第一分局,
公有建築物,WRA01135,木柵里,臺北市文山區木柵路三段102巷12號,"24.987473,121.567685",1,158.0,文山第一分局,
公有建築物,WRA01136,木柵里,臺北市文山區木柵路三段102巷12號,"24.987473,121.567685",1,810.0,文山第一分局,
公有建築物,WRA01123,木柵里,臺北市文山區木柵路三段191號,"24.990293,121.570233",1,1104.0,文山第一分局,
公有建築物,WRA01124,木柵里,臺北市文山區木柵路三段191號,"24.990293,121.570233",1,207.0,文山第一分局,
一般住宅,WRA00505,木新里,臺北市文山區保儀路31號,"24.988039,121.568704",1,150.0,文山第一分局,
一般住宅,WRA00661,木新里,臺北市文山區開元街22號,"24.988997,121.569419",1,194.0,文山第一分局,
一般住宅,WRA00662,木新里,臺北市文山區開元街27號,"24.989203,121.569929",1,332.0,文山第一分局,
一般住宅,WRA00663,木新里,臺北市文山區開元街40號,"24.989032,121.569882",1,96.0,文山第一分局,
一般住宅,WRA00664,木新里,臺北市文山區開元街46號,"24.989041,121.569936",1,70.0,文山第一分局,
一般住宅,WRA00665,木新里,臺北市文山區集英街7號,"24.988114,121.569503",1,256.0,文山第一分局,
一般住宅,WRA00666,木新里,臺北市文山區集英街35號,"24.988724,121.569418",1,261.0,文山第一分局,
一般住宅,WRA01066,木新里,臺北市文山區指南路一段37號,"24.988242,121.570024",3,1546.0,文山第一分局,
一般住宅,WRA01068,木新里,臺北市文山區指南路一段14巷6號,"24.987273,121.569055",1,306.0,文山第一分局,
一般住宅,WRA01297,木新里,臺北市文山區保儀路13巷38號,"24.988451,121.569971",1,346.0,文山第一分局,
一般住宅,WRA01335,木新里,臺北市文山區保儀路9號,"24.988668,121.568642",1,643.0,文山第一分局,
一般住宅,WRA01372,木新里,臺北市文山區木柵路三段168號,"24.989283,121.569306",5,426.0,文山第一分局,
一般住宅,WRA00354,木新里,臺北市文山區永安街22巷9弄5號,"24.98636,121.569592",1,1068.0,文山第一分局,
一般住宅,WRA00502,木新里,臺北市文山區保儀路127號,"24.985368,121.567393",1,1058.0,文山第一分局,
一般住宅,WRA00512,木新里,臺北市文山區保儀路109巷3弄18號,"24.986211,121.56874",1,266.0,文山第一分局,
一般住宅,WRA01200,木新里,臺北市文山區保儀路109巷3弄16號,"24.986215,121.568659",1,138.0,文山第一分局,
一般住宅,WRA01371,木新里,臺北市文山區保儀路127號,"24.985368,121.567393",1,750.0,文山第一分局,
一般住宅,WRA01286,木新里,臺北市文山區保儀路127號,"24.985368,121.567393",1,1103.0,文山第一分局,
一般住宅,WRA00182,木新里,臺北市文山區木新路二段103號,"24.984441,121.570035",1,118.0,文山第一分局,
一般住宅,WRA00183,木新里,臺北市文山區木新路二段109號,"24.984375,121.570003",1,61.0,文山第一分局,
一般住宅,WRA00185,木新里,臺北市文山區木新路二段113號,"24.984264,121.569851",1,170.0,文山第一分局,
一般住宅,WRA00186,木新里,臺北市文山區木新路二段117號,"24.984183,121.569674",1,40.0,文山第一分局,
一般住宅,WRA00188,木新里,臺北市文山區木新路二段123號,"24.984131,121.56952",1,110.0,文山第一分局,
一般住宅,WRA00207,木新里,臺北市文山區木新路二段91號,"24.984776,121.570305",1,143.0,文山第一分局,
一般住宅,WRA00208,木新里,臺北市文山區木新路二段99號,"24.984573,121.570123",1,71.0,文山第一分局,
一般住宅,WRA00209,木新里,臺北市文山區木新路二段111巷11號,"24.98386,121.57039",1,66.0,文山第一分局,
一般住宅,WRA00210,木新里,臺北市文山區木新路二段111巷2號,"24.984128,121.569996",1,101.0,文山第一分局,
一般住宅,WRA00222,木新里,臺北市文山區木新路二段111巷6弄12號,"24.983878,121.569706",1,155.0,文山第一分局,
一般住宅,WRA00225,木新里,臺北市文山區木新路二段111巷6弄20號,"24.983799,121.569462",1,566.0,文山第一分局,
一般住宅,WRA00254,木新里,臺北市文山區木新路二段79巷10號,"24.984895,121.571091",1,77.0,文山第一分局,
一般住宅,WRA00255,木新里,臺北市文山區木新路二段79巷2號,"24.984998,121.57076",1,102.0,文山第一分局,
一般住宅,WRA00256,木新里,臺北市文山區木新路二段79巷12弄16號,"24.984292,121.570925",2,1322.0,文山第一分局,
一般住宅,WRA00257,木新里,臺北市文山區木新路二段79巷12弄20號,"24.984017,121.570761",1,40.0,文山第一分局,
一般住宅,WRA00258,木新里,臺北市文山區木新路二段79巷12弄22號,"24.983957,121.570638",1,157.0,文山第一分局,
一般住宅,WRA00259,木新里,臺北市文山區木新路二段79巷6弄1號,"24.984908,121.570963",1,82.0,文山第一分局,
一般住宅,WRA00260,木新里,臺北市文山區木新路二段79巷6弄14號,"24.984489,121.570521",1,91.0,文山第一分局,
一般住宅,WRA00261,木新里,臺北市文山區木新路二段79巷6弄18號,"24.984351,121.570395",1,250.0,文山第一分局,
一般住宅,WRA00262,木新里,臺北市文山區木新路二段79巷6弄23號,"24.984141,121.570441",1,85.0,文山第一分局,
一般住宅,WRA00263,木新里,臺北市文山區木新路二段79巷6弄25號,"24.984112,121.570345",1,157.0,文山第一分局,
一般住宅,WRA00264,木新里,臺北市文山區木新路二段79巷6弄4號,"24.984749,121.570716",1,68.0,文山第一分局,
一般住宅,WRA00265,木新里,臺北市文山區木新路二段79巷6弄5號,"24.984711,121.570871",1,332.0,文山第一分局,
一般住宅,WRA00266,木新里,臺北市文山區木新路二段79巷6弄6號,"24.984707,121.570683",1,132.0,文山第一分局,
一般住宅,WRA01321,木新里,臺北市文山區木新路二段121號,"24.984145,121.569604",1,93.0,文山第一分局,
一般住宅,WRA00180,木新里,臺北市文山區木新路二段128號,"24.984345,121.569272",2,376.0,文山第一分局,
一般住宅,WRA00184,木新里,臺北市文山區木新路二段110號,"24.984645,121.569869",1,370.0,文山第一分局,
一般住宅,WRA00206,木新里,臺北市文山區木新路二段88號,"24.985285,121.57038",1,400.0,文山第一分局,
一般住宅,WRA01193,木新里,臺北市文山區木新路二段78號,"24.985534,121.570452",2,1010.0,文山第一分局,
一般住宅,WRA00213,木新里,臺北市文山區木新路二段111巷12弄1號,"24.983186,121.569807",1,483.0,文山第一分局,
一般住宅,WRA00214,木新里,臺北市文山區木新路二段111巷12弄18號,"24.983436,121.569795",1,93.0,文山第一分局,
一般住宅,WRA00217,木新里,臺北市文山區木新路二段111巷12弄22號,"24.983393,121.569647",1,97.0,文山第一分局,
一般住宅,WRA00218,木新里,臺北市文山區木新路二段111巷12弄26號,"24.983329,121.569404",1,241.0,文山第一分局,
一般住宅,WRA00219,木新里,臺北市文山區木新路二段111巷12弄6號,"24.983564,121.5701",1,85.0,文山第一分局,
一般住宅,WRA00220,木新里,臺北市文山區木新路二段111巷12弄8號,"24.983499,121.569986",1,76.0,文山第一分局,
一般住宅,WRA00221,木新里,臺北市文山區木新路二段111巷6弄1號,"24.983913,121.57012",1,103.0,文山第一分局,
一般住宅,WRA00224,木新里,臺北市文山區木新路二段111巷6弄17號,"24.983649,121.569584",1,155.0,文山第一分局,
一般住宅,WRA00226,木新里,臺北市文山區木新路二段111巷6弄5號,"24.983833,121.569991",1,152.0,文山第一分局,
一般住宅,WRA00227,木新里,臺北市文山區木新路二段161巷18號,"24.982911,121.569176",1,231.0,文山第一分局,
一般住宅,WRA00228,木新里,臺北市文山區木新路二段161巷2號,"24.983813,121.568811",1,227.0,文山第一分局,
一般住宅,WRA00229,木新里,臺北市文山區木新路二段161巷20號,"24.982789,121.569214",1,423.0,文山第一分局,
一般住宅,WRA00231,木新里,臺北市文山區木新路二段161巷12弄14號,"24.983073,121.568584",1,132.0,文山第一分局,
一般住宅,WRA00233,木新里,臺北市文山區木新路二段161巷12弄6號,"24.983163,121.568879",1,182.0,文山第一分局,
一般住宅,WRA00234,木新里,臺北市文山區木新路二段161巷19弄5號,"24.982841,121.569633",1,484.0,文山第一分局,
一般住宅,WRA00235,木新里,臺北市文山區木新路二段161巷24弄2號,"24.982603,121.569225",1,116.0,文山第一分局,
一般住宅,WRA00236,木新里,臺北市文山區木新路二段161巷6弄1號,"24.98344,121.568946",1,217.0,文山第一分局,
一般住宅,WRA00238,木新里,臺北市文山區木新路二段161巷6弄21號,"24.983128,121.568111",1,127.0,文山第一分局,
一般住宅,WRA00239,木新里,臺北市文山區木新路二段161巷6弄8號,"24.983522,121.568635",1,546.0,文山第一分局,
一般住宅,WRA00181,木新里,臺北市文山區木新路二段1號,"24.987604,121.570825",1,2497.0,文山第一分局,
一般住宅,WRA00190,木新里,臺北市文山區木新路二段2號,"24.98751,121.570515",1,366.0,文山第一分局,
一般住宅,WRA00201,木新里,臺北市文山區木新路二段4號,"24.987399,121.570511",1,374.0,文山第一分局,
一般住宅,WRA00202,木新里,臺北市文山區木新路二段50號,"24.986222,121.570548",1,996.0,文山第一分局,
一般住宅,WRA00203,木新里,臺北市文山區木新路二段59-2號,"24.985852,121.571113",1,229.0,文山第一分局,
一般住宅,WRA00204,木新里,臺北市文山區木新路二段60號,"24.985893,121.570533",1,261.0,文山第一分局,
一般住宅,WRA00251,木新里,臺北市文山區木新路二段43巷15號,"24.986602,121.571161",3,770.0,文山第一分局,
一般住宅,WRA00252,木新里,臺北市文山區木新路二段43巷6號,"24.98626,121.571338",2,1160.0,文山第一分局,
一般住宅,WRA00253,木新里,臺北市文山區木新路二段69巷11弄1號,"24.985783,121.571264",1,63.0,文山第一分局,
一般住宅,WRA00346,木新里,臺北市文山區永安街29號,"24.986481,121.570323",1,110.0,文山第一分局,
一般住宅,WRA00349,木新里,臺北市文山區永安街9號,"24.986962,121.570341",1,153.0,文山第一分局,
一般住宅,WRA01230,木新里,臺北市文山區指南路一段55號,"24.987832,121.570871",2,561.0,文山第一分局,
一般住宅,WRA01326,木新里,臺北市文山區指南路一段96巷2號,"24.987535,121.571173",2,115.0,文山第一分局,
一般住宅,WRA01375,木新里,臺北市文山區木新路二段43巷25號,"24.98704,121.571515",1,258.0,文山第一分局,
一般住宅,WRA01394,木新里,臺北市文山區指南路一段61號,"24.988045643150347,121.57122745394092",1,396.0,文山第一分局,
一般住宅,WRA01402,木新里,臺北市文山區木新路1段6號,"24.988804187037378,121.57059823888015",4,1482.0,文山第一分局,
公有建築物,WRA00509,木新里,臺北市文山區保儀路13巷3號,"24.988496,121.569186",1,854.0,文山第一分局,
公有建築物,WRA01126,木新里,臺北市文山區木柵路三段220號,"24.989604,121.570087",2,1939.0,文山第一分局,
一般住宅,WRA00358,老泉里,臺北市文山區老泉街26巷3號,"24.97418,121.56095",1,520.0,文山第一分局,
一般住宅,WRA01058,老泉里,臺北市文山區老泉街26巷3號,"24.97418,121.56095",1,500.0,文山第一分局,
一般住宅,WRA00852,忠順里,臺北市文山區興隆路四段111號,"24.986491,121.561128",2,914.0,文山第一分局,
一般住宅,WRA00853,忠順里,臺北市文山區興隆路四段143號,"24.985168,121.561634",2,3765.0,文山第一分局,
一般住宅,WRA01374,忠順里,臺北市文山區興隆路四段145巷10號,"24.985026,121.562313",1,59.0,文山第一分局,
一般住宅,WRA01086,忠順里,臺北市文山區興隆路四段145巷25號,"24.985327,121.562861",2,1329.0,文山第一分局,
一般住宅,WRA01190,忠順里,臺北市文山區興隆路四段109巷32弄2之2號,"24.985904,121.563158",1,243.0,文山第一分局,
一般住宅,WRA01207,忠順里,臺北市文山區興隆路四段109巷92弄22號,"24.986263,121.564155",1,290.0,文山第一分局,
一般住宅,WRA01258,忠順里,臺北市文山區興隆路四段145巷83弄16號,"24.986035,121.5638",1,522.0,文山第一分局,
一般住宅,WRA01137,忠順里,臺北市文山區木柵路三段102巷14號,"24.986733,121.567804",1,780.0,文山第一分局,
一般住宅,WRA01194,忠順里,臺北市文山區興隆路四段109巷32弄11號,"24.986412,121.563301",2,348.0,文山第一分局,
一般住宅,WRA01197,忠順里,臺北市文山區興隆路四段109巷34號,"24.986688,121.56285",1,590.0,文山第一分局,
一般住宅,WRA01229,忠順里,臺北市文山區興隆路四段109巷136號,"24.986913,121.56549",1,252.0,文山第一分局,
一般住宅,WRA01342,忠順里,臺北市文山區興隆路四段109巷126號,"24.986733,121.565366",1,1577.0,文山第一分局,
一般住宅,WRA01336,忠順里,臺北市文山區忠順街二段85巷15號,"24.986307,121.56528",4,1622.0,文山第一分局,
一般住宅,WRA01385,忠順里,臺北市文山區忠順街二段85巷3號,"24.98582,121.56522",4,722.0,文山第一分局,
公有建築物,WRA01231,忠順里,臺北市文山區木柵路三段66巷8之1號,"24.98686,121.566642",1,777.0,文山第一分局,
一般住宅,WRA00884,明義里,臺北市文山區興隆路四段105巷29號,"24.987974,121.561989",3,4096.0,文山第一分局,
一般住宅,WRA00887,明義里,臺北市文山區興隆路四段105巷42號,"24.98767,121.562006",1,294.0,文山第一分局,
一般住宅,WRA00888,明義里,臺北市文山區興隆路四段105巷46-1號,"24.987486,121.562178",2,1328.0,文山第一分局,
一般住宅,WRA01091,明義里,臺北市文山區木柵路二段92號,"24.988588,121.560453",3,2095.0,文山第一分局,
一般住宅,WRA01045,明義里,臺北市文山區興隆路四段8巷25號,"24.989795,121.558702",1,257.0,文山第一分局,
一般住宅,WRA01370,明義里,臺北市文山區興隆路四段2之1號,"24.989999,121.559443",1,513.0,文山第一分局,
一般住宅,WRA01329,明義里,臺北市文山區興隆路四段2號,"24.990447,121.559112",1,91.0,文山第一分局,
公有建築物,WRA01363,明義里,臺北市文山區木柵路二段2巷12號,"24.988229,121.557924",3,2841.0,文山第一分局,
公有建築物,WRA00890,明義里,臺北市文山區木柵路二段138巷61號,"24.987326,121.56261",1,618.0,文山第一分局,
公有建築物,WRA00891,明義里,臺北市文山區木柵路二段138巷61號,"24.987326,121.56261",1,694.0,文山第一分局,
公有建築物,WRA00892,明義里,臺北市文山區木柵路二段138巷61號,"24.987326,121.56261",1,1277.0,文山第一分局,
公有建築物,WRA01376,明義里,臺北市文山區木柵路二段138巷33號,"24.988035,121.562308",5,1999.0,文山第一分局,
一般住宅,WRA00112,明興里,臺北市文山區木柵路二段109巷100弄12號,"24.99216,121.562197",1,4193.0,文山第一分局,
一般住宅,WRA00098,明興里,臺北市文山區木柵路二段141號,"24.989066,121.562583",1,74.0,文山第一分局,
一般住宅,WRA00360,明興里,臺北市文山區秀明路一段19巷8號,"24.989811,121.56392",1,770.0,文山第一分局,
一般住宅,WRA00368,明興里,臺北市文山區秀明路一段19巷3弄1號,"24.989529,121.563556",1,175.0,文山第一分局,
一般住宅,WRA00369,明興里,臺北市文山區秀明路一段19巷3弄2號,"24.989725,121.563655",1,400.0,文山第一分局,
一般住宅,WRA01203,明興里,臺北市文山區秀明路一段7號,"24.989384,121.563661",1,304.0,文山第一分局,
一般住宅,WRA00858,明興里,臺北市文山區興隆路四段19號,"24.990725,121.559293",1,73.0,文山第一分局,
一般住宅,WRA00862,明興里,臺北市文山區興隆路四段21號,"24.990666,121.559337",1,323.0,文山第一分局,
一般住宅,WRA00864,明興里,臺北市文山區興隆路四段33號,"24.990417,121.559541",1,387.0,文山第一分局,
一般住宅,WRA00932,明興里,臺北市文山區興隆路四段29巷2弄18號,"24.990145,121.559985",1,142.0,文山第一分局,
一般住宅,WRA00933,明興里,臺北市文山區興隆路四段29巷2弄2號,"24.99062,121.559757",1,165.0,文山第一分局,
一般住宅,WRA01116,明興里,臺北市文山區木柵路二段109巷25弄2號,"24.990031,121.562946",1,847.0,文山第一分局,
一般住宅,WRA00930,明興里,臺北市文山區興隆路四段29巷2弄1號,"24.990625,121.559912",1,165.0,文山第一分局,
一般住宅,WRA00931,明興里,臺北市文山區興隆路四段29巷2弄13號,"24.990285,121.560087",1,212.0,文山第一分局,
一般住宅,WRA00935,明興里,臺北市文山區興隆路四段29巷4弄14號,"24.990241,121.56037",1,580.0,文山第一分局,
一般住宅,WRA00936,明興里,臺北市文山區興隆路四段29巷4弄2號,"24.989981,121.560492",1,464.0,文山第一分局,
一般住宅,WRA00937,明興里,臺北市文山區興隆路四段29巷4弄21號,"24.990174,121.560623",1,106.0,文山第一分局,
一般住宅,WRA00938,明興里,臺北市文山區興隆路四段29巷4弄27號,"24.990002,121.560939",1,205.0,文山第一分局,
一般住宅,WRA00939,明興里,臺北市文山區興隆路四段29巷4弄7號,"24.990601,121.560495",1,781.0,文山第一分局,
一般住宅,WRA00943,明興里,臺北市文山區興隆路四段57巷1號,"24.989539,121.560164",1,434.0,文山第一分局,
一般住宅,WRA00944,明興里,臺北市文山區興隆路四段57巷3號,"24.989782,121.560533",1,130.0,文山第一分局,
一般住宅,WRA01026,明興里,臺北市文山區木柵路二段55號,"24.989149,121.56035",4,658.0,文山第一分局,
一般住宅,WRA01051,明興里,臺北市文山區興隆路四段29巷4弄1號,"24.990805,121.56007",1,786.0,文山第一分局,
一般住宅,WRA00109,明興里,臺北市文山區木柵路二段109巷124號,"24.990928,121.562732",1,1393.0,文山第一分局,
一般住宅,WRA00370,明興里,臺北市文山區秀明路一段19巷5弄16號,"24.990188,121.563314",1,427.0,文山第一分局,
一般住宅,WRA01117,明興里,臺北市文山區木柵路二段109巷26弄1號,"24.990538,121.563271",1,4073.0,文山第一分局,
一般住宅,WRA00619,指南里,臺北市文山區指南路三段12號,"24.984666,121.579919",1,400.0,文山第一分局,
一般住宅,WRA00620,指南里,臺北市文山區指南路三段12號,"24.984666,121.579919",1,475.0,文山第一分局,
一般住宅,WRA00622,指南里,臺北市文山區指南路三段35號,"24.9846,121.580062",1,573.0,文山第一分局,
一般住宅,WRA00627,指南里,臺北市文山區指南路三段22巷1-1號,"24.983954,121.579407",1,398.0,文山第一分局,
一般住宅,WRA00628,指南里,臺北市文山區指南路三段22巷2號,"24.983805,121.579373",1,134.0,文山第一分局,
一般住宅,WRA00632,指南里,臺北市文山區指南路三段75巷1-1號,"24.982882,121.580586",2,492.0,文山第一分局,
一般住宅,WRA01042,指南里,臺北市文山區指南路三段51號,"24.983827,121.579702",2,318.0,文山第一分局,
一般住宅,WRA01060,指南里,臺北市文山區指南路三段58號,"24.981618,121.580716",3,1206.0,文山第一分局,
一般住宅,WRA01254,指南里,臺北市文山區指南路三段52號,"24.981874,121.580716",1,900.0,文山第一分局,
一般住宅,WRA01349,指南里,臺北市文山區指南路三段79號,"24.982593,121.580761",3,1247.0,文山第一分局,
一般住宅,WRA01299,指南里,臺北市文山區指南路三段32巷1號,"24.982669,121.57974",1,521.0,文山第一分局,
一般住宅,WRA01300,指南里,臺北市文山區指南路三段77巷1號,"24.982778,121.580366",1,305.0,文山第一分局,
一般住宅,WRA01301,指南里,臺北市文山區指南路三段32巷7號,"24.982208,121.580226",1,587.0,文山第一分局,
一般住宅,WRA01302,指南里,臺北市文山區指南路三段27之1號,"24.984689,121.580173",1,161.0,文山第一分局,
一般住宅,WRA01317,指南里,臺北市文山區指南路三段25號之1,"24.984831,121.580496",1,119.0,文山第一分局,
一般住宅,WRA01330,指南里,臺北市文山區政大一街36巷5號,"24.984846,121.580811",1,674.0,文山第一分局,
一般住宅,WRA00629,指南里,臺北市文山區指南路三段24巷3號,"24.983273,121.579374",1,130.0,文山第一分局,
一般住宅,WRA00630,指南里,臺北市文山區指南路三段38巷16-2號,"24.969321,121.587365",1,65.0,文山第一分局,
一般住宅,WRA00631,指南里,臺北市文山區指南路三段38巷5-2號,"24.976406,121.583662",1,401.0,文山第一分局,
一般住宅,WRA01030,指南里,臺北市文山區指南路三段22巷8弄1號,"24.983402,121.578828",1,988.0,文山第一分局,
一般住宅,WRA01242,指南里,臺北市文山區指南路三段14巷10號,"24.984344,121.578699",2,450.0,文山第一分局,
一般住宅,WRA01268,指南里,臺北市文山區指南路三段26號,"24.983108,121.579933",1,309.0,文山第一分局,
一般住宅,WRA01359,指南里,臺北市文山區指南路三段14巷13弄1號,"24.984617,121.578999",1,108.0,文山第一分局,
一般住宅,WRA01323,指南里,臺北市文山區指南路三段22巷3號,"24.983971,121.578661",2,520.0,文山第一分局,
一般住宅,WRA01331,指南里,臺北市文山區指南路三段22巷12號,"24.983568,121.578464",2,1118.0,文山第一分局,
一般住宅,WRA01389,指南里,臺北市文山區指南路三段57號,"24.983673,121.580123",2,459.0,文山第一分局,
一般住宅,WRA01396,指南里,臺北市文山區指南路三段77巷6號,"24.982567122781568,121.58054752591552",1,76.0,文山第一分局,
一般住宅,WRA01398,指南里,臺北市文山區指南路三段77巷9號,"24.982693662498406,121.58059907116458",1,216.0,文山第一分局,
一般住宅,WRA01224,政大里,臺北市文山區政大一街19號,"24.98565,121.580224",1,492.0,文山第一分局,
一般住宅,WRA01358,政大里,臺北市文山區政大三街82號,"24.9859,121.58278",1,92.0,文山第一分局,
一般住宅,WRA01278,政大里,臺北市文山區政大二街83號,"24.987466,121.583536",1,2718.0,文山第一分局,
一般住宅,WRA01311,政大里,臺北市文山區政大二街45號,"24.986856,121.583706",2,293.0,文山第一分局,
一般住宅,WRA01310,政大里,臺北市文山區政大三街117號,"24.986467,121.583697",2,192.0,文山第一分局,
一般住宅,WRA01096,政大里,臺北市文山區政大一街320巷88號,"24.985921,121.58646",2,416.0,文山第一分局,
一般住宅,WRA01192,政大里,臺北市文山區政大二街171巷40號,"24.989194,121.586689",1,1816.0,文山第一分局,
一般住宅,WRA01198,政大里,臺北市文山區政大二街215巷2號,"24.988755,121.587307",2,2556.0,文山第一分局,
一般住宅,WRA01238,政大里,臺北市文山區政大一街280號,"24.986269,121.585176",1,620.0,文山第一分局,
一般住宅,WRA01340,政大里,臺北市文山區政大二街260巷11號,"24.988121,121.586707",1,448.0,文山第一分局,
一般住宅,WRA01298,政大里,臺北市文山區政大二街260巷21號,"24.987898,121.586566",1,805.0,文山第一分局,
一般住宅,WRA01291,政大里,臺北市文山區政大二街208號,"24.988865,121.585855",1,3374.0,文山第一分局,
一般住宅,WRA01312,政大里,臺北市文山區政大一街320巷96號,"24.985588,121.58653",1,699.0,文山第一分局,
一般住宅,WRA01054,政大里,臺北市文山區萬壽路75巷2號,"24.985824,121.587681",1,2536.0,文山第一分局,
一般住宅,WRA01055,政大里,臺北市文山區萬壽路75巷41號,"24.986058,121.589104",1,3763.0,文山第一分局,
一般住宅,WRA01191,政大里,臺北市文山區政大一街386號,"24.9877,121.587346",1,602.0,文山第一分局,
一般住宅,WRA01218,政大里,臺北市文山區政大一街368號,"24.987064,121.586803",1,856.0,文山第一分局,
一般住宅,WRA01223,政大里,臺北市文山區政大一街353號,"24.987213,121.585971",1,3211.0,文山第一分局,
一般住宅,WRA01256,政大里,臺北市文山區萬壽路62之1號,"24.986688,121.587414",1,221.0,文山第一分局,
一般住宅,WRA01313,政大里,臺北市文山區政大一街210巷57號,"24.984832,121.585072",1,206.0,文山第一分局,
一般住宅,WRA01332,政大里,臺北市文山區政大一街332號,"24.986996,121.585983",1,502.0,文山第一分局,
一般住宅,WRA01338,政大里,臺北市文山區萬壽路15號,"24.988114,121.575957",2,447.0,文山第一分局,
公有建築物,WRA01383,政大里,臺北市文山區萬壽路36號,"24.988583,121.578159",2,2807.0,文山第一分局,
公有建築物,WRA01391,政大里,臺北市文山區萬壽路64號,"24.98907874947226,121.58144609744171",1,426.0,文山第一分局,
一般住宅,WRA01169,博嘉里,臺北市文山區木柵路五段53號,"25.00516,121.586487",1,815.0,文山第一分局,
一般住宅,WRA01275,博嘉里,臺北市文山區木柵路五段151號,"25.00741,121.589319",1,86.0,文山第一分局,
一般住宅,WRA00167,博嘉里,臺北市文山區木柵路四段149巷1號,"24.998864,121.574777",2,618.0,文山第一分局,
一般住宅,WRA00168,博嘉里,臺北市文山區木柵路四段149巷11號,"24.999141,121.574656",1,224.0,文山第一分局,
一般住宅,WRA00175,博嘉里,臺北市文山區木柵路四段159巷16弄69號,"25.003924,121.57605",2,517.0,文山第一分局,
一般住宅,WRA01050,博嘉里,臺北市文山區木柵路四段151號,"24.999008,121.574917",2,1264.0,文山第一分局,
一般住宅,WRA01294,博嘉里,臺北市文山區木柵路四段149巷21號,"24.999428,121.574512",1,273.0,文山第一分局,
一般住宅,WRA01088,博嘉里,臺北市文山區木柵路四段147號,"24.998405,121.574655",2,609.0,文山第一分局,
一般住宅,WRA01204,博嘉里,臺北市文山區和平東路四段391號,"24.998902,121.574342",1,96.0,文山第一分局,
一般住宅,WRA01206,博嘉里,臺北市文山區和平東路四段295巷1號,"25.001159,121.573199",1,2465.0,文山第一分局,
一般住宅,WRA01309,博嘉里,臺北市文山區木柵路四段137號,"24.998781,121.57338",3,3116.0,文山第一分局,
一般住宅,WRA00647,博嘉里,臺北市文山區和平東路四段65巷9弄2-1號,"25.006457,121.567272",1,2338.0,文山第一分局,
公有建築物,WRA00170,博嘉里,臺北市文山區木柵路四段159巷14-1號,"25.002082,121.57581",1,410.0,文山第一分局,
公有建築物,WRA01174,博嘉里,臺北市文山區木柵路四段77號,"24.995888,121.571876",1,516.0,文山第一分局,
公有建築物,WRA01175,博嘉里,臺北市文山區木柵路四段77號,"24.995888,121.571876",1,3564.0,文山第一分局,
供公眾使用建築物,WRA01220,博嘉里,臺北市文山區木柵路四段159巷16號,"25.00102,121.575592",2,740.0,文山第一分局,
一般住宅,WRA00401,華興里,臺北市文山區辛亥路六段86巷1號,"24.988734,121.55197",1,174.0,文山第一分局,
一般住宅,WRA01016,華興里,臺北市文山區辛亥路六段51號,"24.989286,121.552676",2,1261.0,文山第一分局,
一般住宅,WRA01251,華興里,臺北市文山區辛亥路六段76號,"24.989419,121.552294",1,272.0,文山第一分局,
一般住宅,WRA01264,華興里,臺北市文山區辛亥路六段23號,"24.990431,121.552482",1,738.0,文山第一分局,
一般住宅,WRA01267,華興里,臺北市文山區辛亥路六段31號,"24.989429,121.552756",1,3048.0,文山第一分局,
一般住宅,WRA00799,華興里,臺北市文山區試院路8號,"24.988482,121.549559",1,324.0,文山第一分局,
一般住宅,WRA00826,華興里,臺北市文山區試院路4巷10弄10號,"24.988918,121.550709",1,341.0,文山第一分局,
一般住宅,WRA01271,華興里,臺北市文山區木柵路一段143號,"24.987781,121.550353",1,234.0,文山第一分局,
一般住宅,WRA01373,華興里,臺北市文山區試院路66號,"24.990455,121.549747",2,177.0,文山第一分局,
一般住宅,WRA01225,華興里,臺北市文山區木柵路一段381號,"24.988969,121.558119",1,2619.0,文山第一分局,
一般住宅,WRA01270,華興里,臺北市文山區木柵路一段355號,"24.988865,121.557762",3,797.0,文山第一分局,
一般住宅,WRA01040,華興里,臺北市文山區光輝路22巷2號,"24.986941,121.554805",1,165.0,文山第一分局,
一般住宅,WRA01092,華興里,臺北市文山區辛亥路七段18號,"24.986736,121.55315",1,1622.0,文山第一分局,
一般住宅,WRA01162,華興里,臺北市文山區木柵路一段292號,"24.988323,121.556327",1,667.0,文山第一分局,
一般住宅,WRA01343,華興里,臺北市文山區辛亥路七段5巷5號,"24.987479,121.553023",1,430.0,文山第一分局,
一般住宅,WRA01354,華興里,臺北市文山區木柵路一段238巷15弄9號,"24.987566,121.553408",1,247.0,文山第一分局,
一般住宅,WRA01382,華興里,臺北市文山區辛亥路七段3號,"24.987401,121.55273",1,609.0,文山第一分局,
一般住宅,WRA00655,華興里,臺北市文山區富山路3號,"24.988752,121.553616",1,101.0,文山第一分局,
一般住宅,WRA01059,華興里,臺北市文山區辛亥路六段21巷2號,"24.991326,121.552574",1,2774.0,文山第一分局,
一般住宅,WRA01260,華興里,臺北市文山區富山路20號,"24.989671,121.553447",2,902.0,文山第一分局,
一般住宅,WRA01279,華興里,臺北市文山區富山路16號,"24.989139,121.554073",2,634.0,文山第一分局,
一般住宅,WRA01284,華興里,臺北市文山區富山路1號,"24.988326,121.553634",1,179.0,文山第一分局,
一般住宅,WRA01316,華興里,臺北市文山區木柵路一段299號,"24.988218,121.554235",1,310.0,文山第一分局,
一般住宅,WRA00802,華興里,臺北市文山區試院路144巷4弄12號,"24.990753,121.547753",2,706.0,文山第一分局,
一般住宅,WRA00808,華興里,臺北市文山區試院路154巷2弄11-1號,"24.990929,121.547171",2,713.0,文山第一分局,
一般住宅,WRA00821,華興里,臺北市文山區試院路154巷5弄1號,"24.990929,121.546491",2,375.0,文山第一分局,
一般住宅,WRA01017,華興里,臺北市文山區試院路156號,"24.990209,121.546604",2,1135.0,文山第一分局,
一般住宅,WRA01028,華興里,臺北市文山區試院路80號,"24.989737,121.549049",1,507.0,文山第一分局,
一般住宅,WRA01094,華興里,臺北市文山區試院路84巷2號,"24.99012,121.548557",1,522.0,文山第一分局,
一般住宅,WRA01095,華興里,臺北市文山區試院路100.102號,"24.990265,121.546584",1,101.0,文山第一分局,
一般住宅,WRA01362,華興里,臺北市文山區試院路102號之1,"24.9901,121.547952",4,584.0,文山第一分局,
一般住宅,WRA01401,華興里,臺北市文山區富山路5號,"24.98885970236137,121.5536089964529",1,276.0,文山第一分局,
公有建築物,WRA00790,華興里,臺北市文山區試院路12-1號,"24.988658,121.549499",1,88.0,文山第一分局,
公有建築物,WRA00794,華興里,臺北市文山區試院路2號,"24.987601,121.550057",1,238.0,文山第一分局,
公有建築物,WRA00795,華興里,臺北市文山區試院路2號,"24.987601,121.550057",1,100.0,文山第一分局,
公有建築物,WRA00796,華興里,臺北市文山區試院路2號,"24.987601,121.550057",1,241.0,文山第一分局,
公有建築物,WRA04953,華興里,臺北市文山區木柵路一段311巷1號,"24.989186,121.55588",1、2,4836.0,文山第一分局,
一般住宅,WRA00189,順興里,臺北市文山區木新路二段160號,"24.984058,121.568668",1,363.0,文山第一分局,
一般住宅,WRA00191,順興里,臺北市文山區木新路二段204號,"24.983779,121.567763",1,163.0,文山第一分局,
一般住宅,WRA00192,順興里,臺北市文山區木新路二段206號,"24.983727,121.567714",1,276.0,文山第一分局,
一般住宅,WRA00194,順興里,臺北市文山區木新路二段220號,"24.983599,121.567334",1,31.0,文山第一分局,
一般住宅,WRA00199,順興里,臺北市文山區木新路二段250號,"24.983257,121.566361",1,1345.0,文山第一分局,
一般住宅,WRA00244,順興里,臺北市文山區木新路二段218巷11號,"24.983961,121.567334",1,541.0,文山第一分局,
一般住宅,WRA00246,順興里,臺北市文山區木新路二段218巷8號,"24.983922,121.567518",1,601.0,文山第一分局,
一般住宅,WRA00511,順興里,臺北市文山區保儀路129號,"24.984953,121.567072",1,627.0,文山第一分局,
一般住宅,WRA01202,順興里,臺北市文山區木新路二段156號,"24.984193,121.568859",1,1218.0,文山第一分局,
一般住宅,WRA01361,順興里,臺北市文山區木新路二段238號,"24.983419,121.566754",1,117.0,文山第一分局,
一般住宅,WRA01386,順興里,臺北市文山區保儀路129號,"24.984953,121.567072",3,1191.0,文山第一分局,
一般住宅,WRA00493,順興里,臺北市文山區忠順街二段92號,"24.984925,121.565946",1,746.0,文山第一分局,
一般住宅,WRA00496,順興里,臺北市文山區保儀路120號,"24.984618,121.566419",1,1194.0,文山第一分局,
一般住宅,WRA00500,順興里,臺北市文山區保儀路122號,"24.984442,121.566443",1,455.0,文山第一分局,
一般住宅,WRA00501,順興里,臺北市文山區保儀路126號,"24.984525,121.565941",1,68.0,文山第一分局,
一般住宅,WRA00503,順興里,臺北市文山區保儀路147號,"24.984425,121.566614",1,365.0,文山第一分局,
一般住宅,WRA00547,順興里,臺北市文山區恆光街19號,"24.983561,121.566702",1,18.0,文山第一分局,
一般住宅,WRA00556,順興里,臺北市文山區恆光街17巷14號,"24.983937,121.566974",1,50.0,文山第一分局,
一般住宅,WRA01154,順興里,臺北市文山區忠順街二段90巷26號,"24.984601,121.565106",1,191.0,文山第一分局,
一般住宅,WRA01186,順興里,臺北市文山區忠順街二段122巷1號,"24.984601,121.567126",1,1497.0,文山第一分局,
一般住宅,WRA00280,順興里,臺北市文山區木新路三段48號,"24.982666,121.564328",1,613.0,文山第一分局,
一般住宅,WRA00324,順興里,臺北市文山區木新路三段50巷18號,"24.983435,121.563987",1,247.0,文山第一分局,
一般住宅,WRA00480,順興里,臺北市文山區忠順街二段26號,"24.984711,121.563523",1,544.0,文山第一分局,
一般住宅,WRA00481,順興里,臺北市文山區忠順街二段30號,"24.98477,121.563811",1,747.0,文山第一分局,
一般住宅,WRA00484,順興里,臺北市文山區忠順街二段54號,"24.984853,121.564346",1,326.0,文山第一分局,
一般住宅,WRA00486,順興里,臺北市文山區忠順街二段62號,"24.98489,121.564604",1,366.0,文山第一分局,
一般住宅,WRA00489,順興里,臺北市文山區忠順街二段72號,"24.984905,121.564956",2,1120.0,文山第一分局,
一般住宅,WRA00490,順興里,臺北市文山區忠順街二段74號,"24.984977,121.565203",1,105.0,文山第一分局,
一般住宅,WRA00491,順興里,臺北市文山區忠順街二段80號,"24.984976,121.565434",1,253.0,文山第一分局,
一般住宅,WRA00495,順興里,臺北市文山區忠順街二段90巷11號,"24.984361,121.565147",1,268.0,文山第一分局,
一般住宅,WRA00497,順興里,臺北市文山區忠順街二段90巷7號,"24.984455,121.56491",2,256.0,文山第一分局,
一般住宅,WRA00921,順興里,臺北市文山區興隆路四段165巷41號,"24.984441,121.563879",1,262.0,文山第一分局,
一般住宅,WRA00922,順興里,臺北市文山區興隆路四段165巷40弄1號,"24.984219,121.563716",1,187.0,文山第一分局,
一般住宅,WRA01015,順興里,臺北市文山區保儀路142巷2-10號,"24.983623,121.565319",1,1757.0,文山第一分局,
一般住宅,WRA01062,順興里,臺北市文山區忠順街二段90巷23號,"24.984102,121.564886",1,104.0,文山第一分局,
一般住宅,WRA01070,順興里,臺北市文山區興隆路四段165巷61-63號,"24.984604,121.564651",1,245.0,文山第一分局,
一般住宅,WRA01089,順興里,臺北市文山區興隆路四段165巷55號,"24.984559,121.56437",1,249.0,文山第一分局,
一般住宅,WRA01269,順興里,臺北市文山區中崙路21號,"24.983848,121.564777",1,168.0,文山第一分局,
一般住宅,WRA01345,順興里,臺北市文山區興隆路四段165巷48號,"24.984279,121.563962",1,863.0,文山第一分局,
一般住宅,WRA01365,順興里,臺北市文山區木新路三段50巷10弄3號,"24.983136,121.564227",1,745.0,文山第一分局,
一般住宅,WRA01303,順興里,臺北市文山區中崙路25巷1號,"24.983915,121.564539",1,206.0,文山第一分局,
一般住宅,WRA01277,順興里,臺北市文山區中崙路25巷2號,"24.9841,121.564708",1,145.0,文山第一分局,
一般住宅,WRA01293,順興里,臺北市文山區興隆路四段165巷56號,"24.984311,121.564297",2,373.0,文山第一分局,
一般住宅,WRA00284,順興里,臺北市文山區木新路三段68號,"24.982496,121.563706",1,57.0,文山第一分局,
一般住宅,WRA00325,順興里,臺北市文山區木新路三段50巷7號,"24.983257,121.563908",1,220.0,文山第一分局,
一般住宅,WRA00331,順興里,臺北市文山區木新路三段50巷11弄14號,"24.983257,121.563503",1,78.0,文山第一分局,
一般住宅,WRA00525,順興里,臺北市文山區木新路三段72號,"24.982469,121.563588",1,368.0,文山第一分局,
一般住宅,WRA00855,順興里,臺北市文山區興隆路四段157-1號,"24.984418,121.561865",1,616.0,文山第一分局,
一般住宅,WRA00857,順興里,臺北市文山區興隆路四段177-1號,"24.983674,121.562122",1,41.0,文山第一分局,
一般住宅,WRA00923,順興里,臺北市文山區興隆路四段165巷40弄2號,"24.984131,121.563591",1,187.0,文山第一分局,
一般住宅,WRA00926,順興里,臺北市文山區興隆路四段179巷13號,"24.983844,121.563117",1,148.0,文山第一分局,
一般住宅,WRA01067,順興里,臺北市文山區忠順街二段10號,"24.984513,121.562365",2,752.0,文山第一分局,
一般住宅,WRA01071,順興里,臺北市文山區興隆路四段165巷5號,"24.98419,121.562343",1,665.0,文山第一分局,
一般住宅,WRA01228,順興里,臺北市文山區忠順街二段22號,"24.984669,121.563164",1,34.0,文山第一分局,
一般住宅,WRA00333,順興里,臺北市文山區木新路三段74巷3號,"24.982913,121.563216",1,27.0,文山第一分局,
一般住宅,WRA00863,順興里,臺北市文山區興隆路四段215號,"24.982605,121.562504",1,122.0,文山第一分局,
一般住宅,WRA00925,順興里,臺北市文山區興隆路四段179巷12-3號,"24.983488,121.562878",1,585.0,文山第一分局,
一般住宅,WRA00928,順興里,臺北市文山區興隆路四段195巷7號,"24.98326,121.562636",1,596.0,文山第一分局,
一般住宅,WRA01226,順興里,臺北市文山區興隆路四段197號,"24.983048,121.562405",2,644.0,文山第一分局,
一般住宅,WRA01346,順興里,臺北市文山區興隆路四段219號,"24.982476,121.56255",1,91.0,文山第一分局,
一般住宅,WRA01314,順興里,臺北市文山區木新路三段88號,"24.982381,121.563012",3,710.0,文山第一分局,
一般住宅,WRA00179,萬芳里,臺北市文山區木柵路四段21巷1號,"24.993279,121.571333",2,1504.0,文山第一分局,
一般住宅,WRA01043,萬芳里,臺北市文山區木柵路四段37號,"24.994813,121.57153",1,594.0,文山第一分局,
一般住宅,WRA01049,萬芳里,臺北市文山區木柵路四段9巷2號,"24.992466,121.570806",3,8786.0,文山第一分局,
一般住宅,WRA01065,萬芳里,臺北市文山區萬芳路3號,"24.994986,121.571156",1,243.0,文山第一分局,
一般住宅,WRA01171,萬芳里,臺北市文山區木柵路四段23號,"24.993545,121.571372",1,220.0,文山第一分局,
一般住宅,WRA01172,萬芳里,臺北市文山區木柵路四段31號,"24.993708,121.571406",1,197.0,文山第一分局,
一般住宅,WRA01173,萬芳里,臺北市文山區木柵路四段35號,"24.994174,121.57149",1,253.0,文山第一分局,
一般住宅,WRA01280,萬芳里,臺北市文山區木柵路四段33巷5號,"24.993939,121.57105",3,1288.0,文山第一分局,
一般住宅,WRA00714,萬芳里,臺北市文山區萬安街12巷2-2號,"25.001425,121.570188",1,1436.0,文山第一分局,
一般住宅,WRA00770,萬芳里,臺北市文山區萬美街一段51號,"25.0023,121.568484",1,2493.0,文山第一分局,
一般住宅,WRA01012,萬芳里,臺北市文山區萬和街6號,"25.001933,121.567363",2,7988.0,文山第一分局,
一般住宅,WRA00703,萬芳里,臺北市文山區萬安街119號,"25.001522,121.570944",1,100.0,文山第一分局,
一般住宅,WRA00704,萬芳里,臺北市文山區萬安街17號,"25.001276,121.570623",1,245.0,文山第一分局,
一般住宅,WRA00705,萬芳里,臺北市文山區萬安街23號,"25.000969,121.570708",1,158.0,文山第一分局,
一般住宅,WRA00706,萬芳里,臺北市文山區萬安街33號,"25.000692,121.570817",1,75.0,文山第一分局,
一般住宅,WRA00707,萬芳里,臺北市文山區萬安街39號,"25.000267,121.570975",1,145.0,文山第一分局,
一般住宅,WRA00708,萬芳里,臺北市文山區萬安街51號,"24.999732,121.57115",2,638.0,文山第一分局,
一般住宅,WRA00709,萬芳里,臺北市文山區萬安街69號,"24.999707,121.571434",2,1185.0,文山第一分局,
一般住宅,WRA00710,萬芳里,臺北市文山區萬安街79號,"25.000015,121.571819",1,188.0,文山第一分局,
一般住宅,WRA00711,萬芳里,臺北市文山區萬安街9號,"25.001512,121.57064",2,364.0,文山第一分局,
一般住宅,WRA00712,萬芳里,臺北市文山區萬安街91號,"25.000432,121.571921",1,251.0,文山第一分局,
一般住宅,WRA00713,萬芳里,臺北市文山區萬安街99號,"25.000743,121.571744",1,153.0,文山第一分局,
一般住宅,WRA00715,萬芳里,臺北市文山區萬安街21巷10號,"25.000886,121.571129",1,282.0,文山第一分局,
一般住宅,WRA00717,萬芳里,臺北市文山區萬安街21巷13號,"25.001166,121.571222",1,225.0,文山第一分局,
一般住宅,WRA00718,萬芳里,臺北市文山區萬安街21巷23號,"25.001138,121.571512",1,68.0,文山第一分局,
一般住宅,WRA00719,萬芳里,臺北市文山區萬安街21巷5號,"25.001169,121.57091",1,120.0,文山第一分局,
一般住宅,WRA00720,萬芳里,臺北市文山區萬安街21巷6號,"25.000927,121.570956",1,68.0,文山第一分局,
一般住宅,WRA00721,萬芳里,臺北市文山區萬安街37巷1號,"25.000454,121.570865",1,107.0,文山第一分局,
一般住宅,WRA00722,萬芳里,臺北市文山區萬安街37巷12號,"25.000288,121.571613",1,186.0,文山第一分局,
一般住宅,WRA00723,萬芳里,臺北市文山區萬安街37巷13號,"25.000539,121.571358",1,77.0,文山第一分局,
一般住宅,WRA00724,萬芳里,臺北市文山區萬安街37巷2號,"25.000219,121.571254",1,70.0,文山第一分局,
一般住宅,WRA00726,萬芳里,臺北市文山區萬安街37巷4號,"25.00026,121.571358",1,74.0,文山第一分局,
一般住宅,WRA00727,萬芳里,臺北市文山區萬安街37巷5號,"25.000471,121.571061",1,178.0,文山第一分局,
一般住宅,WRA00728,萬芳里,臺北市文山區萬安街37巷8號,"25.000263,121.571518",1,74.0,文山第一分局,
一般住宅,WRA00729,萬芳里,臺北市文山區萬安街37巷17弄1號,"25.000616,121.571564",1,310.0,文山第一分局,
一般住宅,WRA01211,萬芳里,臺北市文山區萬芳路18號,"24.995799,121.570509",2,1408.0,文山第一分局,
一般住宅,WRA01392,萬芳里,臺北市文山區萬芳路28號,"24.9962686,121.5703533",4,889.0,文山第一分局,
一般住宅,WRA01019,萬美里,臺北市文山區和平東路四段66巷25-1號,"25.005485,121.56613",3,17535.0,文山第一分局,
一般住宅,WRA01210,萬美里,臺北市文山區萬利街30巷39弄1號,"25.001469,121.564014",1,101.0,文山第一分局,
一般住宅,WRA01253,萬美里,臺北市文山區萬芳路60之1號,"24.998386,121.569128",1,1600.0,文山第一分局,
一般住宅,WRA01328,萬美里,臺北市文山區萬芳路51號,"24.998125,121.563832",2,748.0,文山第一分局,
公有建築物,WRA00763,萬美里,臺北市文山區萬和街1號,"25.001315,121.567572",1,1163.0,文山第一分局,
公有建築物,WRA00764,萬美里,臺北市文山區萬和街1號,"25.001315,121.567572",1,1438.0,文山第一分局,
公有建築物,WRA00765,萬美里,臺北市文山區萬和街1號,"25.001315,121.567572",1,1082.0,文山第一分局,
一般住宅,WRA01177,萬興里,臺北市文山區秀明路二段118巷1號,"24.989198,121.576678",2,1402.0,文山第一分局,
一般住宅,WRA01209,萬興里,臺北市文山區新光路一段32巷4弄3號,"24.989443,121.573166",1,284.0,文山第一分局,
一般住宅,WRA01364,萬興里,臺北市文山區新光路一段62號,"24.990247,121.573612",2,563.0,文山第一分局,
一般住宅,WRA01180,萬興里,臺北市文山區秀明路二段175號,"24.99098,121.578218",2,888.0,文山第一分局,
一般住宅,WRA01240,萬興里,臺北市文山區秀明路二段163巷8號,"24.990713,121.577237",1,286.0,文山第一分局,
一般住宅,WRA01248,萬興里,臺北市文山區秀明路二段159號,"24.990824,121.576969",1,791.0,文山第一分局,
一般住宅,WRA01319,萬興里,臺北市文山區秀明路二段116號,"24.989609,121.576676",1,3835.0,文山第一分局,
一般住宅,WRA01306,萬興里,臺北市文山區新光路一段49號,"24.989825,121.573843",1,132.0,文山第一分局,
一般住宅,WRA00701,萬興里,臺北市文山區新光路二段28號,"25.000067,121.588105",2,5429.0,文山第一分局,
一般住宅,WRA01232,萬興里,臺北市文山區新光路一段143號,"24.99192,121.573904",3,2984.0,文山第一分局,
一般住宅,WRA01282,萬興里,臺北市文山區秀明路二段31號,"24.991997,121.57593",1,340.0,文山第一分局,
一般住宅,WRA01334,萬興里,臺北市文山區新光路一段185號,"24.993095,121.574129",1,359.0,文山第一分局,
一般住宅,WRA01337,萬興里,臺北市文山區新光路一段191號,"24.993396,121.573966",1,348.0,文山第一分局,
一般住宅,WRA01245,萬興里,臺北市文山區秀明路二段165號,"24.990387,121.576995",1,2567.0,文山第一分局,
一般住宅,WRA01305,萬興里,臺北市文山區萬興里19秀明路二段112巷17號,"24.990157,121.575391",1,695.0,文山第一分局,
一般住宅,WRA01281,萬興里,臺北市文山區指南路二段45巷14弄2號,"24.988862,121.574807",2,473.0,文山第一分局,
一般住宅,WRA01288,萬興里,臺北市文山區指南路二段45巷14弄5號,"24.989044,121.574799",1,272.0,文山第一分局,
一般住宅,WRA01380,萬興里,臺北市文山區指南路二段45巷10弄8號,"24.989014,121.575869",1,505.0,文山第一分局,
一般住宅,WRA01376,萬興里,臺北市文山區指南路二段45巷15號,"24.988764,121.574383",2,202.0,文山第一分局,
一般住宅,WRA01393,萬興里,臺北市文山區新光路一段32巷25號,"24.9892287,121.57296898",4,792.0,文山第一分局,
一般住宅,WRA01399,萬興里,臺北市文山區秀明路二段71號,"24.99169665356619,121.57615599645298",2,929.0,文山第一分局,
公有建築物,WRA00572,萬興里,臺北市文山區指南路二段64號,"24.987418,121.576504",1,107.0,文山第一分局,
公有建築物,WRA00573,萬興里,臺北市文山區指南路二段64號,"24.987418,121.576504",1,206.0,文山第一分局,
公有建築物,WRA00574,萬興里,臺北市文山區指南路二段64號,"24.987418,121.576504",1,247.0,文山第一分局,
公有建築物,WRA00575,萬興里,臺北市文山區指南路二段64號,"24.987418,121.576504",1,543.0,文山第一分局,
公有建築物,WRA00576,萬興里,臺北市文山區指南路二段64號,"24.987418,121.576504",1,2952.0,文山第一分局,
公有建築物,WRA00577,萬興里,臺北市文山區指南路二段64號,"24.987418,121.576504",1,462.0,文山第一分局,
公有建築物,WRA00578,萬興里,臺北市文山區指南路二段64號,"24.987418,121.576504",1,105.0,文山第一分局,
公有建築物,WRA00579,萬興里,臺北市文山區指南路二段64號,"24.987418,121.576504",1,1747.0,文山第一分局,
公有建築物,WRA00580,萬興里,臺北市文山區指南路二段64號,"24.987418,121.576504",1,1021.0,文山第一分局,
公有建築物,WRA00581,萬興里,臺北市文山區指南路二段64號,"24.987418,121.576504",1,762.0,文山第一分局,
公有建築物,WRA00582,萬興里,臺北市文山區指南路二段64號,"24.987418,121.576504",1,835.0,文山第一分局,
公有建築物,WRA00583,萬興里,臺北市文山區指南路二段64號,"24.987418,121.576504",1,884.0,文山第一分局,
公有建築物,WRA00584,萬興里,臺北市文山區指南路二段64號,"24.987418,121.576504",1,302.0,文山第一分局,
公有建築物,WRA00585,萬興里,臺北市文山區指南路二段64號,"24.987418,121.576504",1,801.0,文山第一分局,
公有建築物,WRA00586,萬興里,臺北市文山區指南路二段64號,"24.987418,121.576504",1,282.0,文山第一分局,
公有建築物,WRA00590,萬興里,臺北市文山區指南路二段64號,"24.987418,121.576504",1,1551.0,文山第一分局,
公有建築物,WRA00591,萬興里,臺北市文山區指南路二段64號,"24.987418,121.576504",1,1238.0,文山第一分局,
公有建築物,WRA00587,萬興里,臺北市文山區指南路二段64號,"24.987418,121.576504",1,796.0,文山第一分局,
公有建築物,WRA00588,萬興里,臺北市文山區指南路二段64號,"24.987418,121.576504",1,156.0,文山第一分局,
公有建築物,WRA00589,萬興里,臺北市文山區指南路二段64號,"24.987418,121.576504",1,2238.0,文山第一分局,
公有建築物,WRA01355,萬興里,臺北市文山區指南路二段64號,"24.987418,121.576504",1,2114.0,文山第一分局,
公有建築物,WRA01018,萬興里,臺北市文山區指南路二段64號,"24.987418,121.576504",1,2908.0,文山第一分局,
公有建築物,WRA01082,萬興里,臺北市文山區指南路二段64號,"24.987418,121.576504",1,3481.0,文山第一分局,
公有建築物,WRA01320,萬興里,臺北市文山區指南路二段64號,"24.987418,121.576504",1,555.0,文山第一分局,
一般住宅,WRA01212,試院里,臺北市文山區和興路18號,"24.985647,121.546259",1,958.0,文山第一分局,
一般住宅,WRA01216,試院里,臺北市文山區和興路26巷11弄30號,"24.984483,121.545753",1,465.0,文山第一分局,
一般住宅,WRA01283,試院里,臺北市文山區和興路26巷7號,"24.985386,121.545821",1,120.0,文山第一分局,
一般住宅,WRA01318,試院里,臺北市文山區和興路28巷16號,"24.984379,121.546091",1,86.0,文山第一分局,
一般住宅,WRA01257,試院里,臺北市文山區木柵路一段59巷16至20號,"24.987629,121.546407",1,290.0,文山第一分局,
一般住宅,WRA01183,試院里,臺北市文山區木柵路一段52號,"24.986782,121.546809",2,1025.0,文山第一分局,
一般住宅,WRA01217,試院里,臺北市文山區木柵路一段68之2號,"24.98684,121.548205",1,410.0,文山第一分局,
一般住宅,WRA01236,試院里,臺北市文山區木柵路一段89巷12弄1號,"24.987735,121.54759",2,500.0,文山第一分局,
一般住宅,WRA01237,試院里,臺北市文山區木柵路一段111號,"24.987293,121.548008",1,1961.0,文山第一分局,
一般住宅,WRA01239,試院里,臺北市文山區木柵路一段76巷6-12號,"24.986761,121.550174",1,415.0,文山第一分局,
一般住宅,WRA01250,試院里,臺北市文山區木柵路一段59巷66號,"24.988133,121.547702",1,103.0,文山第一分局,
一般住宅,WRA01322,試院里,臺北市文山區木柵路一段59巷68號,"24.98813,121.547819",1,180.0,文山第一分局,
一般住宅,WRA01324,試院里,臺北市文山區木柵路一段59巷80號,"24.98822,121.548276",1,255.0,文山第一分局,
一般住宅,WRA01379,試院里,臺北市文山區木柵路一段111號,"24.987293,121.548008",1,156.0,文山第一分局,
一般住宅,WRA01093,試院里,臺北市文山區木柵路一段81號,"24.987023,121.546834",1,1352.0,文山第一分局,
一般住宅,WRA01189,試院里,臺北市文山區和興路44巷26弄2號,"24.984138,121.546285",1,461.0,文山第一分局,
一般住宅,WRA01235,試院里,臺北市文山區和興路66號,"24.984931,121.547976",1,488.0,文山第一分局,
一般住宅,WRA01272,試院里,臺北市文山區和興路52巷23號,"24.984135,121.548164",1,52.0,文山第一分局,
一般住宅,WRA01274,試院里,臺北市文山區和興路95號,"24.985465,121.54956",1,456.0,文山第一分局,
一般住宅,WRA01252,試院里,臺北市文山區木柵路一段17巷1號,"24.988624,121.544099",3,5459.0,文山第一分局,
一般住宅,WRA01344,試院里,臺北市文山區試院路1巷2號,"24.987877,121.548513",2,373.0,文山第一分局,
一般住宅,WRA01360,試院里,臺北市文山區試院路5號,"24.988443,121.548383",1,522.0,文山第一分局,
一般住宅,WRA01327,試院里,臺北市文山區試院路1巷1號,"24.987779,121.548703",1,62.0,文山第一分局,
一般住宅,WRA01400,試院里,臺北市文山區和興路88號,"24.98506484556318,121.54929284841384",1,1989.0,文山第一分局,
一般住宅,WRA01403,試院里,臺北市文山區試院路60巷1號,"24.989541264412246, 121.54908924232919",1、2,1447.0,文山第一分局,
公有建築物,WRA00062,試院里,臺北市文山區木柵路一段72號,"24.987193,121.549336",2,2609.0,文山第一分局,
公有建築物,WRA00063,試院里,臺北市文山區木柵路一段74號,"24.987293,121.549985",1,715.0,文山第一分局,
公有建築物,WRA01325,試院里,臺北市文山區木柵路一段78號,"24.987373,121.550284",2,385.0,文山第一分局,
公有建築物,WRA01157,試院里,臺北市文山區木柵路一段119號,"24.98732,121.548478",1,91.0,文山第一分局,
公有建築物,WRA00413,試院里,臺北市文山區和興路71-1號,"24.985303,121.548848",1,545.0,文山第一分局,
公有建築物,WRA01072,試院里,臺北市文山區和興路44巷16號,"24.984037,121.546682",1,1274.0,文山第一分局,
公有建築物,WRA01073,試院里,臺北市文山區和興路84巷18號,"24.984596,121.548709",1,1093.0,文山第一分局,
公有建築物,WRA00784,試院里,臺北市文山區試院路1號,"24.987745479,121.549617",1,197.0,文山第一分局,
公有建築物,WRA00785,試院里,臺北市文山區試院路1號,"24.98908696,121.54912587",1,554.0,文山第一分局,
公有建築物,WRA00786,試院里,臺北市文山區試院路1號,"24.98765296,121.549",1,916.0,文山第一分局,
公有建築物,WRA00787,試院里,臺北市文山區試院路1號,"24.98899,121.548864",1,525.0,文山第一分局,
公有建築物,WRA00788,試院里,臺北市文山區試院路1號,"24.988,121.5492",1,1350.0,文山第一分局,
公有建築物,WRA01090,試院里,臺北市文山區試院路1號,"24.987972,121.549",1,7505.0,文山第一分局,
一般住宅,WRA00274,樟文里,臺北市文山區木新路三段220號,"24.981508,121.559425",1,23.0,文山第一分局,
一般住宅,WRA00300,樟文里,臺北市文山區木新路三段232巷8號,"24.98215,121.558937",1,195.0,文山第一分局,
一般住宅,WRA00441,樟文里,臺北市文山區忠順街一段24號,"24.98395,121.559009",1,233.0,文山第一分局,
一般住宅,WRA00444,樟文里,臺北市文山區忠順街一段8號,"24.983865,121.558176",1,274.0,文山第一分局,
一般住宅,WRA00455,樟文里,臺北市文山區忠順街一段26巷14號,"24.983357,121.55931",1,137.0,文山第一分局,
一般住宅,WRA00462,樟文里,臺北市文山區忠順街一段26巷26弄1號,"24.982865,121.559192",1,221.0,文山第一分局,
一般住宅,WRA00463,樟文里,臺北市文山區忠順街一段26巷26弄2號,"24.983053,121.559191",1,221.0,文山第一分局,
一般住宅,WRA00464,樟文里,臺北市文山區忠順街一段26巷30弄2號,"24.982541,121.559285",1,84.0,文山第一分局,
一般住宅,WRA00466,樟文里,臺北市文山區忠順街一段10巷28號,"24.983231,121.558408",1,87.0,文山第一分局,
一般住宅,WRA00467,樟文里,臺北市文山區木新路三段232巷43號,"24.982953,121.558494",1,217.0,文山第一分局,
一般住宅,WRA00473,樟文里,臺北市文山區忠順街一段10巷8號,"24.983663,121.558249",1,653.0,文山第一分局,
一般住宅,WRA00474,樟文里,臺北市文山區忠順街一段26巷34號,"24.982426,121.559576",1,248.0,文山第一分局,
一般住宅,WRA00475,樟文里,臺北市文山區忠順街一段26巷12弄2號,"24.983544,121.559065",1,2096.0,文山第一分局,
一般住宅,WRA00476,樟文里,臺北市文山區忠順街一段26巷30弄6號,"24.982479,121.559102",1,697.0,文山第一分局,
一般住宅,WRA00514,樟文里,臺北市文山區木新路三段204號,"24.981598,121.559828",1,164.0,文山第一分局,
一般住宅,WRA00515,樟文里,臺北市文山區木新路三段210號,"24.98157,121.559706",1,100.0,文山第一分局,
一般住宅,WRA00516,樟文里,臺北市文山區木新路三段222號,"24.981497,121.55938",1,110.0,文山第一分局,
一般住宅,WRA00530,樟文里,臺北市文山區忠順街一段26巷42號,"24.982125,121.559663",1,192.0,文山第一分局,
一般住宅,WRA00531,樟文里,臺北市文山區忠順路一段26巷38號,"24.982243,121.559625",1,37.0,文山第一分局,
一般住宅,WRA00536,樟文里,臺北市文山區木新路三段232巷2號,"24.981703,121.559082",1,175.0,文山第一分局,
一般住宅,WRA00537,樟文里,臺北市文山區木新路三段232巷6弄1號,"24.98195,121.559038",1,182.0,文山第一分局,
一般住宅,WRA01381,樟文里,臺北市文山區忠順街一段12號,"24.983882,121.558392",1,631.0,文山第一分局,
一般住宅,WRA00275,樟文里,臺北市文山區木新路三段248號,"24.981383,121.558777",1,643.0,文山第一分局,
一般住宅,WRA00301,樟文里,臺北市文山區木新路三段232巷9號,"24.981902,121.558839",1,396.0,文山第一分局,
一般住宅,WRA00302,樟文里,臺北市文山區木新路三段232巷45弄2號,"24.982749,121.558083",1,995.0,文山第一分局,
一般住宅,WRA00303,樟文里,臺北市文山區木新路三段232巷7弄20號,"24.981795,121.558381",1,107.0,文山第一分局,
一般住宅,WRA00306,樟文里,臺北市文山區木新路三段278巷2-1號,"24.981736,121.558023",1,302.0,文山第一分局,
一般住宅,WRA00313,樟文里,臺北市文山區木新路三段310巷12弄15號,"24.982192,121.557541",1,92.0,文山第一分局,
一般住宅,WRA00314,樟文里,臺北市文山區木新路三段310巷14弄13號,"24.982451,121.557312",1,277.0,文山第一分局,
一般住宅,WRA00315,樟文里,臺北市文山區木新路三段310巷14弄24號,"24.982368,121.557362",1,121.0,文山第一分局,
一般住宅,WRA00316,樟文里,臺北市文山區木新路三段310巷16弄2號,"24.982395,121.556771",1,266.0,文山第一分局,
一般住宅,WRA00468,樟文里,臺北市文山區木新路三段232巷45弄1號,"24.982894,121.558246",1,154.0,文山第一分局,
一般住宅,WRA00469,樟文里,臺北市文山區木新路三段278巷12號,"24.982102,121.557974",1,81.0,文山第一分局,
一般住宅,WRA00470,樟文里,臺北市文山區木新路三段232巷7弄12號,"24.982016,121.558154",1,88.0,文山第一分局,
一般住宅,WRA00535,樟文里,臺北市文山區木新路三段232巷1號,"24.981625,121.558961",1,146.0,文山第一分局,
一般住宅,WRA01075,樟文里,臺北市文山區木新路三段232巷45弄13號,"24.982475,121.558341",1,379.0,文山第一分局,
一般住宅,WRA01213,樟文里,臺北市文山區木新路三段236號,"24.981465,121.558959",2,286.0,文山第一分局,
一般住宅,WRA01244,樟文里,臺北市文山區木新路三段232巷7弄8-1號,"24.982119,121.558516",1,404.0,文山第一分局,
一般住宅,WRA01263,樟文里,臺北市文山區木新路三段232巷45弄10號,"24.982434,121.558177",1,111.0,文山第一分局,
一般住宅,WRA00389,樟文里,臺北市文山區辛亥路七段70號,"24.982427,121.553946",1,198.0,文山第一分局,
一般住宅,WRA00391,樟文里,臺北市文山區辛亥路七段69巷17號,"24.982531,121.554768",1,526.0,文山第一分局,
一般住宅,WRA00392,樟文里,臺北市文山區辛亥路七段69巷2號,"24.982434,121.554131",1,440.0,文山第一分局,
一般住宅,WRA00394,樟文里,臺北市文山區辛亥路七段69巷30號,"24.982354,121.554798",1,60.0,文山第一分局,
一般住宅,WRA00395,樟文里,臺北市文山區辛亥路七段76巷27號,"24.981963,121.554989",1,128.0,文山第一分局,
一般住宅,WRA00396,樟文里,臺北市文山區辛亥路七段76巷31弄7號,"24.982312,121.555131",1,201.0,文山第一分局,
一般住宅,WRA01002,樟文里,臺北市文山區辛亥路七段69巷7號,"24.982538,121.554372",1,82.0,文山第一分局,
一般住宅,WRA01003,樟文里,臺北市文山區辛亥路七段69巷13號,"24.982534,121.55459",1,104.0,文山第一分局,
一般住宅,WRA01004,樟文里,臺北市文山區辛亥路七段76巷15號,"24.982002,121.554579",1,102.0,文山第一分局,
一般住宅,WRA01005,樟文里,臺北市文山區辛亥路七段76巷6號,"24.981885,121.554115",1,127.0,文山第一分局,
一般住宅,WRA01006,樟文里,臺北市文山區辛亥路七段76巷14號,"24.981871,121.554456",1,236.0,文山第一分局,
一般住宅,WRA01007,樟文里,臺北市文山區辛亥路七段76巷28號,"24.981817,121.555042",1,115.0,文山第一分局,
一般住宅,WRA01009,樟文里,臺北市文山區辛亥路七段76巷11號,"24.982026,121.554396",1,84.0,文山第一分局,
一般住宅,WRA01010,樟文里,臺北市文山區辛亥路七段69巷12號,"24.982405,121.554359",1,297.0,文山第一分局,
一般住宅,WRA01011,樟文里,臺北市文山區辛亥路七段69巷3號,"24.982544,121.554271",1,67.0,文山第一分局,
一般住宅,WRA01084,樟文里,臺北市文山區辛亥路七段78號,"24.981867,121.553858",1,3132.0,文山第一分局,
一般住宅,WRA01214,樟文里,臺北市文山區辛亥路七段72~73號,"24.980307,121.553855",1,563.0,文山第一分局,
一般住宅,WRA01215,樟文里,臺北市文山區辛亥路七段69巷25號,"24.982512,121.555143",1,164.0,文山第一分局,
一般住宅,WRA00307,樟文里,臺北市文山區木新路三段278巷9號,"24.981926,121.557807",1,491.0,文山第一分局,
一般住宅,WRA00308,樟文里,臺北市文山區木新路三段278巷7弄4號,"24.981755,121.557576",1,185.0,文山第一分局,
一般住宅,WRA00390,樟文里,臺北市文山區辛亥路七段85號,"24.981387,121.553826",1,297.0,文山第一分局,
一般住宅,WRA00524,樟文里,臺北市文山區木新路三段350號,"24.980312,121.554883",1,31.0,文山第一分局,
一般住宅,WRA00992,樟文里,臺北市文山區木新路三段352巷12號,"24.981016,121.554589",1,160.0,文山第一分局,
一般住宅,WRA00993,樟文里,臺北市文山區辛亥路七段84巷22弄1號,"24.981176,121.554905",1,117.0,文山第一分局,
一般住宅,WRA00994,樟文里,臺北市文山區辛亥路七段84巷22弄2號,"24.981328,121.554773",1,110.0,文山第一分局,
一般住宅,WRA00995,樟文里,臺北市文山區木新路三段352巷20號,"24.981345,121.554568",1,98.0,文山第一分局,
一般住宅,WRA00996,樟文里,臺北市文山區木新路三段352巷11號,"24.9809,121.554472",1,174.0,文山第一分局,
一般住宅,WRA00997,樟文里,臺北市文山區木新路三段352巷19號,"24.981206,121.554444",1,88.0,文山第一分局,
一般住宅,WRA00998,樟文里,臺北市文山區木新路三段352巷4弄2號,"24.98066,121.554714",1,152.0,文山第一分局,
一般住宅,WRA00999,樟文里,臺北市文山區辛亥路七段84巷32弄2號,"24.981154,121.555206",1,51.0,文山第一分局,
一般住宅,WRA01000,樟文里,臺北市文山區辛亥路七段84巷24號,"24.981349,121.55492",1,91.0,文山第一分局,
一般住宅,WRA01008,樟文里,臺北市文山區辛亥路七段84巷6號,"24.981389,121.553967",1,320.0,文山第一分局,
一般住宅,WRA01048,樟文里,臺北市文山區木新路三段280號,"24.981127,121.557909",1,376.0,文山第一分局,
公有建築物,WRA00442,樟文里,臺北市文山區忠順街一段4號,"24.983666,121.557564",1,244.0,文山第一分局,
公有建築物,WRA00443,樟文里,臺北市文山區忠順街一段4號,"24.983666,121.557564",1,292.0,文山第一分局,
公有建築物,WRA00312,樟文里,臺北市文山區木新路三段310巷4號,"24.981476,121.557222",1,1554.0,文山第一分局,
公有建築物,WRA00520,樟文里,臺北市文山區木新路三段312號,"24.980741,121.556228",1,203.0,文山第一分局,
公有建築物,WRA00521,樟文里,臺北市文山區木新路三段312號,"24.980741,121.556228",1,416.0,文山第一分局,
公有建築物,WRA01201,樟文里,臺北市文山區木新路三段312號,"24.980741,121.556228",1,958.0,文山第一分局,
公有建築物,WRA00277,樟文里,臺北市文山區木新路三段312號,"24.980741,121.556228",1,536.0,文山第一分局,
公有建築物,WRA00278,樟文里,臺北市文山區木新路三段312號,"24.980741,121.556228",1,212.0,文山第一分局,
公有建築物,WRA01395,樟文里,臺北市文山區木新路三段312號,"24.980741,121.556228",1,3925.0,文山第一分局,
一般住宅,WRA00006,樟林里,臺北市文山區下崙路24號,"24.986231,121.559177",1,332.0,文山第一分局,
一般住宅,WRA00007,樟林里,臺北市文山區下崙路25號,"24.986259,121.558865",1,203.0,文山第一分局,
一般住宅,WRA00008,樟林里,臺北市文山區下崙路27號,"24.986219,121.55828",1,204.0,文山第一分局,
一般住宅,WRA00009,樟林里,臺北市文山區下崙路29-1號,"24.985944,121.557936",1,142.0,文山第一分局,
一般住宅,WRA00010,樟林里,臺北市文山區下崙路5號,"24.986546,121.560632",1,248.0,文山第一分局,
一般住宅,WRA00012,樟林里,臺北市文山區下崙路9-1號,"24.986522,121.560366",1,330.0,文山第一分局,
一般住宅,WRA00013,樟林里,臺北市文山區下崙路11巷31號,"24.985675,121.559093",2,247.0,文山第一分局,
一般住宅,WRA00014,樟林里,臺北市文山區下崙路11巷10號,"24.985966,121.559997",1,952.0,文山第一分局,
一般住宅,WRA00015,樟林里,臺北市文山區下崙路11巷9號,"24.986142,121.560252",1,112.0,文山第一分局,
一般住宅,WRA00016,樟林里,臺北市文山區下崙路28巷2號,"24.986212,121.55685",1,632.0,文山第一分局,
一般住宅,WRA00017,樟林里,臺北市文山區下崙路33巷17號,"24.986082,121.558513",1,157.0,文山第一分局,
一般住宅,WRA00018,樟林里,臺北市文山區下崙路33巷2號,"24.985588,121.558729",1,463.0,文山第一分局,
一般住宅,WRA00357,樟林里,臺北市文山區光輝路134巷2號,"24.985095,121.558242",1,1218.0,文山第一分局,
一般住宅,WRA01024,樟林里,臺北市文山區光輝路148號,"24.985177,121.55885",1,401.0,文山第一分局,
一般住宅,WRA01155,樟林里,臺北市文山區下崙路33巷9號,"24.985854,121.558753",1,211.0,文山第一分局,
一般住宅,WRA01367,樟林里,臺北市文山區下崙路28巷1-1號,"24.986184,121.556775",1,111.0,文山第一分局,
一般住宅,WRA01368,樟林里,臺北市文山區下崙路11巷15號,"24.985688,121.559708",1,338.0,文山第一分局,
一般住宅,WRA01369,樟林里,臺北市文山區下崙路11巷23號,"24.985647,121.559394",2,370.0,文山第一分局,
一般住宅,WRA00976,樟林里,臺北市文山區辛亥路七段60巷1號,"24.984203,121.554663",1,115.0,文山第一分局,
一般住宅,WRA00977,樟林里,臺北市文山區辛亥路七段65巷7號,"24.983899,121.554882",1,157.0,文山第一分局,
一般住宅,WRA00984,樟林里,臺北市文山區辛亥路七段54號,"24.984549,121.55441",1,275.0,文山第一分局,
一般住宅,WRA01304,樟林里,臺北市文山區光輝路21巷9號,"24.98609,121.555477",3,349.0,文山第一分局,
一般住宅,WRA00433,樟林里,臺北市文山區忠順街一段149號,"24.984461,121.56099",1,150.0,文山第一分局,
一般住宅,WRA00435,樟林里,臺北市文山區忠順街一段159號,"24.984525,121.561276",1,30.0,文山第一分局,
一般住宅,WRA00436,樟林里,臺北市文山區忠順街一段129號,"24.984378,121.560445",1,258.0,文山第一分局,
一般住宅,WRA00438,樟林里,臺北市文山區忠順街一段157號,"24.984508,121.561211",1,124.0,文山第一分局,
一般住宅,WRA00439,樟林里,臺北市文山區忠順街一段119號,"24.9843,121.559951",1,52.0,文山第一分局,
一般住宅,WRA00440,樟林里,臺北市文山區忠順街一段115號,"24.984273,121.559799",1,597.0,文山第一分局,
一般住宅,WRA00445,樟林里,臺北市文山區忠順街一段153號,"24.984496,121.561103",1,33.0,文山第一分局,
一般住宅,WRA00449,樟林里,臺北市文山區忠順街一段121巷5號,"24.984632,121.559895",1,41.0,文山第一分局,
一般住宅,WRA00450,樟林里,臺北市文山區興隆路四段66巷32號,"24.984655,121.560063",1,233.0,文山第一分局,
一般住宅,WRA00451,樟林里,臺北市文山區忠順街一段121巷3弄2號,"24.984583,121.559755",1,142.0,文山第一分局,
一般住宅,WRA00452,樟林里,臺北市文山區興隆路四段62巷26號,"24.984983,121.559982",1,254.0,文山第一分局,
一般住宅,WRA00453,樟林里,臺北市文山區忠順街一段121巷7弄1號,"24.984818,121.559824",1,197.0,文山第一分局,
一般住宅,WRA00454,樟林里,臺北市文山區忠順街一段121巷7弄2號,"24.984921,121.559776",1,257.0,文山第一分局,
一般住宅,WRA00471,樟林里,臺北市文山區忠順街一段21號,"24.983934,121.557664",1,1020.0,文山第一分局,
一般住宅,WRA00477,樟林里,臺北市文山區忠順街一段41巷6號,"24.984549,121.558644",1,1061.0,文山第一分局,
一般住宅,WRA00478,樟林里,臺北市文山區忠順街一段41巷3弄2號,"24.9844,121.558452",2,517.0,文山第一分局,
一般住宅,WRA00948,樟林里,臺北市文山區興隆路四段58巷35號,"24.985143,121.559405",1,37.0,文山第一分局,
一般住宅,WRA00950,樟林里,臺北市文山區興隆路四段58巷37號,"24.985157,121.559307",1,148.0,文山第一分局,
一般住宅,WRA00956,樟林里,臺北市文山區興隆路四段62巷20號,"24.985035,121.560222",1,206.0,文山第一分局,
一般住宅,WRA00356,樟林里,臺北市文山區光輝路128-1號,"24.985166,121.557913",1,727.0,文山第一分局,
一般住宅,WRA01227,樟林里,臺北市文山區光輝路112巷5弄2號,"24.984573,121.557345",1,411.0,文山第一分局,
一般住宅,WRA00011,樟林里,臺北市文山區下崙路73號,"24.985371,121.559473",1,56.0,文山第一分局,
一般住宅,WRA00866,樟林里,臺北市文山區興隆路四段50-2號,"24.986498,121.560806",1,234.0,文山第一分局,
一般住宅,WRA00867,樟林里,臺北市文山區興隆路四段54號,"24.986263,121.56091",1,355.0,文山第一分局,
一般住宅,WRA00874,樟林里,臺北市文山區興隆路四段64號,"24.985142,121.561325",1,41.0,文山第一分局,
一般住宅,WRA00875,樟林里,臺北市文山區興隆路四段64-1號,"24.985092,121.561342",1,123.0,文山第一分局,
一般住宅,WRA00876,樟林里,臺北市文山區興隆路四段68-1號,"24.984794,121.561448",1,115.0,文山第一分局,
一般住宅,WRA00945,樟林里,臺北市文山區興隆路四段58巷11號,"24.98531,121.560509",1,163.0,文山第一分局,
一般住宅,WRA00946,樟林里,臺北市文山區興隆路四段58巷26號,"24.985188,121.559925",1,52.0,文山第一分局,
一般住宅,WRA00947,樟林里,臺北市文山區興隆路四段58巷30號,"24.985341,121.559997",1,98.0,文山第一分局,
一般住宅,WRA00949,樟林里,臺北市文山區興隆路四段58巷36號,"24.985313,121.559683",1,43.0,文山第一分局,
一般住宅,WRA00951,樟林里,臺北市文山區興隆路四段58巷38號,"24.985301,121.559526",1,85.0,文山第一分局,
一般住宅,WRA00952,樟林里,臺北市文山區興隆路四段58巷8號,"24.985531,121.560869",1,160.0,文山第一分局,
一般住宅,WRA00953,樟林里,臺北市文山區興隆路四段58巷9號,"24.985391,121.560879",1,183.0,文山第一分局,
一般住宅,WRA00954,樟林里,臺北市文山區興隆路四段58巷34弄2號,"24.98535,121.559773",1,150.0,文山第一分局,
一般住宅,WRA00955,樟林里,臺北市文山區興隆路四段62巷1號,"24.985087,121.561117",1,46.0,文山第一分局,
一般住宅,WRA00957,樟林里,臺北市文山區興隆路四段66巷1號,"24.984774,121.561234",1,84.0,文山第一分局,
一般住宅,WRA00958,樟林里,臺北市文山區興隆路四段66巷10號,"24.98486,121.561004",1,371.0,文山第一分局,
一般住宅,WRA00959,樟林里,臺北市文山區興隆路四段66巷15號,"24.98466,121.560646",1,175.0,文山第一分局,
一般住宅,WRA01196,樟林里,臺北市文山區興隆路四段54-2號,"24.986103,121.560929",2,616.0,文山第一分局,
一般住宅,WRA01350,樟林里,臺北市文山區興隆路四段58巷16弄6號,"24.985745,121.560578",3,718.0,文山第一分局,
一般住宅,WRA00986,樟林里,臺北市文山區辛亥路七段23號,"24.986315,121.553417",1,153.0,文山第一分局,
一般住宅,WRA01388,樟林里,臺北市文山區忠順街一段41巷16號,"24.984775,121.558781",1,101.0,文山第一分局,
公有建築物,WRA00978,樟林里,臺北市文山區辛亥路七段67號,"24.983436,121.554738",1,240.0,文山第一分局,
公有建築物,WRA00979,樟林里,臺北市文山區辛亥路七段67號,"24.983436,121.554738",1,91.0,文山第一分局,
公有建築物,WRA00980,樟林里,臺北市文山區辛亥路七段67號,"24.983436,121.554738",1,192.0,文山第一分局,
公有建築物,WRA00981,樟林里,臺北市文山區辛亥路七段67號,"24.983436,121.554738",1,403.0,文山第一分局,
公有建築物,WRA00982,樟林里,臺北市文山區辛亥路七段67號,"24.983436,121.554738",1,156.0,文山第一分局,
公有建築物,WRA00983,樟林里,臺北市文山區辛亥路七段67號,"24.983436,121.554738",1,1966.0,文山第一分局,
公有建築物,WRA01348,樟林里,臺北市文山區辛亥路七段38號,"24.985765,121.553954",1,1437.0,文山第一分局,
一般住宅,WRA00304,樟新里,臺北市文山區木新路三段243巷1弄3號,"24.980868,121.559055",1,276.0,文山第一分局,
一般住宅,WRA00305,樟新里,臺北市文山區木新路三段243巷2弄9號,"24.980557,121.55826",1,144.0,文山第一分局,
一般住宅,WRA00309,樟新里,臺北市文山區木新路三段303巷2弄10號,"24.980315,121.55682",1,141.0,文山第一分局,
一般住宅,WRA00310,樟新里,臺北市文山區木新路三段303巷2弄11號,"24.980184,121.556837",1,54.0,文山第一分局,
一般住宅,WRA00311,樟新里,臺北市文山區木新路三段303巷2弄5號,"24.980235,121.557052",1,44.0,文山第一分局,
一般住宅,WRA00523,樟新里,臺北市文山區木新路三段253號,"24.981052,121.558466",1,37.0,文山第一分局,
一般住宅,WRA00540,樟新里,臺北市文山區木新路三段243巷2弄1號,"24.980702,121.558745",1,98.0,文山第一分局,
一般住宅,WRA00541,樟新里,臺北市文山區木新路三段243巷2弄5號,"24.980623,121.558532",1,104.0,文山第一分局,
一般住宅,WRA00542,樟新里,臺北市文山區木新路三段243巷2弄8號,"24.980754,121.558514",1,82.0,文山第一分局,
一般住宅,WRA01182,樟新里,臺北市文山區一壽街3巷15號,"24.980059,121.557333",2,388.0,文山第一分局,
一般住宅,WRA01366,樟新里,臺北市文山區木新路三段243巷3弄1號,"24.980613,121.558978",1,56.0,文山第一分局,
一般住宅,WRA00002,樟新里,臺北市文山區一壽街41號,"24.978681,121.556437",1,1605.0,文山第一分局,
一般住宅,WRA00003,樟新里,臺北市文山區一壽街68號,"24.978166,121.556295",2,273.0,文山第一分局,
一般住宅,WRA00004,樟新里,臺北市文山區一壽街20巷5號,"24.979707,121.555897",2,543.0,文山第一分局,
一般住宅,WRA00005,樟新里,臺北市文山區一壽街66巷11號,"24.978425,121.555921",1,213.0,文山第一分局,
一般住宅,WRA00828,樟新里,臺北市文山區樟新街17號,"24.978902,121.55544",1,222.0,文山第一分局,
一般住宅,WRA00833,樟新里,臺北市文山區樟新街15巷5號,"24.979364,121.555618",1,1051.0,文山第一分局,
一般住宅,WRA00841,樟新里,臺北市文山區樟新街5巷4號,"24.979619,121.555364",2,631.0,文山第一分局,
一般住宅,WRA01185,樟新里,臺北市文山區樟新街11-2號,"24.979315,121.555312",1,211.0,文山第一分局,
一般住宅,WRA00317,樟新里,臺北市文山區樟新街56巷4號,"24.977761,121.555539",1,354.0,文山第一分局,
一般住宅,WRA00318,樟新里,臺北市文山區樟新街56巷6號,"24.977726,121.555452",1,215.0,文山第一分局,
一般住宅,WRA00319,樟新里,臺北市文山區樟新街8巷5弄11號,"24.978887,121.554901",1,52.0,文山第一分局,
一般住宅,WRA00522,樟新里,臺北市文山區樟新街48巷20-22號,"24.978131,121.55465",1,228.0,文山第一分局,
一般住宅,WRA00829,樟新里,臺北市文山區樟新街22號,"24.979095,121.555156",1,591.0,文山第一分局,
一般住宅,WRA00830,樟新里,臺北市文山區樟新街26號,"24.978963,121.555224",1,634.0,文山第一分局,
一般住宅,WRA00831,樟新里,臺北市文山區樟新街60號,"24.977522,121.555747",2,206.0,文山第一分局,
一般住宅,WRA00832,樟新里,臺北市文山區樟新街70號,"24.97715,121.555439",2,909.0,文山第一分局,
一般住宅,WRA00834,樟新里,臺北市文山區樟新街32巷1號,"24.978524,121.554907",3,700.0,文山第一分局,
一般住宅,WRA00835,樟新里,臺北市文山區樟新街32巷6號,"24.978717,121.555038",1,94.0,文山第一分局,
一般住宅,WRA00836,樟新里,臺北市文山區樟新街32巷8號,"24.978666,121.554727",1,351.0,文山第一分局,
一般住宅,WRA00837,樟新里,臺北市文山區樟新街32巷9號,"24.978432,121.55449",1,166.0,文山第一分局,
一般住宅,WRA00838,樟新里,臺北市文山區樟新街48巷11號,"24.978003,121.555014",1,104.0,文山第一分局,
一般住宅,WRA00839,樟新里,臺北市文山區樟新街48巷18號,"24.978157,121.554749",1,151.0,文山第一分局,
一般住宅,WRA00840,樟新里,臺北市文山區樟新街48巷21號,"24.977923,121.554711",1,236.0,文山第一分局,
一般住宅,WRA00842,樟新里,臺北市文山區樟新街56巷3-1號,"24.977571,121.555713",1,203.0,文山第一分局,
一般住宅,WRA00843,樟新里,臺北市文山區樟新街8巷10號,"24.9797,121.55444",1,456.0,文山第一分局,
一般住宅,WRA00844,樟新里,臺北市文山區樟新街8巷11號,"24.979212,121.554238",1,111.0,文山第一分局,
一般住宅,WRA00845,樟新里,臺北市文山區樟新街8巷7號,"24.979407,121.554167",1,203.0,文山第一分局,
一般住宅,WRA00846,樟新里,臺北市文山區樟新街8巷5弄14號,"24.97887,121.554678",1,218.0,文山第一分局,
一般住宅,WRA00847,樟新里,臺北市文山區樟新街8巷5弄4號,"24.979422,121.554497",1,164.0,文山第一分局,
一般住宅,WRA00848,樟新里,臺北市文山區樟新街8巷6號,"24.979662,121.55461",1,116.0,文山第一分局,
一般住宅,WRA01056,樟新里,臺北市文山區樟新街8巷9號,"24.97923,121.554233",1,151.0,文山第一分局,
一般住宅,WRA01079,樟新里,臺北市文山區樟新街48巷15號,"24.977944,121.554914",1,477.0,文山第一分局,
一般住宅,WRA01262,樟新里,臺北市文山區樟新街32巷18號,"24.978954,121.554571",1,998.0,文山第一分局,
一般住宅,WRA01353,樟新里,臺北市文山區樟新街16號,"24.979455,121.555063",1,502.0,文山第一分局,
公有建築物,WRA00001,樟新里,臺北市文山區一壽街22號,"24.979711,121.556273",2,1933.0,文山第一分局,
公有建築物,WRA01187,樟新里,臺北市文山區樟新街弄2號,"24.980006,121.554861",1,582.0,文山第一分局,
一般住宅,WRA01047,樟腳里,臺北市文山區恆光街51巷2弄1至7號,"24.982133,121.567539",1,704.0,文山第一分局,
一般住宅,WRA01246,樟腳里,臺北市文山區恆光街61巷27號,"24.982256,121.568575",1,193.0,文山第一分局,
一般住宅,WRA01290,樟腳里,臺北市文山區木新路二段211巷10弄1、3號,"24.982489,121.567837",2,457.0,文山第一分局,
一般住宅,WRA00565,樟腳里,臺北市文山區恆光街30巷8號,"24.981992,121.566681",1,207.0,文山第一分局,
一般住宅,WRA01014,樟腳里,臺北市文山區恆光街28號,"24.98214,121.566987",1,220.0,文山第一分局,
一般住宅,WRA01063,樟腳里,臺北市文山區恆光街30巷12.16號,"24.981819,121.56618",1,250.0,文山第一分局,
一般住宅,WRA01078,樟腳里,臺北市文山區木新路二段299巷15號,"24.98196,121.565676",1,164.0,文山第一分局,
一般住宅,WRA00279,樟腳里,臺北市文山區木新路三段35號,"24.982441,121.56448",2,1694.0,文山第一分局,
一般住宅,WRA00344,樟腳里,臺北市文山區木新路三段95巷4弄6號,"24.981482,121.5627",2,411.0,文山第一分局,
一般住宅,WRA01219,樟腳里,臺北市文山區木新路三段95巷27號,"24.981172,121.563214",2,383.0,文山第一分局,
一般住宅,WRA01222,樟腳里,臺北市文山區木新路三段95巷33號,"24.98111,121.56334",1,157.0,文山第一分局,
一般住宅,WRA01233,樟腳里,臺北市文山區木新路三段45巷10弄2號,"24.981625,121.564345",1,241.0,文山第一分局,
一般住宅,WRA01241,樟腳里,臺北市文山區木新路三段45巷10弄16號,"24.981347,121.563758",1,350.0,文山第一分局,
一般住宅,WRA01249,樟腳里,臺北市文山區木新路三段45巷10弄8號,"24.981548,121.564124",1,135.0,文山第一分局,
一般住宅,WRA01341,樟腳里,臺北市文山區木新路三段93號,"24.982105,121.563024",4,1027.0,文山第一分局,
一般住宅,WRA01356,樟腳里,臺北市文山區木新路三段95巷7弄6號,"24.981459,121.563387",4,711.0,文山第一分局,
一般住宅,WRA01295,樟腳里,臺北市文山區木新路三段45巷10弄12號,"24.981421,121.563892",1,139.0,文山第一分局,
一般住宅,WRA01296,樟腳里,臺北市文山區木新路三段95巷5號,"24.981645,121.563188",1,556.0,文山第一分局,
一般住宅,WRA00286,樟腳里,臺北市文山區木新路三段127巷12弄3號,"24.981116,121.561964",2,486.0,文山第一分局,
一般住宅,WRA01022,樟腳里,臺北市文山區木新路三段95巷52弄1號,"24.980844,121.56202",1,421.0,文山第一分局,
一般住宅,WRA01038,樟腳里,臺北市文山區木新路三段155巷1號,"24.98129,121.56134",2,304.0,文山第一分局,
一般住宅,WRA01184,樟腳里,臺北市文山區木新路三段155巷8弄2號,"24.98111,121.561148",1,194.0,文山第一分局,
一般住宅,WRA01259,樟腳里,臺北市文山區木新路三段95巷40號,"24.980885,121.562669",3,1985.0,文山第一分局,
公有建築物,WRA00288,樟腳里,臺北市文山區木新路三段155巷7號,"24.980922,121.561",1,3084.0,文山第一分局,
公有建築物,WRA01033,樟腳里,臺北市文山區木新路三段155巷7號,"24.980922,121.561",1,3085.0,文山第一分局,
一般住宅,WRA00269,樟樹里,臺北市文山區木新路三段122號,"24.982116,121.562042",1,92.0,文山第一分局,
一般住宅,WRA00432,樟樹里,臺北市文山區忠順街一段86號,"24.984373,121.561431",1,1887.0,文山第一分局,
一般住宅,WRA00434,樟樹里,臺北市文山區忠順街一段72號,"24.984283,121.560838",1,136.0,文山第一分局,
一般住宅,WRA00446,樟樹里,臺北市文山區忠順街一段48巷1號,"24.983917,121.560154",1,442.0,文山第一分局,
一般住宅,WRA00448,樟樹里,臺北市文山區忠順街一段48巷5弄11號,"24.983857,121.560574",1,53.0,文山第一分局,
一般住宅,WRA00851,樟樹里,臺北市文山區興隆路四段110號,"24.983096,121.56206",1,236.0,文山第一分局,
一般住宅,WRA00877,樟樹里,臺北市文山區興隆路四段72-76號,"24.984133,121.561683",1,582.0,文山第一分局,
一般住宅,WRA00878,樟樹里,臺北市文山區興隆路四段78號,"24.983926,121.561762",1,72.0,文山第一分局,
一般住宅,WRA00879,樟樹里,臺北市文山區興隆路四段80號,"24.983865,121.561784",1,526.0,文山第一分局,
一般住宅,WRA00881,樟樹里,臺北市文山區興隆路四段98號,"24.983319,121.56198",1,401.0,文山第一分局,
一般住宅,WRA00901,樟樹里,臺北市文山區興隆路四段96巷3弄9號,"24.98279,121.561802",1,525.0,文山第一分局,
一般住宅,WRA00960,樟樹里,臺北市文山區興隆路四段74巷1號,"24.983953,121.561448",1,371.0,文山第一分局,
一般住宅,WRA00963,樟樹里,臺北市文山區興隆路四段74巷14號,"24.983968,121.560955",1,158.0,文山第一分局,
一般住宅,WRA00964,樟樹里,臺北市文山區興隆路四段96巷1弄2號,"24.983232,121.561725",1,221.0,文山第一分局,
一般住宅,WRA00967,樟樹里,臺北市文山區興隆路四段96巷4弄2號,"24.983376,121.561479",1,242.0,文山第一分局,
一般住宅,WRA01221,樟樹里,臺北市文山區興隆路四段122巷5號,"24.982465,121.561905",1,651.0,文山第一分局,
一般住宅,WRA00271,樟樹里,臺北市文山區木新路三段144號,"24.981998,121.561542",1,361.0,文山第一分局,
一般住宅,WRA00272,樟樹里,臺北市文山區木新路三段166號,"24.98189,121.560905",1,449.0,文山第一分局,
一般住宅,WRA00287,樟樹里,臺北市文山區木新路三段132號,"24.982061,121.561702",1,272.0,文山第一分局,
一般住宅,WRA00290,樟樹里,臺北市文山區木新路三段172巷2號,"24.982139,121.560667",1,22.0,文山第一分局,
一般住宅,WRA00293,樟樹里,臺北市文山區木新路三段172巷10弄2號,"24.982928,121.560456",1,288.0,文山第一分局,
一般住宅,WRA00294,樟樹里,臺北市文山區木新路三段172巷2弄1號,"24.982334,121.560624",1,156.0,文山第一分局,
一般住宅,WRA00295,樟樹里,臺北市文山區木新路三段172巷4弄2號,"24.982551,121.560567",1,85.0,文山第一分局,
一般住宅,WRA00296,樟樹里,臺北市文山區興隆路四段74巷21弄11號,"24.982977,121.561004",1,31.0,文山第一分局,
一般住宅,WRA00297,樟樹里,臺北市文山區興隆路四段74巷21弄18號,"24.98278,121.5609",1,90.0,文山第一分局,
一般住宅,WRA00298,樟樹里,臺北市文山區木新路三段172巷4弄8號,"24.98261,121.560796",1,88.0,文山第一分局,
一般住宅,WRA00447,樟樹里,臺北市文山區忠順街一段48巷15號,"24.983381,121.56034",1,85.0,文山第一分局,
一般住宅,WRA00898,樟樹里,臺北市文山區興隆路四段122巷9號,"24.982399,121.561666",1,230.0,文山第一分局,
一般住宅,WRA00899,樟樹里,臺北市文山區興隆路四段122巷8弄10號,"24.982924,121.561456",1,52.0,文山第一分局,
一般住宅,WRA00902,樟樹里,臺北市文山區興隆路四段122巷8弄2號,"24.982565,121.561586",1,293.0,文山第一分局,
一般住宅,WRA00961,樟樹里,臺北市文山區興隆路四段74巷11號,"24.983833,121.561352",1,101.0,文山第一分局,
一般住宅,WRA00962,樟樹里,臺北市文山區興隆路四段74巷13號,"24.983801,121.560984",1,210.0,文山第一分局,
一般住宅,WRA00965,樟樹里,臺北市文山區興隆路四段96巷3弄2號,"24.983069,121.561407",1,116.0,文山第一分局,
一般住宅,WRA00966,樟樹里,臺北市文山區興隆路四段96巷4弄1號,"24.983369,121.561284",1,136.0,文山第一分局,
一般住宅,WRA01034,樟樹里,臺北市文山區忠順街一段48巷5弄2號,"24.983613,121.560301",2,1477.0,文山第一分局,
一般住宅,WRA01076,樟樹里,臺北市文山區興隆路四段122巷12號,"24.982455,121.561235",1,131.0,文山第一分局,
一般住宅,WRA01255,樟樹里,臺北市文山區興隆路四段74巷21弄5號,"24.983426,121.560882",1,439.0,文山第一分局,
一般住宅,WRA00289,樟樹里,臺北市文山區木新路三段172巷1號,"24.982437,121.560419",1,351.0,文山第一分局,
一般住宅,WRA00291,樟樹里,臺北市文山區木新路三段172巷7號,"24.982824,121.560362",1,130.0,文山第一分局,
一般住宅,WRA00292,樟樹里,臺北市文山區木新路三段172巷1弄2號,"24.982399,121.560373",1,148.0,文山第一分局,
一般住宅,WRA00437,樟樹里,臺北市文山區忠順街一段34號,"24.984079,121.559591",1,700.0,文山第一分局,
一般住宅,WRA00456,樟樹里,臺北市文山區忠順街一段26巷7號,"24.983191,121.559517",1,212.0,文山第一分局,
一般住宅,WRA00457,樟樹里,臺北市文山區忠順街一段26巷11弄18號,"24.983083,121.560131",1,113.0,文山第一分局,
一般住宅,WRA00458,樟樹里,臺北市文山區忠順街一段26巷11弄2號,"24.982927,121.55961",1,428.0,文山第一分局,
一般住宅,WRA00459,樟樹里,臺北市文山區忠順街一段26巷11弄9號,"24.983201,121.560083",1,145.0,文山第一分局,
一般住宅,WRA00460,樟樹里,臺北市文山區忠順街一段26巷13弄1號,"24.982654,121.559704",1,236.0,文山第一分局,
一般住宅,WRA00461,樟樹里,臺北市文山區忠順街一段26巷13弄2號,"24.982513,121.559977",1,145.0,文山第一分局,
一般住宅,WRA00465,樟樹里,臺北市文山區忠順街一段26巷3弄2號,"24.983436,121.559469",1,285.0,文山第一分局,
一般住宅,WRA00472,樟樹里,臺北市文山區忠順街一段42號,"24.984161,121.559961",1,414.0,文山第一分局,
一般住宅,WRA00513,樟樹里,臺北市文山區木新路三段200號,"24.981665,121.560097",1,96.0,文山第一分局,
一般住宅,WRA00527,樟樹里,臺北市文山區忠順街一段26巷25號,"24.982158,121.559876",1,52.0,文山第一分局,
一般住宅,WRA00528,樟樹里,臺北市文山區忠順街一段26巷21號,"24.982275,121.559813",1,95.0,文山第一分局,
一般住宅,WRA00529,樟樹里,臺北市文山區忠順街一段26巷33號,"24.981829,121.559949",1,107.0,文山第一分局,
一般住宅,WRA00532,樟樹里,臺北市文山區忠順街一段26巷27弄1號,"24.982216,121.560078",1,73.0,文山第一分局,
一般住宅,WRA00533,樟樹里,臺北市文山區忠順街一段26巷27弄2號,"24.982052,121.560173",1,144.0,文山第一分局,
一般住宅,WRA01333,樟樹里,臺北市文山區忠順街一段36號,"24.98411,121.559721",1,252.0,文山第一分局,
