行政區,電腦編號,村里別,地址,緯經度,地下樓層數,可容納人數,轄管分局,備註,placemark_address
士林區,WVA01443,名山里,臺北市士林區至誠路二段305巷2弄35號,"25.101089,121.527524",1,"313 ",士林分局,,臺北市士林區至誠路二段305巷2弄35號
士林區,WVA01452,名山里,臺北市士林區至誠路二段21巷1號,"25.101879,121.530023",1,"1597 ",士林分局,,臺北市士林區至誠路二段21巷1號
士林區,WVA02119,名山里,臺北市士林區至誠路二段23號,"25.101996,121.529754",1,"1576 ",士林分局,,臺北市士林區至誠路二段23號
士林區,WVA02120,名山里,臺北市士林區雨聲街8巷13號,"25.101711,121.53012",1,"273 ",士林分局,,臺北市士林區雨聲街8巷13號
士林區,WVA02121,名山里,臺北市士林區雨聲街8巷2號,"25.101295,121.529585",1,"205 ",士林分局,,臺北市士林區雨聲街8巷2號
士林區,WVA02775,名山里,臺北市士林區雙溪街16號,"25.101019,121.530846",1,"826 ",士林分局,,臺北市士林區雙溪街16號
士林區,WVA02873,名山里,臺北市士林區至誠路一段303-2號,"25.101562,121.531176",2,"373 ",士林分局,,臺北市士林區至誠路一段303-2號
士林區,WVA02906,名山里,臺北市士林區至誠路二段21巷8號,"25.101365,121.530079",1,"198 ",士林分局,,臺北市士林區至誠路二段21巷8號
士林區,WVA00585,名山里,臺北市士林區中山北路六段2巷50號,"25.103542,121.528289",1,"1077 ",士林分局,,臺北市士林區中山北路六段2巷50號
士林區,WVA02118,名山里,臺北市士林區雨聲街65巷6號,"25.103234,121.528244",1,"245 ",士林分局,,臺北市士林區雨聲街65巷6號
士林區,WVA01620,名山里,臺北市士林區忠誠路一段101號,"25.104863,121.528513",1,"546 ",士林分局,,臺北市士林區忠誠路一段101號
士林區,WVA01622,名山里,臺北市士林區忠誠路一段109號,"25.105048,121.528711",2,"1514 ",士林分局,,臺北市士林區忠誠路一段109號
士林區,WVA01623,名山里,臺北市士林區忠誠路一段119號,"25.105269,121.528985",1,"342 ",士林分局,,臺北市士林區忠誠路一段119號
士林區,WVA01633,名山里,臺北市士林區忠誠路一段93號,"25.104711,121.528268",1,"1592 ",士林分局,,臺北市士林區忠誠路一段93號
士林區,WVA01634,名山里,臺北市士林區忠誠路一段97號,"25.104744,121.528384",2,"565 ",士林分局,,臺北市士林區忠誠路一段97號
士林區,WVA01447,名山里,臺北市士林區至誠路二段121號,"25.10103,121.527116",1,"278 ",士林分局,,臺北市士林區至誠路二段121號
士林區,WVA01451,名山里,臺北市士林區至誠路二段93號,"25.101236,121.527857",1,"440 ",士林分局,,臺北市士林區至誠路二段93號
士林區,WVA02101,名山里,臺北市士林區雨聲街15巷1號,"25.101102,121.529203",1,"245 ",士林分局,,臺北市士林區雨聲街15巷1號
士林區,WVA02102,名山里,臺北市士林區至誠路二段35號,"25.101626,121.529014",1,"2520 ",士林分局,,臺北市士林區至誠路二段35號
士林區,WVA02103,名山里,臺北市士林區雨聲街15巷9號,"25.100921,121.52873",1,"62 ",士林分局,,臺北市士林區雨聲街15巷9號
士林區,WVA02122,名山里,臺北市士林區雨聲街9巷3號,"25.100801,121.529197",2,"502 ",士林分局,,臺北市士林區雨聲街9巷3號
士林區,WVA02776,名山里,臺北市士林區雙溪街66號,"25.100802,121.528979",1,"137 ",士林分局,,臺北市士林區雙溪街66號
士林區,WVA00357,名山里,臺北市士林區中山北路六段20號,"25.104019,121.526745",1,"594 ",士林分局,,臺北市士林區中山北路六段20號
士林區,WVA02117,名山里,臺北市士林區雨聲街65巷42號,"25.102813,121.52737",1,"109 ",士林分局,,臺北市士林區雨聲街65巷42號
士林區,WVA03137,名山里,臺北市士林區雨聲街65巷60號,"25.102613,121.52706",1,"204 ",士林分局,,臺北市士林區雨聲街65巷60號
士林區,WVA02845,名山里,臺北市士林區中山北路六段10號,"25.103258,121.526613",2,"1237 ",士林分局,,臺北市士林區中山北路六段10號
士林區,WVA00581,名山里,臺北市士林區中山北路六段2巷25號,"25.103348,121.527092",1,"1616 ",士林分局,,臺北市士林區中山北路六段2巷25號
士林區,WVA00582,名山里,臺北市士林區中山北路六段2巷33號,"25.103482,121.527557",1,"529 ",士林分局,,臺北市士林區中山北路六段2巷33號
士林區,WVA00583,名山里,臺北市士林區中山北路六段2巷43號,"25.103615,121.527975",1,"549 ",士林分局,,臺北市士林區中山北路六段2巷43號
士林區,WVA00584,名山里,臺北市士林區中山北路六段2巷46號,"25.103434,121.528041",2,"684 ",士林分局,,臺北市士林區中山北路六段2巷46號
士林區,WVA00586,名山里,臺北市士林區中山北路六段2巷51號,"25.103724,121.528272",1,"218 ",士林分局,,臺北市士林區中山北路六段2巷51號
士林區,WVA00587,名山里,臺北市士林區中山北路六段2巷41弄1號,"25.103752,121.527745",1,"468 ",士林分局,,臺北市士林區中山北路六段2巷41弄1號
士林區,WVA02106,名山里,臺北市士林區雨聲街53巷2號,"25.102661,121.528526",1,"1080 ",士林分局,,臺北市士林區雨聲街53巷2號
士林區,WVA02108,名山里,臺北市士林區雨聲街59巷10號,"25.102889,121.528277",1,"588 ",士林分局,,臺北市士林區雨聲街59巷10號
士林區,WVA02110,名山里,臺北市士林區雨聲街59巷2號,"25.102929,121.528381",1,"569 ",士林分局,,臺北市士林區雨聲街59巷2號
士林區,WVA02123,名山里,臺北市士林區雨聲街57號,"25.102889,121.528485",1,"65 ",士林分局,,臺北市士林區雨聲街57號
士林區,WVA02927,名山里,臺北市士林區中山北路六段2巷38號,"25.103134,121.527744",1,"274 ",士林分局,,臺北市士林區中山北路六段2巷38號
士林區,WVA02973,名山里,臺北市士林區中山北路六段6號,"25.102805,121.526595",1,"294 ",士林分局,,臺北市士林區中山北路六段6號
士林區,WVA03038,名山里,臺北市士林區中山北路六段2巷28號,"25.103127,121.527116",1,"352 ",士林分局,,臺北市士林區中山北路六段2巷28號
士林區,WVA03082,名山里,臺北市士林區中山北路六段8-1號,"25.10302,121.526567",1,"384 ",士林分局,,臺北市士林區中山北路六段8-1號
士林區,WVA00490,名山里,臺北市士林區中山北路五段838號,"25.101507,121.52654",1,"544 ",士林分局,,臺北市士林區中山北路五段838號
士林區,WVA00492,名山里,臺北市士林區中山北路五段846號,"25.101811,121.526466",1,"353 ",士林分局,,臺北市士林區中山北路五段846號
士林區,WVA00493,名山里,臺北市士林區中山北路五段852號,"25.102065,121.52649",1,"586 ",士林分局,,臺北市士林區中山北路五段852號
士林區,WVA00514,名山里,臺北市士林區中山北路五段850巷1號,"25.102072,121.526655",1,"294 ",士林分局,,臺北市士林區中山北路五段850巷1號
士林區,WVA00515,名山里,臺北市士林區中山北路五段850巷2號,"25.101893,121.526692",1,"181 ",士林分局,,臺北市士林區中山北路五段850巷2號
士林區,WVA00516,名山里,臺北市士林區中山北路五段850巷20號,"25.101973,121.526912",1,"413 ",士林分局,,臺北市士林區中山北路五段850巷20號
士林區,WVA00520,名山里,臺北市士林區中山北路五段850巷6號,"25.101939,121.52685",1,"188 ",士林分局,,臺北市士林區中山北路五段850巷6號
士林區,WVA02109,名山里,臺北市士林區雨聲街59巷19號,"25.102706,121.527935",1,"182 ",士林分局,,臺北市士林區雨聲街59巷19號
士林區,WVA02111,名山里,臺北市士林區雨聲街59巷22號,"25.10281,121.527851",1,"256 ",士林分局,,臺北市士林區雨聲街59巷22號
士林區,WVA02112,名山里,臺北市士林區雨聲街59巷25號,"25.102467,121.527663",1,"200 ",士林分局,,臺北市士林區雨聲街59巷25號
士林區,WVA02113,名山里,臺北市士林區雨聲街59巷30號,"25.102481,121.527473",1,"126 ",士林分局,,臺北市士林區雨聲街59巷30號
士林區,WVA03083,名山里,臺北市士林區中山北路五段860巷6號,"25.10224,121.526775",1,"770 ",士林分局,,臺北市士林區中山北路五段860巷6號
士林區,WVA02862,名山里,臺北市士林區中山北路六段2巷40號,"25.103207,121.52788",1,"692 ",士林分局,,臺北市士林區中山北路六段2巷40號
士林區,WVA02920,名山里,臺北市士林區中山北路六段8號,"25.102903,121.526582",1,"265 ",士林分局,,臺北市士林區中山北路六段8號
士林區,WVA01627,名山里,臺北市士林區忠誠路一段27號,"25.104153,121.527081",1,"5293 ",士林分局,,臺北市士林區忠誠路一段27號
士林區,WVA01629,名山里,臺北市士林區忠誠路一段35號,"25.104306,121.527469",1,"633 ",士林分局,,臺北市士林區忠誠路一段35號
士林區,WVA02095,名山里,臺北市士林區雨聲街48號,"25.10267,121.528921",1,"241 ",士林分局,,臺北市士林區雨聲街48號
士林區,WVA02097,名山里,臺北市士林區雨聲街66號,"25.103396,121.528724",1,"76 ",士林分局,,臺北市士林區雨聲街66號
士林區,WVA02098,名山里,臺北市士林區雨聲街71號,"25.103809,121.528505",1,"945 ",士林分局,,臺北市士林區雨聲街71號
士林區,WVA02099,名山里,臺北市士林區雨聲街87號,"25.104296,121.52907",1,"484 ",士林分局,,臺北市士林區雨聲街87號
士林區,WVA02100,名山里,臺北市士林區雨聲街89號,"25.104417,121.529079",2,"1542 ",士林分局,,臺北市士林區雨聲街89號
士林區,WVA02104,名山里,臺北市士林區雨聲街50巷1號,"25.102841,121.528978",1,"618 ",士林分局,,臺北市士林區雨聲街50巷1號
士林區,WVA02105,名山里,臺北市士林區雨聲街50巷8號,"25.102812,121.529151",1,"76 ",士林分局,,臺北市士林區雨聲街50巷8號
士林區,WVA02107,名山里,臺北市士林區雨聲街58巷1號,"25.103172,121.52893",1,"993 ",士林分局,,臺北市士林區雨聲街58巷1號
士林區,WVA01456,名山里,臺北市士林區忠義街1號,"25.105291,121.529931",1,"476 ",士林分局,,臺北市士林區忠義街1號
士林區,WVA01457,名山里,臺北市士林區忠義街1號,"25.105291,121.529931",1,"824 ",士林分局,,臺北市士林區忠義街1號
士林區,WVA01458,名山里,臺北市士林區忠義街1號,"25.105291,121.529931",1,"494 ",士林分局,,臺北市士林區忠義街1號
士林區,WVA02220,百齡里,臺北市士林區華齡街22巷15弄5號,"25.083465,121.520346",1,"290 ",士林分局,,臺北市士林區華齡街22巷15弄5號
士林區,WVA02231,百齡里,臺北市士林區華齡街40巷3弄2號,"25.083613,121.520062",1,"118 ",士林分局,,臺北市士林區華齡街40巷3弄2號
士林區,WVA02532,百齡里,臺北市士林區華齡街40巷10號,"25.083926,121.520293",1,"32 ",士林分局,,臺北市士林區華齡街40巷10號
士林區,WVA02534,百齡里,臺北市士林區華齡街40巷12弄1號,"25.084045,121.520336",1,"164 ",士林分局,,臺北市士林區華齡街40巷12弄1號
士林區,WVA02202,百齡里,臺北市士林區前港街96號,"25.085045,121.519014",1,"208 ",士林分局,,臺北市士林區前港街96號
士林區,WVA02204,百齡里,臺北市士林區福港街259巷29弄1號,"25.084446,121.518894",1,"253 ",士林分局,,臺北市士林區福港街259巷29弄1號
士林區,WVA02206,百齡里,臺北市士林區福港街259巷26號,"25.083998,121.518966",1,"160 ",士林分局,,臺北市士林區福港街259巷26號
士林區,WVA02210,百齡里,臺北市士林區華齡街37號,"25.08378,121.51933",1,"536 ",士林分局,,臺北市士林區華齡街37號
士林區,WVA02211,百齡里,臺北市士林區華齡街47號,"25.084126,121.519257",1,"365 ",士林分局,,臺北市士林區華齡街47號
士林區,WVA02212,百齡里,臺北市士林區華齡街70號,"25.084403,121.519459",1,"269 ",士林分局,,臺北市士林區華齡街70號
士林區,WVA02213,百齡里,臺北市士林區華齡街68號,"25.084427,121.519647",1,"361 ",士林分局,,臺北市士林區華齡街68號
士林區,WVA02214,百齡里,臺北市士林區華齡街64號,"25.084364,121.519778",1,"756 ",士林分局,,臺北市士林區華齡街64號
士林區,WVA02215,百齡里,臺北市士林區華齡街61號,"25.08453,121.519139",1,"257 ",士林分局,,臺北市士林區華齡街61號
士林區,WVA02216,百齡里,臺北市士林區華齡街86號,"25.084743,121.519446",1,"186 ",士林分局,,臺北市士林區華齡街86號
士林區,WVA02223,百齡里,臺北市士林區華齡街35巷1號,"25.083642,121.519136",1,"161 ",士林分局,,臺北市士林區華齡街35巷1號
士林區,WVA02224,百齡里,臺北市士林區華齡街35巷5號,"25.083648,121.518918",1,"157 ",士林分局,,臺北市士林區華齡街35巷5號
士林區,WVA02225,百齡里,臺北市士林區華齡街35巷6號,"25.083759,121.51896",1,"161 ",士林分局,,臺北市士林區華齡街35巷6號
士林區,WVA02234,百齡里,臺北市士林區福港街259巷21號,"25.084098,121.518753",1,"358 ",士林分局,,臺北市士林區福港街259巷21號
士林區,WVA02235,百齡里,臺北市士林區福港街259巷13弄4號,"25.08422,121.51852",1,"322 ",士林分局,,臺北市士林區福港街259巷13弄4號
士林區,WVA02236,百齡里,臺北市士林區福港街259巷13弄8號,"25.084333,121.518502",1,"290 ",士林分局,,臺北市士林區福港街259巷13弄8號
士林區,WVA02238,百齡里,臺北市士林區華齡街74號,"25.084527,121.519454",1,"478 ",士林分局,,臺北市士林區華齡街74號
士林區,WVA02525,百齡里,臺北市士林區華齡街73號,"25.084904,121.519264",1,"390 ",士林分局,,臺北市士林區華齡街73號
士林區,WVA02535,百齡里,臺北市士林區前港街82巷9號,"25.084381,121.51996",1,"160 ",士林分局,,臺北市士林區前港街82巷9號
士林區,WVA02639,百齡里,臺北市士林區前港街102號,"25.085083,121.518776",1,"44 ",士林分局,,臺北市士林區前港街102號
士林區,WVA02208,百齡里,臺北市士林區福港街259巷9弄1號,"25.084076,121.518163",1,"262 ",士林分局,,臺北市士林區福港街259巷9弄1號
士林區,WVA02606,百齡里,臺北市士林區福港街233號,"25.084603,121.517636",1,"244 ",士林分局,,臺北市士林區福港街233號
士林區,WVA02607,百齡里,臺北市士林區福港街237號,"25.08445,121.517612",1,"393 ",士林分局,,臺北市士林區福港街237號
士林區,WVA02638,百齡里,臺北市士林區前港街108號,"25.085113,121.518536",1,"456 ",士林分局,,臺北市士林區前港街108號
士林區,WVA02640,百齡里,臺北市士林區前港街110號,"25.085113,121.518536",1,"197 ",士林分局,,臺北市士林區前港街110號
士林區,WVA02641,百齡里,臺北市士林區前港街110巷9號,"25.084699,121.518534",1,"624 ",士林分局,,臺北市士林區前港街110巷9號
士林區,WVA02642,百齡里,臺北市士林區前港街120巷2號,"25.084979,121.517936",1,"1498 ",士林分局,,臺北市士林區前港街120巷2號
士林區,WVA02646,百齡里,臺北市士林區福港街241巷11號,"25.084482,121.518145",1,"129 ",士林分局,,臺北市士林區福港街241巷11號
士林區,WVA02655,百齡里,臺北市士林區福港街259巷13弄1號,"25.084104,121.518395",1,"170 ",士林分局,,臺北市士林區福港街259巷13弄1號
士林區,WVA02207,百齡里,臺北市士林區華齡街35巷13弄1號,"25.083587,121.518559",1,"93 ",士林分局,,臺北市士林區華齡街35巷13弄1號
士林區,WVA02393,百齡里,臺北市士林區通河東街一段37號,"25.083205,121.516706",1,"106 ",士林分局,,臺北市士林區通河東街一段37號
士林區,WVA02394,百齡里,臺北市士林區通河東街一段38號,"25.083276,121.516672",1,"98 ",士林分局,,臺北市士林區通河東街一段38號
士林區,WVA02395,百齡里,臺北市士林區通河東街一段40號,"25.0834,121.516608",1,"56 ",士林分局,,臺北市士林區通河東街一段40號
士林區,WVA02396,百齡里,臺北市士林區通河東街一段43號,"25.083562,121.516544",1,"88 ",士林分局,,臺北市士林區通河東街一段43號
士林區,WVA02398,百齡里,臺北市士林區通河東街一段83號,"25.083983,121.516405",1,"105 ",士林分局,,臺北市士林區通河東街一段83號
士林區,WVA02399,百齡里,臺北市士林區通河東街一段86號,"25.084197,121.516363",1,"137 ",士林分局,,臺北市士林區通河東街一段86號
士林區,WVA02612,百齡里,臺北市士林區福港街258號,"25.083787,121.517536",1,"288 ",士林分局,,臺北市士林區福港街258號
士林區,WVA02614,百齡里,臺北市士林區福港街261號,"25.083763,121.517703",1,"294 ",士林分局,,臺北市士林區福港街261號
士林區,WVA02615,百齡里,臺北市士林區福港街263號,"25.08357,121.517764",1,"1396 ",士林分局,,臺北市士林區福港街263號
士林區,WVA02616,百齡里,臺北市士林區福港街275號,"25.083321,121.517785",1,"1130 ",士林分局,,臺北市士林區福港街275號
士林區,WVA02657,百齡里,臺北市士林區福港街262巷13號,"25.083815,121.5168",1,"130 ",士林分局,,臺北市士林區福港街262巷13號
士林區,WVA02659,百齡里,臺北市士林區福港街262巷19號,"25.084095,121.516881",1,"136 ",士林分局,,臺北市士林區福港街262巷19號
士林區,WVA02660,百齡里,臺北市士林區福港街272巷1號,"25.08333,121.517556",1,"553 ",士林分局,,臺北市士林區福港街272巷1號
士林區,WVA02661,百齡里,臺北市士林區福港街277巷3號,"25.08339,121.518162",1,"568 ",士林分局,,臺北市士林區福港街277巷3號
士林區,WVA03079,百齡里,臺北市士林區通河東街一段45號,"25.083697,121.516499",1,"660 ",士林分局,,臺北市士林區通河東街一段45號
士林區,WVA02400,百齡里,臺北市士林區通河東街一段91號,"25.084477,121.51633",1,"346 ",士林分局,,臺北市士林區通河東街一段91號
士林區,WVA02401,百齡里,臺北市士林區通河東街一段98號,"25.084937,121.516247",1,"105 ",士林分局,,臺北市士林區通河東街一段98號
士林區,WVA02402,百齡里,臺北市士林區通河東街一段105巷6號,"25.085163,121.516418",1,"341 ",士林分局,,臺北市士林區通河東街一段105巷6號
士林區,WVA02610,百齡里,臺北市士林區福港街252號,"25.084036,121.517508",1,"302 ",士林分局,,臺北市士林區福港街252號
士林區,WVA02643,百齡里,臺北市士林區福港街224巷1號,"25.085274,121.517371",1,"169 ",士林分局,,臺北市士林區福港街224巷1號
士林區,WVA02645,百齡里,臺北市士林區福港街234巷1號,"25.084844,121.517308",1,"968 ",士林分局,,臺北市士林區福港街234巷1號
士林區,WVA02648,百齡里,臺北市士林區福港街244巷1號,"25.084291,121.517296",1,"305 ",士林分局,,臺北市士林區福港街244巷1號
士林區," WVA02649",百齡里,臺北市士林區福港街244巷19號,"25.084326,121.516762",1,"366 ",士林分局,,臺北市士林區福港街244巷19號
士林區,WVA02650,百齡里,臺北市士林區福港街244巷2號,"25.084444,121.517416",1,"357 ",士林分局,,臺北市士林區福港街244巷2號
士林區,WVA02651,百齡里,臺北市士林區福港街244巷20號,"25.084454,121.516688",1,"57 ",士林分局,,臺北市士林區福港街244巷20號
士林區,WVA02652,百齡里,臺北市士林區福港街244巷18弄1號,"25.084588,121.516693",1,"282 ",士林分局,,臺北市士林區福港街244巷18弄1號
士林區,WVA02653,百齡里,臺北市士林區福港街244巷18弄2號,"25.084616,121.516842",1,"52 ",士林分局,,臺北市士林區福港街244巷18弄2號
士林區,WVA02654,百齡里,臺北市士林區福港街244巷18弄6號,"25.084776,121.516842",1,"101 ",士林分局,,臺北市士林區福港街244巷18弄6號
士林區,WVA02656,百齡里,臺北市士林區福港街262巷10號,"25.084116,121.517056",1,"152 ",士林分局,,臺北市士林區福港街262巷10號
士林區,WVA02658,百齡里,臺北市士林區福港街262巷18號,"25.084,121.516862",1,"117 ",士林分局,,臺北市士林區福港街262巷18號
士林區,WVA01440,岩山里,臺北市士林區至誠路一段16號,"25.101278,121.537013",1,"1004 ",士林分局,,臺北市士林區至誠路一段16號
士林區,WVA01446,岩山里,臺北市士林區至誠路一段62巷10弄9號,"25.102018,121.536677",1,"134 ",士林分局,,臺北市士林區至誠路一段62巷10弄9號
士林區,WVA02867,岩山里,臺北市士林區至誠路一段64號,"25.101723,121.536",1,"189 ",士林分局,,臺北市士林區至誠路一段64號
士林區,WVA02939,岩山里,臺北市士林區至誠路一段62巷10弄5號,"25.102041,121.53646",1,"560 ",士林分局,,臺北市士林區至誠路一段62巷10弄5號
士林區,WVA03105,岩山里,臺北市士林區至誠路一段62巷10弄1號,"25.101838,121.536396",1,"413 ",士林分局,,臺北市士林區至誠路一段62巷10弄1號
士林區,WVA01441,岩山里,臺北市士林區至誠路一段96號,"25.101685,121.535078",1,"369 ",士林分局,,臺北市士林區至誠路一段96號
士林區,WVA01442,岩山里,臺北市士林區至誠路一段136巷10號,"25.102153,121.534889",1,"197 ",士林分局,,臺北市士林區至誠路一段136巷10號
士林區,WVA01444,岩山里,臺北市士林區至誠路一段62巷12號,"25.101676,121.53633",1,"82 ",士林分局,,臺北市士林區至誠路一段62巷12號
士林區,WVA01615,岩山里,臺北市士林區忠義街71巷27號,"25.105948,121.533109",1,"520 ",士林分局,,臺北市士林區忠義街71巷27號
士林區,WVA01617,岩山里,臺北市士林區忠義街91巷16號,"25.106147,121.533006",1,"298 ",士林分局,,臺北市士林區忠義街91巷16號
士林區,WVA01979,岩山里,臺北市士林區芝玉路一段197巷2號,"25.107614,121.533276",1,"390 ",士林分局,,臺北市士林區芝玉路一段197巷2號
士林區,WVA01980,岩山里,臺北市士林區芝玉路一段197巷21號,"25.107085,121.533308",1,"290 ",士林分局,,臺北市士林區芝玉路一段197巷21號
士林區,WVA01986,岩山里,臺北市士林區芝玉路一段197巷6號,"25.107371,121.533176",1,"1433 ",士林分局,,臺北市士林區芝玉路一段197巷6號
士林區,WVA01987,岩山里,臺北市士林區芝玉路一段197巷25弄1號,"25.106968,121.533531",1,"302 ",士林分局,,臺北市士林區芝玉路一段197巷25弄1號
士林區,WVA01988,岩山里,臺北市士林區芝玉路一段197巷25弄2號,"25.106847,121.533347",1,"257 ",士林分局,,臺北市士林區芝玉路一段197巷25弄2號
士林區,WVA01989,岩山里,臺北市士林區芝玉路一段197巷25弄22號,"25.106442,121.53361",1,"221 ",士林分局,,臺北市士林區芝玉路一段197巷25弄22號
士林區,WVA01990,岩山里,臺北市士林區芝玉路一段197巷25弄24號,"25.106341,121.533601",1,"696 ",士林分局,,臺北市士林區芝玉路一段197巷25弄24號
士林區,WVA01991,岩山里,臺北市士林區芝玉路一段197巷25弄6號,"25.106842,121.533561",1,"674 ",士林分局,,臺北市士林區芝玉路一段197巷25弄6號
士林區,WVA02722,岩山里,臺北市士林區忠義街71巷17號,"25.105817,121.532835",1,"630 ",士林分局,,臺北市士林區忠義街71巷17號
士林區,WVA02827,岩山里,臺北市士林區雨聲街165巷74號,"25.102423,121.535177",1,"352 ",士林分局,,臺北市士林區雨聲街165巷74號
士林區,WVA02834,岩山里,臺北市士林區雨聲街205號,"25.1016,121.533776",1,"705 ",士林分局,,臺北市士林區雨聲街205號
士林區,WVA03175,岩山里,臺北市士林區芝玉路一段197巷5號,"25.10733,121.533497",3,"1910 ",士林分局,,臺北市士林區芝玉路一段197巷5號
士林區,WVA03291,岩山里,臺北市士林區至誠路一段138號,"25.101635,121.534763",1,"3417 ",士林分局,,臺北市士林區至誠路一段138號
士林區,WVA01606,岩山里,臺北市士林區忠義街109號,"25.106877,121.532621",1,"790 ",士林分局,,臺北市士林區忠義街109號
士林區,WVA01607,岩山里,臺北市士林區忠義街119號,"25.107588,121.532799",1,"168 ",士林分局,,臺北市士林區忠義街119號
士林區,WVA01610,岩山里,臺北市士林區忠義街77號,"25.106072,121.531876",1,"272 ",士林分局,,臺北市士林區忠義街77號
士林區,WVA01613,岩山里,臺北市士林區忠義街97號,"25.106535,121.532498",1,"525 ",士林分局,,臺北市士林區忠義街97號
士林區,WVA01618,岩山里,臺北市士林區忠義街91巷6號,"25.106131,121.532323",2,"420 ",士林分局,,臺北市士林區忠義街91巷6號
士林區,WVA01981,岩山里,臺北市士林區芝玉路一段197巷24號,"25.106904,121.532932",1,"333 ",士林分局,,臺北市士林區芝玉路一段197巷24號
士林區,WVA01982,岩山里,臺北市士林區芝玉路一段197巷28號,"25.106743,121.533036",1,"385 ",士林分局,,臺北市士林區芝玉路一段197巷28號
士林區,WVA01983,岩山里,臺北市士林區芝玉路一段197巷31號,"25.10661,121.533203",1,"941 ",士林分局,,臺北市士林區芝玉路一段197巷31號
士林區,WVA02058,岩山里,臺北市士林區忠義街91巷1號,"25.106347,121.532525",1,"453 ",士林分局,,臺北市士林區忠義街91巷1號
士林區,WVA02069,岩山里,臺北市士林區忠義街71巷13弄11號,"25.106133,121.532702",1,"1182 ",士林分局,,臺北市士林區忠義街71巷13弄11號
士林區,WVA02070,岩山里,臺北市士林區忠義街71巷13弄8號,"25.106059,121.532855",1,"548 ",士林分局,,臺北市士林區忠義街71巷13弄8號
士林區,WVA02731,岩山里,臺北市士林區忠義街117號,"25.107502,121.532754",1,"1364 ",士林分局,,臺北市士林區忠義街117號
士林區,WVA01354,岩山里,臺北市士林區仰德大道一段16號,"25.10113,121.537876",1,"188 ",士林分局,,臺北市士林區仰德大道一段16號
士林區,WVA01445,岩山里,臺北市士林區至誠路一段62巷70號,"25.102681,121.535236",1,"300 ",士林分局,,臺北市士林區至誠路一段62巷70號
士林區,WVA00247,忠誠里,臺北市士林區德行東路110號,"25.107666,121.52869",1,"70 ",士林分局,,臺北市士林區德行東路110號
士林區,WVA00250,忠誠里,臺北市士林區德行東路136號,"25.107914,121.5292",1,"40 ",士林分局,,臺北市士林區德行東路136號
士林區,WVA00253,忠誠里,臺北市士林區德行東路156號,"25.1081,121.529743",1,"36 ",士林分局,,臺北市士林區德行東路156號
士林區,WVA00254,忠誠里,臺北市士林區德行東路158號,"25.108115,121.529782",1,"42 ",士林分局,,臺北市士林區德行東路158號
士林區,WVA00279,忠誠里,臺北市士林區德行東路132巷1弄1號,"25.107744,121.529264",1,"780 ",士林分局,,臺北市士林區德行東路132巷1弄1號
士林區,WVA00280,忠誠里,臺北市士林區德行東路132巷3弄2號,"25.107409,121.529385",1,"1206 ",士林分局,,臺北市士林區德行東路132巷3弄2號
士林區,WVA00281,忠誠里,臺北市士林區德行東路90巷15-17號,"25.106943,121.528024",1,"33 ",士林分局,,臺北市士林區德行東路90巷15-17號
士林區,WVA00309,忠誠里,臺北市士林區德行東路90巷21弄12號,"25.106672,121.528553",1,"369 ",士林分局,,臺北市士林區德行東路90巷21弄12號
士林區,WVA00312,忠誠里,臺北市士林區德行東路104巷5弄2號,"25.107306,121.528679",1,"3256 ",士林分局,,臺北市士林區德行東路104巷5弄2號
士林區,WVA00313,忠誠里,臺北市士林區德行東路104巷9弄2號,"25.106687,121.528789",1,"1090 ",士林分局,,臺北市士林區德行東路104巷9弄2號
士林區,WVA02689,忠誠里,臺北市士林區德行東路118號,"25.107703,121.528803",1,"98 ",士林分局,,臺北市士林區德行東路118號
士林區,WVA02690,忠誠里,臺北市士林區德行東路150號,"25.108056,121.529621",1,"137 ",士林分局,,臺北市士林區德行東路150號
士林區,WVA02721,忠誠里,臺北市士林區德行東路132巷1號,"25.106999,121.529352",1,"346 ",士林分局,,臺北市士林區德行東路132巷1號
士林區,WVA02750,忠誠里,臺北市士林區德行東路90巷21弄2號,"25.106628,121.52822",1,"190 ",士林分局,,臺北市士林區德行東路90巷21弄2號
士林區,WVA02788,忠誠里,臺北市士林區忠誠路一段184號,"25.107686,121.529883",1,"1698 ",士林分局,,臺北市士林區忠誠路一段184號
士林區,WVA02966,忠誠里,臺北市士林區忠誠路一段138號,"25.106327,121.529193",1,"505 ",士林分局,,臺北市士林區忠誠路一段138號
士林區,WVA03202,忠誠里,臺北市士林區德行東路106號,"25.107631,121.528604",1,"2625 ",士林分局,,臺北市士林區德行東路106號
士林區,WVA00292,忠誠里,臺北市士林區德行東路46巷3弄10號,"25.106812,121.526926",1,"189 ",士林分局,,臺北市士林區德行東路46巷3弄10號
士林區,WVA00293,忠誠里,臺北市士林區德行東路46巷3弄2號,"25.106695,121.526338",1,"212 ",士林分局,,臺北市士林區德行東路46巷3弄2號
士林區,WVA00295,忠誠里,臺北市士林區德行東路46巷5弄10號,"25.106432,121.526888",1,"233 ",士林分局,,臺北市士林區德行東路46巷5弄10號
士林區,WVA00296,忠誠里,臺北市士林區德行東路46巷5弄2號,"25.106375,121.526391",1,"233 ",士林分局,,臺北市士林區德行東路46巷5弄2號
士林區,WVA00297,忠誠里,臺北市士林區德行東路46巷5弄9號,"25.10656,121.526968",1,"189 ",士林分局,,臺北市士林區德行東路46巷5弄9號
士林區,WVA00301,忠誠里,臺北市士林區德行東路46巷7弄1號,"25.106152,121.526428",1,"233 ",士林分局,,臺北市士林區德行東路46巷7弄1號
士林區,WVA00302,忠誠里,臺北市士林區德行東路46巷7弄9號,"25.106214,121.526934",1,"233 ",士林分局,,臺北市士林區德行東路46巷7弄9號
士林區,WVA00308,忠誠里,臺北市士林區德行東路90巷2號,"25.107164,121.527857",1,"133 ",士林分局,,臺北市士林區德行東路90巷2號
士林區,WVA01632,忠誠里,臺北市士林區忠誠路一段84號,"25.105205,121.527669",1,"3660 ",士林分局,,臺北市士林區忠誠路一段84號
士林區,WVA01636,忠誠里,臺北市士林區忠誠路一段100巷15弄8號,"25.106043,121.527711",1,"340 ",士林分局,,臺北市士林區忠誠路一段100巷15弄8號
士林區,WVA02748,忠誠里,臺北市士林區德行東路46巷1號,"25.106819,121.526274",1,"124 ",士林分局,,臺北市士林區德行東路46巷1號
士林區,WVA02925,忠誠里,臺北市士林區德行東路74巷20號,"25.106045,121.527271",1,"312 ",士林分局,,臺北市士林區德行東路74巷20號
士林區,WVA00262,忠誠里,臺北市士林區德行東路104巷12號,"25.107215,121.52851",1,"48 ",士林分局,,臺北市士林區德行東路104巷12號
士林區,WVA00263,忠誠里,臺北市士林區德行東路104巷16號,"25.107144,121.528529",1,"24 ",士林分局,,臺北市士林區德行東路104巷16號
士林區,WVA00264,忠誠里,臺北市士林區德行東路104巷31號,"25.106296,121.528844",1,"170 ",士林分局,,臺北市士林區德行東路104巷31號
士林區,WVA00298,忠誠里,臺北市士林區德行東路46巷6弄1號,"25.106377,121.526186",1,"1281 ",士林分局,,臺北市士林區德行東路46巷6弄1號
士林區,WVA00306,忠誠里,臺北市士林區德行東路90巷33弄1號,"25.106104,121.52822",1,"84 ",士林分局,,臺北市士林區德行東路90巷33弄1號
士林區,WVA00307,忠誠里,臺北市士林區德行東路90巷33弄9-11號,"25.106152,121.528604",1,"297 ",士林分局,,臺北市士林區德行東路90巷33弄9-11號
士林區,WVA00310,忠誠里,臺北市士林區德行東路90巷33弄8-12號,"25.106003,121.528548",1,"346 ",士林分局,,臺北市士林區德行東路90巷33弄8-12號
士林區,WVA00311,忠誠里,臺北市士林區德行東路90巷33弄9號,"25.106152,121.528604",1,"92 ",士林分局,,臺北市士林區德行東路90巷33弄9號
士林區,WVA01621,忠誠里,臺北市士林區忠誠路一段102號,"25.105371,121.528363",1,"1070 ",士林分局,,臺北市士林區忠誠路一段102號
士林區,WVA01625,忠誠里,臺北市士林區忠誠路一段126號,"25.105789,121.528775",1,"300 ",士林分局,,臺北市士林區忠誠路一段126號
士林區,WVA01635,忠誠里,臺北市士林區忠誠路一段100巷6號,"25.105564,121.52825",1,"116 ",士林分局,,臺北市士林區忠誠路一段100巷6號
士林區,WVA02751,忠誠里,臺北市士林區德行東路90巷27弄2號,"25.106297,121.528167",1,"264 ",士林分局,,臺北市士林區德行東路90巷27弄2號
士林區,WVA00294,忠誠里,臺北市士林區德行東路46巷5弄1號,"25.106487,121.526373",1,"212 ",士林分局,,臺北市士林區德行東路46巷5弄1號
士林區,WVA00299,忠誠里,臺北市士林區德行東路46巷6弄2號,"25.106484,121.526155",1,"565 ",士林分局,,臺北市士林區德行東路46巷6弄2號
士林區,WVA00300,忠誠里,臺北市士林區德行東路46巷6弄9號,"25.106306,121.525713",1,"1064 ",士林分局,,臺北市士林區德行東路46巷6弄9號
士林區,WVA00354,忠誠里,臺北市士林區忠誠路一段18號,"25.104376,121.525805",1,"132 ",士林分局,,臺北市士林區忠誠路一段18號
士林區,WVA00355,忠誠里,臺北市士林區忠誠路一段16巷21號,"25.105589,121.525734",1,"153 ",士林分局,,臺北市士林區忠誠路一段16巷21號
士林區,WVA00356,忠誠里,臺北市士林區忠誠路一段16巷14弄2號,"25.104794,121.526044",1,"80 ",士林分局,,臺北市士林區忠誠路一段16巷14弄2號
士林區,WVA00521,忠誠里,臺北市士林區中山北路六段126號,"25.105765,121.525004",1,"1030 ",士林分局,,臺北市士林區中山北路六段126號
士林區,WVA00523,忠誠里,臺北市士林區中山北路六段134號,"25.105982,121.525139",1,"106 ",士林分局,,臺北市士林區中山北路六段134號
士林區,WVA00524,忠誠里,臺北市士林區中山北路六段138號,"25.106062,121.525014",1,"244 ",士林分局,,臺北市士林區中山北路六段138號
士林區,WVA00525,忠誠里,臺北市士林區中山北路六段142號,"25.106186,121.52502",1,"146 ",士林分局,,臺北市士林區中山北路六段142號
士林區,WVA00526,忠誠里,臺北市士林區中山北路六段148號,"25.10633,121.525026",1,"240 ",士林分局,,臺北市士林區中山北路六段148號
士林區,WVA00567,忠誠里,臺北市士林區中山北路六段88號,"25.104987,121.524985",1,"7672 ",士林分局,,臺北市士林區中山北路六段88號
士林區,WVA00568,忠誠里,臺北市士林區中山北路六段132巷1號,"25.106003,121.52526",1,"438 ",士林分局,,臺北市士林區中山北路六段132巷1號
士林區,WVA01628,忠誠里,臺北市士林區忠誠路一段30號,"25.104403,121.526208",1,"789 ",士林分局,,臺北市士林區忠誠路一段30號
士林區,WVA01630,忠誠里,臺北市士林區忠誠路一段40號,"25.104498,121.526556",1,"337 ",士林分局,,臺北市士林區忠誠路一段40號
士林區,WVA01631,忠誠里,臺北市士林區忠誠路一段60號,"25.104804,121.527261",1,"1161 ",士林分局,,臺北市士林區忠誠路一段60號
士林區,WVA01641,忠誠里,臺北市士林區忠誠路一段16巷17號,"25.105408,121.525769",1、2,"318 ",士林分局,,臺北市士林區忠誠路一段16巷17號
士林區,WVA01642,忠誠里,臺北市士林區忠誠路一段16巷25號,"25.105789,121.525668",1,"452 ",士林分局,,臺北市士林區忠誠路一段16巷25號
士林區,WVA01643,忠誠里,臺北市士林區忠誠路一段16巷27號,"25.105806,121.525822",1,"434 ",士林分局,,臺北市士林區忠誠路一段16巷27號
士林區,WVA01644,忠誠里,臺北市士林區忠誠路一段16巷28號,"25.105613,121.525964",1,"257 ",士林分局,,臺北市士林區忠誠路一段16巷28號
士林區,WVA01645,忠誠里,臺北市士林區忠誠路一段16巷29號,"25.105827,121.525975",1,"490 ",士林分局,,臺北市士林區忠誠路一段16巷29號
士林區,WVA01646,忠誠里,臺北市士林區忠誠路一段16巷35號,"25.105868,121.526464",1,"340 ",士林分局,,臺北市士林區忠誠路一段16巷35號
士林區,WVA01647,忠誠里,臺北市士林區忠誠路一段16巷37號,"25.105903,121.526574",1,"353 ",士林分局,,臺北市士林區忠誠路一段16巷37號
士林區,WVA01648,忠誠里,臺北市士林區忠誠路一段16巷14弄10號,"25.1048,121.526413",1,"124 ",士林分局,,臺北市士林區忠誠路一段16巷14弄10號
士林區,WVA01649,忠誠里,臺北市士林區忠誠路一段16巷14弄12號,"25.104818,121.52652",1,"96 ",士林分局,,臺北市士林區忠誠路一段16巷14弄12號
士林區,WVA01650,忠誠里,臺北市士林區忠誠路一段16巷14弄40號,"25.105384,121.527287",1,"322 ",士林分局,,臺北市士林區忠誠路一段16巷14弄40號
士林區,WVA01651,忠誠里,臺北市士林區忠誠路一段16巷14弄6號,"25.104772,121.526229",1,"122 ",士林分局,,臺北市士林區忠誠路一段16巷14弄6號
士林區,WVA02688,忠誠里,臺北市士林區德行東路10號,"25.106615,121.525523",1,"418 ",士林分局,,臺北市士林區德行東路10號
士林區,WVA02709,忠誠里,臺北市士林區德行東路6號,"25.106531,121.525291",1,"165 ",士林分局,,臺北市士林區德行東路6號
士林區,WVA02848,忠誠里,臺北市士林區忠誠路一段16巷45、47號,"25.105747,121.526841",1,"202 ",士林分局,,臺北市士林區忠誠路一段16巷45、47號
士林區,WVA02859,忠誠里,臺北市士林區忠誠路一段16巷11號,"25.104924,121.525756",1,"436 ",士林分局,,臺北市士林區忠誠路一段16巷11號
士林區,WVA02878,忠誠里,臺北市士林區忠誠路一段16巷26號,"25.105481,121.52593",1,"382 ",士林分局,,臺北市士林區忠誠路一段16巷26號
士林區,WVA02884,忠誠里,臺北市士林區忠誠路一段48號,"25.104606,121.526771",1、2、3,"1190 ",士林分局,,臺北市士林區忠誠路一段48號
士林區,WVA02946,忠誠里,臺北市士林區忠誠路一段16巷19號,"25.105526,121.525737",1,"261 ",士林分局,,臺北市士林區忠誠路一段16巷19號
士林區,WVA02974,忠誠里,臺北市士林區忠誠路一段16巷24號,"25.105291,121.525944",1,"265 ",士林分局,,臺北市士林區忠誠路一段16巷24號
士林區,WVA03026,忠誠里,臺北市士林區忠誠路一段18號,"25.104376,121.525805",1,"1480 ",士林分局,,臺北市士林區忠誠路一段18號
士林區,WVA03029,忠誠里,臺北市士林區忠誠路一段12號,"25.104486,121.525532",1,"784 ",士林分局,,臺北市士林區忠誠路一段12號
士林區,WVA03042,忠誠里,臺北市士林區忠誠路一段16巷20號,"25.105149,121.525975",1,"754 ",士林分局,,臺北市士林區忠誠路一段16巷20號
士林區,WVA03060,忠誠里,臺北市士林區忠誠路一段16巷14弄36號,"25.105093,121.52735",1,"245 ",士林分局,,臺北市士林區忠誠路一段16巷14弄36號
士林區,WVA03111,忠誠里,臺北市士林區忠誠路一段16巷14弄11號,"25.105042,121.526838",1,"302 ",士林分局,,臺北市士林區忠誠路一段16巷14弄11號
士林區,WVA03131,忠誠里,臺北市士林區忠誠路一段16巷14弄9號,"25.105084,121.526685",1,"720 ",士林分局,,臺北市士林區忠誠路一段16巷14弄9號
士林區,WVA03135,忠誠里,臺北市士林區忠誠路一段16巷43號,"25.105979,121.527044",1,"421 ",士林分局,,臺北市士林區忠誠路一段16巷43號
士林區,WVA03154,忠誠里,臺北市士林區忠誠路一段16巷14弄1號,"25.104996,121.526292",1,"484 ",士林分局,,臺北市士林區忠誠路一段16巷14弄1號
士林區,WVA03190,忠誠里,臺北市士林區忠誠路一段16巷33號,"25.105889,121.52627",1,"480 ",士林分局,,臺北市士林區忠誠路一段16巷33號
士林區,WVA03220,忠誠里,臺北市士林區忠誠路一段56.58號,"25.10787,121.529625",1,"662 ",士林分局,,臺北市士林區忠誠路一段56.58號
士林區,WVA01686,承德里,臺北市士林區承德路四段120號,"25.083456,121.523275",1,"1869 ",士林分局,,臺北市士林區承德路四段120號
士林區,WVA01709,承德里,臺北市士林區承德路四段58巷28弄8號,"25.082328,121.521964",1,"185 ",士林分局,,臺北市士林區承德路四段58巷28弄8號
士林區,WVA01711,承德里,臺北市士林區承德路四段80巷2號,"25.082305,121.522921",1,"92 ",士林分局,,臺北市士林區承德路四段80巷2號
士林區,WVA01712,承德里,臺北市士林區承德路四段80巷20號,"25.083068,121.521851",1,"50 ",士林分局,,臺北市士林區承德路四段80巷20號
士林區,WVA01715,承德里,臺北市士林區承德路四段80巷53號,"25.082868,121.521705",1,"306 ",士林分局,,臺北市士林區承德路四段80巷53號
士林區,WVA02169,承德里,臺北市士林區承德路四段110號,"25.083113,121.523214",1,"408 ",士林分局,,臺北市士林區承德路四段110號
士林區,WVA02170,承德里,臺北市士林區承德路四段116號,"25.083286,121.523022",1,"530 ",士林分局,,臺北市士林區承德路四段116號
士林區,WVA02173,承德里,臺北市士林區後港街14號,"25.082754,121.522853",1,"281 ",士林分局,,臺北市士林區後港街14號
士林區,WVA02176,承德里,臺北市士林區後港街15號,"25.082754,121.522853",1,"336 ",士林分局,,臺北市士林區後港街15號
士林區,WVA02191,承德里,臺北市士林區承德路四段80巷12號,"25.082538,121.522412",1,"344 ",士林分局,,臺北市士林區承德路四段80巷12號
士林區,WVA02192,承德里,臺北市士林區承德路四段80巷25號,"25.082391,121.522403",1,"470 ",士林分局,,臺北市士林區承德路四段80巷25號
士林區,WVA02194,承德里,臺北市士林區承德路四段80巷6號,"25.082442,121.522583",1,"192 ",士林分局,,臺北市士林區承德路四段80巷6號
士林區,WVA02198,承德里,臺北市士林區後港街20巷1號,"25.082864,121.522653",1,"120 ",士林分局,,臺北市士林區後港街20巷1號
士林區,WVA02199,承德里,臺北市士林區後港街20巷24號,"25.082982,121.522133",1,"77 ",士林分局,,臺北市士林區後港街20巷24號
士林區,WVA02247,承德里,臺北市士林區後港街28巷1號,"25.083074,121.522705",1,"202 ",士林分局,,臺北市士林區後港街28巷1號
士林區,WVA02249,承德里,臺北市士林區後港街28巷9號,"25.082998,121.522401",1,"114 ",士林分局,,臺北市士林區後港街28巷9號
士林區,WVA02858,承德里,臺北市士林區基河路30號,"25.08368,121.524511",2,"1513 ",士林分局,,臺北市士林區基河路30號
士林區,WVA01710,承德里,臺北市士林區承德路四段58巷31弄2號,"25.081906,121.520773",1,"654 ",士林分局,,臺北市士林區承德路四段58巷31弄2號
士林區,WVA01730,承德里,臺北市士林區承德路四段35號,"25.08088,121.522724",1,"5296 ",士林分局,,臺北市士林區承德路四段35號
士林區,WVA01731,承德里,臺北市士林區承德路四段35號,"25.08088,121.522724",2,"5286 ",士林分局,,臺北市士林區承德路四段35號
士林區,WVA01733,承德里,臺北市士林區承德路四段58巷5號,"25.081529,121.522341",1,"4854 ",士林分局,,臺北市士林區承德路四段58巷5號
士林區,WVA02174,承德里,臺北市士林區承德路四段60號,"25.081648,121.522664",1,"654 ",士林分局,,臺北市士林區承德路四段60號
士林區,WVA02189,承德里,臺北市士林區承德路四段58巷10弄4號,"25.081947,121.522265",1,"166 ",士林分局,,臺北市士林區承德路四段58巷10弄4號
士林區,WVA02190,承德里,臺北市士林區承德路四段58巷10弄8號,"25.082077,121.522349",1,"154 ",士林分局,,臺北市士林區承德路四段58巷10弄8號
士林區,WVA03187,承德里,臺北市士林區承德路四段58巷59號,"25.082298,121.520929",1,"148 ",士林分局,,臺北市士林區承德路四段58巷59號
士林區,WVA02177,承德里,臺北市士林區後港街30-36號,"25.083383,121.5228",1,"1250 ",士林分局,,臺北市士林區後港街30-36號
士林區,WVA02905,承德里,臺北市士林區承德路四段67號,"25.081704,121.523219",2,"2436 ",士林分局,,臺北市士林區承德路四段67號
士林區,WVA02958,承德里,臺北市士林區承德路四段85號,"25.083141,121.523746",3,"2589 ",士林分局,,臺北市士林區承德路四段85號
士林區,WVA02999,承德里,臺北市士林區基河路16-2號,"25.082343,121.524145",2,"1866 ",士林分局,,臺北市士林區基河路16-2號
士林區,WVA03063,承德里,臺北市士林區承德路四段79號,"25.082263,121.523439",1,"1149 ",士林分局,,臺北市士林區承德路四段79號
士林區,WVA03073,承德里,臺北市士林區承德路四段81號,"25.0825,121.523537",3,"1934 ",士林分局,,臺北市士林區承德路四段81號
士林區,WVA03109,承德里,臺北市士林區基河路20號,"25.083186,121.524258",1,"1389 ",士林分局,,臺北市士林區基河路20號
士林區,WVA03114,承德里,臺北市士林區承德路四段97號,"25.083838,121.523822",3,"1454 ",士林分局,,臺北市士林區承德路四段97號
士林區,WVA01713,承德里,臺北市士林區承德路四段80巷46號,"25.083342,121.522336",1,"256 ",士林分局,,臺北市士林區承德路四段80巷46號
士林區,WVA01714,承德里,臺北市士林區承德路四段80巷50號,"25.083136,121.521642",1,"110 ",士林分局,,臺北市士林區承德路四段80巷50號
士林區,WVA01716,承德里,臺北市士林區承德路四段54號,"25.081444,121.52256",1,"96 ",士林分局,,臺北市士林區承德路四段54號
士林區,WVA01717,承德里,臺北市士林區承德路四段80巷55號,"25.082965,121.521595",1,"1037 ",士林分局,,臺北市士林區承德路四段80巷55號
士林區,WVA01718,承德里,臺北市士林區承德路四段80巷55-3號,"25.082868,121.521478",1,"60 ",士林分局,,臺北市士林區承德路四段80巷55-3號
士林區,WVA02193,承德里,臺北市士林區承德路四段80巷30號,"25.083155,121.521992",1,"456 ",士林分局,,臺北市士林區承德路四段80巷30號
士林區,WVA02195,承德里,臺北市士林區承德路四段80巷61號,"25.08331,121.522017",1,"352 ",士林分局,,臺北市士林區承德路四段80巷61號
士林區,WVA02200,承德里,臺北市士林區後港街38巷11號,"25.086779,121.520315",1,"904 ",士林分局,,臺北市士林區後港街38巷11號
士林區,WVA02248,承德里,臺北市士林區後港街28巷6號,"25.083269,121.522548",1,"1090 ",士林分局,,臺北市士林區後港街28巷6號
士林區,WVA03286,承德里,臺北市士林區基河路16之6號,"25.082619,121.524184",1,"1219 ",士林分局,,臺北市士林區基河路16之6號
士林區,WVA03303,承德里,臺北市士林區基河路16之8號,"25.082785,121.524223",1,"681 ",士林分局,,臺北市士林區基河路16之8號
士林區,WVA03333,承德里,臺北市士林區承德路四段88號,"25.082652020507986,121.52297663992817",1,"837 ",士林分局,,臺北市士林區承德路四段88號
士林區,WVA02342,承德里,臺北市士林區基河路12號,"25.081399,121.523844",1,"676 ",士林分局,,臺北市士林區基河路12號
士林區,WVA02343,承德里,臺北市士林區基河路12號,"25.081399,121.523844",2,"676 ",士林分局,,臺北市士林區基河路12號
士林區,WVA02815,承德里,臺北市士林區基河路26.28.號,"25.095047,121.517993",2,"974 ",士林分局,,臺北市士林區基河路26.28.號
士林區,WVA02820,承德里,臺北市士林區基河路14號,"25.081741,121.523948",1、2,"2910 ",士林分局,,臺北市士林區基河路14號
士林區,WVA01687,明勝里,臺北市士林區承德路四段5號,"25.079179,121.521829",1,"276 ",士林分局,,臺北市士林區承德路四段5號
士林區,WVA01719,明勝里,臺北市士林區承德路四段9巷18號,"25.079146,121.522165",1,"145 ",士林分局,,臺北市士林區承德路四段9巷18號
士林區,WVA01720,明勝里,臺北市士林區承德路四段9巷8號,"25.079215,121.522003",1,"57 ",士林分局,,臺北市士林區承德路四段9巷8號
士林區,WVA01721,明勝里,臺北市士林區承德路四段33巷10號,"25.080549,121.523148",1,"212 ",士林分局,,臺北市士林區承德路四段33巷10號
士林區,WVA01732,明勝里,臺北市士林區承德路四段3巷27號,"25.078724,121.522333",1,"329 ",士林分局,,臺北市士林區承德路四段3巷27號
士林區,WVA02423,明勝里,臺北市士林區通河街11號,"25.080075,121.523465",1,"344 ",士林分局,,臺北市士林區通河街11號
士林區,WVA02432,明勝里,臺北市士林區通河街29號,"25.080098,121.523083",1,"42 ",士林分局,,臺北市士林區通河街29號
士林區,WVA02434,明勝里,臺北市士林區通河街47號,"25.080188,121.522651",1,"325 ",士林分局,,臺北市士林區通河街47號
士林區,WVA02435,明勝里,臺北市士林區通河街7號,"25.08001,121.52356",1,"77 ",士林分局,,臺北市士林區通河街7號
士林區,WVA02439,明勝里,臺北市士林區通河街1巷6號,"25.080259,121.523729",1,"68 ",士林分局,,臺北市士林區通河街1巷6號
士林區,WVA02450,明勝里,臺北市士林區承德路四段3巷10號,"25.078768,121.521887",1,"53 ",士林分局,,臺北市士林區承德路四段3巷10號
士林區,WVA02451,明勝里,臺北市士林區承德路四段3巷28號,"25.078551,121.522374",1,"655 ",士林分局,,臺北市士林區承德路四段3巷28號
士林區,WVA02452,明勝里,臺北市士林區承德路四段3巷34號,"25.078468,121.522533",1,"348 ",士林分局,,臺北市士林區承德路四段3巷34號
士林區,WVA02464,明勝里,臺北市士林區通河街2巷28號,"25.078534,121.522892",1,"157 ",士林分局,,臺北市士林區通河街2巷28號
士林區,WVA02469,明勝里,臺北市士林區承德路四段33巷16號,"25.080468,121.523354",1,"104 ",士林分局,,臺北市士林區承德路四段33巷16號
士林區,WVA02470,明勝里,臺北市士林區承德路四段33巷20號,"25.080452,121.523482",1,"61 ",士林分局,,臺北市士林區承德路四段33巷20號
士林區,WVA03203,明勝里,臺北市士林區通河街17號,"25.080079,121.523349",1,"705 ",士林分局,,臺北市士林區通河街17號
士林區,WVA02433,明勝里,臺北市士林區通河街40號,"25.080404,121.521552",1,"400 ",士林分局,,臺北市士林區通河街40號
士林區,WVA02436,明勝里,臺北市士林區通河街70號,"25.080777,121.520706",1,"296 ",士林分局,,臺北市士林區通河街70號
士林區,WVA02438,明勝里,臺北市士林區通河街90號,"25.081085,121.520013",1,"656 ",士林分局,,臺北市士林區通河街90號
士林區,WVA02444,明勝里,臺北市士林區承德路四段12巷10號,"25.080007,121.521384",1,"206 ",士林分局,,臺北市士林區承德路四段12巷10號
士林區,WVA02445,明勝里,臺北市士林區承德路四段12巷2號,"25.079861,121.521691",1,"57 ",士林分局,,臺北市士林區承德路四段12巷2號
士林區,WVA02447,明勝里,臺北市士林區承德路四段12巷26號,"25.080293,121.520726",1,"816 ",士林分局,,臺北市士林區承德路四段12巷26號
士林區,WVA02448,明勝里,臺北市士林區承德路四段12巷31號,"25.080544,121.520559",1,"296 ",士林分局,,臺北市士林區承德路四段12巷31號
士林區,WVA02449,明勝里,臺北市士林區承德路四段12巷6號,"25.079924,121.521559",1,"69 ",士林分局,,臺北市士林區承德路四段12巷6號
士林區,WVA02465,明勝里,臺北市士林區通河街2巷38號,"25.07812,121.522681",1,"377 ",士林分局,,臺北市士林區通河街2巷38號
士林區,WVA03130,明勝里,臺北市士林區承德路四段12巷8號,"25.079937,121.521463",1,"156 ",士林分局,,臺北市士林區承德路四段12巷8號
士林區,WVA02453,明勝里,臺北市士林區承德路四段10巷1號,"25.079623,121.521546",1,"221 ",士林分局,,臺北市士林區承德路四段10巷1號
士林區,WVA02454,明勝里,臺北市士林區承德路四段10巷11號,"25.079792,121.521118",1,"182 ",士林分局,,臺北市士林區承德路四段10巷11號
士林區,WVA02455,明勝里,臺北市士林區承德路四段10巷8號,"25.079537,121.521305",1,"149 ",士林分局,,臺北市士林區承德路四段10巷8號
士林區,WVA02456,明勝里,臺北市士林區承德路四段10巷9號,"25.079742,121.521229",1,"62 ",士林分局,,臺北市士林區承德路四段10巷9號
士林區,WVA02796,明勝里,臺北市士林區承德路四段10巷32號,"25.079841,121.520553",1,"32 ",士林分局,,臺北市士林區承德路四段10巷32號
士林區,WVA02797,明勝里,臺北市士林區承德路四段10巷62號,"25.080287,121.519551",1,"408 ",士林分局,,臺北市士林區承德路四段10巷62號
士林區,WVA02799,明勝里,臺北市士林區承德路四段10巷16號,"25.079635,121.521083",1,"242 ",士林分局,,臺北市士林區承德路四段10巷16號
士林區,WVA02800,明勝里,臺北市士林區承德路四段10巷21號,"25.079969,121.520762",1,"236 ",士林分局,,臺北市士林區承德路四段10巷21號
士林區,WVA02801,明勝里,臺北市士林區承德路四段10巷10號,"25.079557,121.52121",1,"336 ",士林分局,,臺北市士林區承德路四段10巷10號
士林區,WVA02802,明勝里,臺北市士林區承德路四段10巷8號,"25.079537,121.521305",1,"81 ",士林分局,,臺北市士林區承德路四段10巷8號
士林區,WVA02457,明勝里,臺北市士林區承德路四段6巷10號,"25.079149,121.521029",1,"176 ",士林分局,,臺北市士林區承德路四段6巷10號
士林區,WVA02458,明勝里,臺北市士林區承德路四段6巷13號,"25.079335,121.520988",1,"213 ",士林分局,,臺北市士林區承德路四段6巷13號
士林區,WVA02459,明勝里,臺北市士林區承德路四段6巷14號,"25.079266,121.520822",1,"254 ",士林分局,,臺北市士林區承德路四段6巷14號
士林區,WVA02460,明勝里,臺北市士林區承德路四段6巷23號,"25.079474,121.520698",1,"26 ",士林分局,,臺北市士林區承德路四段6巷23號
士林區,WVA02461,明勝里,臺北市士林區承德路四段6巷39號,"25.079695,121.52018",1,"133 ",士林分局,,臺北市士林區承德路四段6巷39號
士林區,WVA02462,明勝里,臺北市士林區承德路四段6巷1號,"25.079183,121.521326",1,"57 ",士林分局,,臺北市士林區承德路四段6巷1號
士林區,WVA02463,明勝里,臺北市士林區承德路四段6巷9號,"25.079286,121.521086",1,"65 ",士林分局,,臺北市士林區承德路四段6巷9號
士林區,WVA02466,明勝里,臺北市士林區承德路四段1巷29號,"25.077964,121.522495",1,"108 ",士林分局,,臺北市士林區承德路四段1巷29號
士林區,WVA02468,明勝里,臺北市士林區通河街2巷48號,"25.078044,121.52264",1,"534 ",士林分局,,臺北市士林區通河街2巷48號
士林區,WVA02471,明勝里,臺北市士林區承德路四段6巷85號,"25.080316,121.518809",1,"166 ",士林分局,,臺北市士林區承德路四段6巷85號
士林區,WVA02795,明勝里,臺北市士林區承德路四段6巷11號,"25.079318,121.521026",1,"238 ",士林分局,,臺北市士林區承德路四段6巷11號
士林區,WVA03255,明勝里,臺北市士林區承德路四段1巷25號,"25.078187,121.5223",1,"696 ",士林分局,,臺北市士林區承德路四段1巷25號
士林區,WVA02427,明勝里,臺北市士林區通河街16號,"25.079957,121.522949",1,"221 ",士林分局,,臺北市士林區通河街16號
士林區,WVA02428,明勝里,臺北市士林區通河街16號,"25.079957,121.522949",1,"826 ",士林分局,,臺北市士林區通河街16號
士林區,WVA02429,明勝里,臺北市士林區通河街16號,"25.079957,121.522949",1,"809 ",士林分局,,臺北市士林區通河街16號
士林區,WVA02879,明勝里,臺北市士林區承德路四段33巷24號,"25.080444,121.523667",1,"237 ",士林分局,,臺北市士林區承德路四段33巷24號
士林區,WVA02908,明勝里,臺北市士林區承德路四段29號,"25.080507,121.522538",2,"1250 ",士林分局,,臺北市士林區承德路四段29號
士林區,WVA00034,東山里,臺北市士林區士東路353巷9號,"25.114046,121.540646",1,"205 ",士林分局,,臺北市士林區士東路353巷9號
士林區,WVA02047,東山里,臺北市士林區德行東路331巷50弄1號,"25.112344,121.538307",1,"2894 ",士林分局,,臺北市士林區德行東路331巷50弄1號
士林區,WVA02740,東山里,臺北市士林區德行東路331巷50弄17號,"25.112276,121.53869",1,"3956 ",士林分局,,臺北市士林區德行東路331巷50弄17號
士林區,WVA02741,東山里,臺北市士林區東山路130巷9號,"25.11232,121.538978",1,"310 ",士林分局,,臺北市士林區東山路130巷9號
士林區,WVA02964,東山里,臺北市士林區東山路136.138號,"25.112138,121.539509",2,"1014 ",士林分局,,臺北市士林區東山路136.138號
士林區,WVA02041,東山里,臺北市士林區德行東路363號,"25.110595,121.538818",1,"480 ",士林分局,,臺北市士林區德行東路363號
士林區,WVA02043,東山里,臺北市士林區德行東路351號,"25.110498,121.538229",1,"36 ",士林分局,,臺北市士林區德行東路351號
士林區,WVA02046,東山里,臺北市士林區德行東路331巷38號,"25.111878,121.53832",1,"1052 ",士林分局,,臺北市士林區德行東路331巷38號
士林區,WVA02048,東山里,臺北市士林區德行東路331巷51弄1號,"25.112309,121.538068",1,"2661 ",士林分局,,臺北市士林區德行東路331巷51弄1號
士林區,WVA02053,東山里,臺北市士林區德行東路353巷1號,"25.110658,121.538319",1,"132 ",士林分局,,臺北市士林區德行東路353巷1號
士林區,WVA02737,東山里,臺北市士林區德行東路331巷35號,"25.11175,121.537859",1,"3505 ",士林分局,,臺北市士林區德行東路331巷35號
士林區,WVA02738,東山里,臺北市士林區德行東路331巷36弄1號,"25.111833,121.53857",1,"496 ",士林分局,,臺北市士林區德行東路331巷36弄1號
士林區,WVA02739,東山里,臺北市士林區德行東路331巷36弄2號,"25.111689,121.538422",1,"193 ",士林分局,,臺北市士林區德行東路331巷36弄2號
士林區,WVA02963,東山里,臺北市士林區德行東路365巷11弄6號,"25.110969,121.538517",2,"1548 ",士林分局,,臺北市士林區德行東路365巷11弄6號
士林區,WVA02965,東山里,臺北市士林區德行東路365巷11弄5號,"25.111277,121.538507",2,"1846 ",士林分局,,臺北市士林區德行東路365巷11弄5號
士林區,WVA02971,東山里,臺北市士林區德行東路331巷28號,"25.111598,121.538079",2,"2360 ",士林分局,,臺北市士林區德行東路331巷28號
士林區,WVA02972,東山里,臺北市士林區德行東路331巷6號,"25.110627,121.537712",2,"1974 ",士林分局,,臺北市士林區德行東路331巷6號
士林區,WVA03025,東山里,臺北市士林區德行東路365巷11弄16號,"25.110928,121.537741",1,"233 ",士林分局,,臺北市士林區德行東路365巷11弄16號
士林區,WVA03032,東山里,臺北市士林區德行東路331巷16-18號,"25.111224,121.537672",1,"2246 ",士林分局,,臺北市士林區德行東路331巷16-18號
士林區,WVA00030,東山里,臺北市士林區士東路286巷3弄2號,"25.112791,121.537575",1,"272 ",士林分局,,臺北市士林區士東路286巷3弄2號
士林區,WVA00015,東山里,臺北市士林區士東路322號,"25.113647,121.538576",2,"318 ",士林分局,,臺北市士林區士東路322號
士林區,WVA00029,東山里,臺北市士林區士東路286巷1號,"25.113164,121.537501",1,"1580 ",士林分局,,臺北市士林區士東路286巷1號
士林區,WVA03014,東山里,臺北市士林區士東路320巷2號,"25.113505,121.538619",1,"82 ",士林分局,,臺北市士林區士東路320巷2號
士林區,WVA00031,東山里,臺北市士林區士東路320巷2號,"25.113505,121.538619",1,"98 ",士林分局,,臺北市士林區士東路320巷2號
士林區,WVA00032,東山里,臺北市士林區東山路100巷1號,"25.113392,121.539212",1,"1852 ",士林分局,,臺北市士林區東山路100巷1號
士林區,WVA00033,東山里,臺北市士林區東山路110巷2號,"25.113167,121.53926",1,"136 ",士林分局,,臺北市士林區東山路110巷2號
士林區,WVA02010,東山里,臺北市士林區士東路336號,"25.113762,121.539163",1,"258 ",士林分局,,臺北市士林區士東路336號
士林區,WVA02011,東山里,臺北市士林區士東路330號,"25.113772,121.538972",1,"440 ",士林分局,,臺北市士林區士東路330號
士林區,WVA02012,東山里,臺北市士林區士東路300號,"25.113482,121.537864",1,"705 ",士林分局,,臺北市士林區士東路300號
士林區,WVA01791,社子里,臺北市士林區社中街156巷37號,"25.091671,121.50915",1,"41 ",士林分局,,臺北市士林區社中街156巷37號
士林區,WVA01797,社子里,臺北市士林區社中街164號,"25.090761,121.509328",1,"108 ",士林分局,,臺北市士林區社中街164號
士林區,WVA01802,社子里,臺北市士林區社中街152巷24弄18號,"25.090606,121.510442",1,"234 ",士林分局,,臺北市士林區社中街152巷24弄18號
士林區,WVA01844,社子里,臺北市士林區社正路35號,"25.088916,121.509421",1,"288 ",士林分局,,臺北市士林區社正路35號
士林區,WVA01886,社子里,臺北市士林區社中街210巷28號,"25.091626,121.508871",1,"166 ",士林分局,,臺北市士林區社中街210巷28號
士林區,WVA01952,社子里,臺北市士林區社中街158-1號,"25.090717,121.509452",1,"413 ",士林分局,,臺北市士林區社中街158-1號
士林區,WVA01968,社子里,臺北市士林區社正路34號,"25.088761,121.509837",1,"145 ",士林分局,,臺北市士林區社正路34號
士林區,WVA01969,社子里,臺北市士林區社正路46號,"25.088815,121.510307",1,"178 ",士林分局,,臺北市士林區社正路46號
士林區,WVA01970,社子里,臺北市士林區社正路59號,"25.088998,121.510093",2,"884 ",士林分局,,臺北市士林區社正路59號
士林區,WVA03005,社子里,臺北市士林區社正路17巷6號,"25.089317,121.509064",1,"590 ",士林分局,,臺北市士林區社正路17巷6號
士林區,WVA03127,社子里,臺北市士林區社中街210巷6號,"25.09119,121.508949",1,"453 ",士林分局,,臺北市士林區社中街210巷6號
士林區,WVA03213,社子里,臺北市士林區社中街156巷35號,"25.091602,121.509307",1,"198 ",士林分局,,臺北市士林區社中街156巷35號
士林區,WVA03237,社子里,臺北市士林區社正路17巷10號,"25.089524,121.509192",1,"614 ",士林分局,,臺北市士林區社正路17巷10號
士林區,WVA03256,社子里,臺北市士林區社正路39號,"25.088923,121.509522",1、2,"876 ",士林分局,,臺北市士林區社正路39號
士林區,WVA03263,社子里,臺北市士林區社正路17巷2號,"25.089099,121.509142",1,"624 ",士林分局,,臺北市士林區社正路17巷2號
士林區,WVA01799,社子里,臺北市士林區社中街152巷33號,"25.090758,121.510589",1,"165 ",士林分局,,臺北市士林區社中街152巷33號
士林區,WVA01846,社子里,臺北市士林區社正路87巷1號,"25.089413,121.510968",1,"181 ",士林分局,,臺北市士林區社正路87巷1號
士林區,WVA01847,社子里,臺北市士林區社正路87巷13號,"25.089666,121.510914",1,"157 ",士林分局,,臺北市士林區社正路87巷13號
士林區,WVA01848,社子里,臺北市士林區社正路87巷14號,"25.0896,121.511105",1,"57 ",士林分局,,臺北市士林區社正路87巷14號
士林區,WVA01849,社子里,臺北市士林區社正路87巷2號,"25.089414,121.511151",1,"186 ",士林分局,,臺北市士林區社正路87巷2號
士林區,WVA01895,社子里,臺北市士林區社中街116號,"25.089849,121.510382",1,"200 ",士林分局,,臺北市士林區社中街116號
士林區,WVA01896,社子里,臺北市士林區社中街128號,"25.090081,121.510214",1,"250 ",士林分局,,臺北市士林區社中街128號
士林區,WVA01957,社子里,臺北市士林區社中街152巷30號,"25.090333,121.510576",2,"1613 ",士林分局,,臺北市士林區社中街152巷30號
士林區,WVA01972,社子里,臺北市士林區社正路87巷25號,"25.089956,121.510792",1,"413 ",士林分局,,臺北市士林區社正路87巷25號
士林區,WVA02365,社子里,臺北市士林區通河西街二段30號,"25.089555,121.51148",1,"44 ",士林分局,,臺北市士林區通河西街二段30號
士林區,WVA02366,社子里,臺北市士林區通河西街二段37號,"25.090029,121.511276",1,"432 ",士林分局,,臺北市士林區通河西街二段37號
士林區,WVA02367,社子里,臺北市士林區通河西街二段42號,"25.090243,121.51109",1,"908 ",士林分局,,臺北市士林區通河西街二段42號
士林區,WVA02368,社子里,臺北市士林區通河西街二段45號,"25.090581,121.510983",1,"256 ",士林分局,,臺北市士林區通河西街二段45號
士林區,WVA02831,社子里,臺北市士林區通河西街二段40號,"25.090129,121.51127",1,"460 ",士林分局,,臺北市士林區通河西街二段40號
士林區,WVA02864,社子里,臺北市士林區通河西街二段22號,"25.088511,121.511702",1,"230 ",士林分局,,臺北市士林區通河西街二段22號
士林區,WVA02865,社子里,臺北市士林區社正路97號,"25.089144,121.511466",2,"1200 ",士林分局,,臺北市士林區社正路97號
士林區,WVA03013,社子里,臺北市士林區社正路89號,"25.089137,121.511155",1,"128 ",士林分局,,臺北市士林區社正路89號
士林區,WVA03269,社子里,臺北市士林區社正路93號,"25.089137,121.511309",1,"457 ",士林分局,,臺北市士林區社正路93號
士林區,WVA01798,社子里,臺北市士林區社中街152巷3號,"25.090688,121.509878",1,"373 ",士林分局,,臺北市士林區社中街152巷3號
士林區,WVA01800,社子里,臺北市士林區社中街156巷10弄5號,"25.091059,121.509977",1,"342 ",士林分局,,臺北市士林區社中街156巷10弄5號
士林區,WVA01801,社子里,臺北市士林區社中街156巷24弄1號,"25.091301,121.509725",1,"72 ",士林分局,,臺北市士林區社中街156巷24弄1號
士林區,WVA01845,社子里,臺北市士林區社正路64巷3號,"25.088539,121.510988",1,"32 ",士林分局,,臺北市士林區社正路64巷3號
士林區,WVA01888,社子里,臺北市士林區社中街210巷36號,"25.091967,121.508815",1,"37 ",士林分局,,臺北市士林區社中街210巷36號
士林區,WVA01889,社子里,臺北市士林區社中街210巷48號,"25.09224,121.508815",1,"52 ",士林分局,,臺北市士林區社中街210巷48號
士林區,WVA01906,社子里,臺北市士林區社中街49號,"25.088491,121.510509",1,"38 ",士林分局,,臺北市士林區社中街49號
士林區,WVA01958,社子里,臺北市士林區社中街156巷26弄5號,"25.091059,121.509977",1,"89 ",士林分局,,臺北市士林區社中街156巷26弄5號
士林區,WVA01959,社子里,臺北市士林區社中街210巷40號,"25.092115,121.508803",1,"42 ",士林分局,,臺北市士林區社中街210巷40號
士林區,WVA02369,社子里,臺北市士林區通河西街二段63號,"25.091439,121.510302",1,"110 ",士林分局,,臺北市士林區通河西街二段63號
士林區,WVA02370,社子里,臺北市士林區通河西街二段76號,"25.09193,121.509761",1,"130 ",士林分局,,臺北市士林區通河西街二段76號
士林區,WVA02371,社子里,臺北市士林區通河西街二段83號,"25.09213,121.5095",1,"148 ",士林分局,,臺北市士林區通河西街二段83號
士林區,WVA02372,社子里,臺北市士林區通河西街二段92號,"25.092285,121.509065",1,"78 ",士林分局,,臺北市士林區通河西街二段92號
士林區,WVA02373,社子里,臺北市士林區通河西街二段93號,"25.092487,121.508871",1,"132 ",士林分局,,臺北市士林區通河西街二段93號
士林區,WVA02894,社子里,臺北市士林區社中街156巷48號,"25.09179,121.509276",1,"432 ",士林分局,,臺北市士林區社中街156巷48號
士林區,WVA03034,社子里,臺北市士林區社正路66號,"25.088871,121.510937",1,"778 ",士林分局,,臺北市士林區社正路66號
士林區,WVA01569,社子里,臺北市士林區延平北路六段116巷58號,"25.090593,121.508617",1,"140 ",士林分局,,臺北市士林區延平北路六段116巷58號
士林區,WVA01794,社子里,臺北市士林區社正路45巷7號,"25.0895,121.509482",1,"578 ",士林分局,,臺北市士林區社正路45巷7號
士林區,WVA01795,社子里,臺北市士林區社正路45巷21號,"25.089886,121.509618",1,"684 ",士林分局,,臺北市士林區社正路45巷21號
士林區,WVA01796,社子里,臺北市士林區社正路45巷24號,"25.090064,121.509758",1,"86 ",士林分局,,臺北市士林區社正路45巷24號
士林區,WVA01803,社子里,臺北市士林區社正路45巷6號,"25.089447,121.509675",1,"378 ",士林分局,,臺北市士林區社正路45巷6號
士林區,WVA01804,社子里,臺北市士林區社正路45巷4弄6號,"25.089438,121.509989",1,"472 ",士林分局,,臺北市士林區社正路45巷4弄6號
士林區,WVA01890,社子里,臺北市士林區延平北路六段116巷52號,"25.090515,121.508585",1,"180 ",士林分局,,臺北市士林區延平北路六段116巷52號
士林區,WVA01897,社子里,臺北市士林區社中街131號,"25.090149,121.509919",1,"64 ",士林分局,,臺北市士林區社中街131號
士林區,WVA01898,社子里,臺北市士林區社中街201號,"25.090888,121.508742",1,"85 ",士林分局,,臺北市士林區社中街201號
士林區,WVA01907,社子里,臺北市士林區社正路95號,"25.089261,121.511294",1,"354 ",士林分局,,臺北市士林區社正路95號
士林區,WVA01971,社子里,臺北市士林區社正路45巷29弄19號,"25.089974,121.50917",1,"324 ",士林分局,,臺北市士林區社正路45巷29弄19號
士林區,WVA02822,社子里,臺北市士林區社中街147號,"25.090475,121.509069",1,"617 ",士林分局,,臺北市士林區社中街147號
士林區,WVA03065,社子里,臺北市士林區社中街123號,"25.089932,121.510011",3,"1222 ",士林分局,,臺北市士林區社中街123號
士林區,WVA03250,社子里,臺北市士林區社正路17巷15號,"25.089652,121.508973",1、2,"221 ",士林分局,,臺北市士林區社正路17巷15號
士林區,WVA03266,社子里,臺北市士林區社正路45巷1-1號,"25.089309,121.509542",1,"110 ",士林分局,,臺北市士林區社正路45巷1-1號
士林區,WVA03298,社子里,臺北市士林區社正路29號,"25.088898,121.509191",1,"372 ",士林分局,,臺北市士林區社正路29號
士林區,WVA03309,社子里,臺北市士林區社中街210巷16號,"25.091346,121.509185",1,"824 ",士林分局,,臺北市士林區社中街210巷16號
士林區,WVA03312,社子里,臺北市士林區社正路26號,"25.088716,121.5096",1、2,"769 ",士林分局,,臺北市士林區社正路26號
士林區,WVA01893,社園里,臺北市士林區延平北路六段116巷2號,"25.089493,121.507992",1,"172 ",士林分局,,臺北市士林區延平北路六段116巷2號
士林區,WVA01754,社園里,臺北市士林區社中街298巷4弄4號,"25.092611,121.505955",1,"204 ",士林分局,,臺北市士林區社中街298巷4弄4號
士林區,WVA01755,社園里,臺北市士林區社中街298巷4弄20號,"25.092486,121.506609",1,"144 ",士林分局,,臺北市士林區社中街298巷4弄20號
士林區,WVA01792,社園里,臺北市士林區社中街210巷21弄2號,"25.091926,121.50863",1,"185 ",士林分局,,臺北市士林區社中街210巷21弄2號
士林區,WVA01793,社園里,臺北市士林區社中街210巷21弄24號,"25.092251,121.50787",1,"108 ",士林分局,,臺北市士林區社中街210巷21弄24號
士林區,WVA01960,社園里,臺北市士林區社中街210巷21弄14號,"25.092106,121.50821",1,"162 ",士林分局,,臺北市士林區社中街210巷21弄14號
士林區,WVA02355,社園里,臺北市士林區通河西街二段103號,"25.092642,121.50827",1,"213 ",士林分局,,臺北市士林區通河西街二段103號
士林區,WVA02374,社園里,臺北市士林區通河西街二段102巷1號,"25.092528,121.508321",1,"197 ",士林分局,,臺北市士林區通河西街二段102巷1號
士林區,WVA02375,社園里,臺北市士林區通河西街二段102巷2號,"25.09249,121.508174",1,"320 ",士林分局,,臺北市士林區通河西街二段102巷2號
士林區,WVA01547,社園里,臺北市士林區延平北路六段142號,"25.089608,121.507223",1,"148 ",士林分局,,臺北市士林區延平北路六段142號
士林區,WVA01567,社園里,臺北市士林區延平北路六段116巷29號,"25.090126,121.508139",1,"278 ",士林分局,,臺北市士林區延平北路六段116巷29號
士林區,WVA01570,社園里,臺北市士林區延平北路六段116巷39弄11號,"25.090501,121.508008",1,"70 ",士林分局,,臺北市士林區延平北路六段116巷39弄11號
士林區,WVA01572,社園里,臺北市士林區延平北路六段150巷1號,"25.089677,121.5069",1,"244 ",士林分局,,臺北市士林區延平北路六段150巷1號
士林區,WVA01573,社園里,臺北市士林區延平北路六段150巷10號,"25.090022,121.507436",1,"48 ",士林分局,,臺北市士林區延平北路六段150巷10號
士林區,WVA01574,社園里,臺北市士林區延平北路六段150巷12號,"25.090064,121.507313",1,"188 ",士林分局,,臺北市士林區延平北路六段150巷12號
士林區,WVA01575,社園里,臺北市士林區延平北路六段150巷13號,"25.090085,121.506946",1,"322 ",士林分局,,臺北市士林區延平北路六段150巷13號
士林區,WVA01576,社園里,臺北市士林區延平北路六段150巷2號,"25.089794,121.507155",1,"180 ",士林分局,,臺北市士林區延平北路六段150巷2號
士林區,WVA01887,社園里,臺北市士林區延平北路六段116巷11號,"25.089585,121.507818",1,"40 ",士林分局,,臺北市士林區延平北路六段116巷11號
士林區,WVA01891,社園里,臺北市士林區延平北路六段116巷15弄14號,"25.090066,121.507833",1,"120 ",士林分局,,臺北市士林區延平北路六段116巷15弄14號
士林區,WVA01892,社園里,臺北市士林區延平北路六段116巷15弄22號,"25.090081,121.507644",1,"232 ",士林分局,,臺北市士林區延平北路六段116巷15弄22號
士林區,WVA01961,社園里,臺北市士林區社中街231巷12弄8號,"25.091085,121.507436",1,"60 ",士林分局,,臺北市士林區社中街231巷12弄8號
士林區,WVA01962,社園里,臺北市士林區社中街251巷1號,"25.091256,121.507313",1,"90 ",士林分局,,臺北市士林區社中街251巷1號
士林區,WVA01568,社園里,臺北市士林區延平北路六段116巷51號,"25.090806,121.508461",1,"269 ",士林分局,,臺北市士林區延平北路六段116巷51號
士林區,WVA01571,社園里,臺北市士林區延平北路六段116巷39弄2號,"25.090501,121.508391",1,"289 ",士林分局,,臺北市士林區延平北路六段116巷39弄2號
士林區,WVA01894,社園里,臺北市士林區社中街210巷9弄2號,"25.091528,121.508646",1,"269 ",士林分局,,臺北市士林區社中街210巷9弄2號
士林區,WVA01899,社園里,臺北市士林區社中街224號,"25.091327,121.508185",1,"92 ",士林分局,,臺北市士林區社中街224號
士林區,WVA01900,社園里,臺北市士林區社中街241號,"25.091367,121.507661",1,"126 ",士林分局,,臺北市士林區社中街241號
士林區,WVA01901,社園里,臺北市士林區社中街252號,"25.091661,121.507345",1,"346 ",士林分局,,臺北市士林區社中街252號
士林區,WVA01902,社園里,臺北市士林區社中街253號,"25.091518,121.507316",1,"110 ",士林分局,,臺北市士林區社中街253號
士林區,WVA01903,社園里,臺北市士林區社中街260號,"25.09179,121.507051",1,"364 ",士林分局,,臺北市士林區社中街260號
士林區,WVA01908,社園里,臺北市士林區社中街231巷21號,"25.090567,121.50757",1,"206 ",士林分局,,臺北市士林區社中街231巷21號
士林區,WVA01911,社園里,臺北市士林區社中街250巷8號,"25.09205,121.507676",1,"412 ",士林分局,,臺北市士林區社中街250巷8號
士林區,WVA01953,社園里,臺北市士林區社中街209號,"25.090986,121.508483",1,"178 ",士林分局,,臺北市士林區社中街209號
士林區,WVA01954,社園里,臺北市士林區社中街238號,"25.091519,121.507696",1,"246 ",士林分局,,臺北市士林區社中街238號
士林區,WVA01964,社園里,臺北市士林區社中街251巷7號,"25.091035,121.506963",1,"465 ",士林分局,,臺北市士林區社中街251巷7號
士林區,WVA02832,社園里,臺北市士林區社中街261-263號,"25.091595,121.507114",1,"266 ",士林分局,,臺北市士林區社中街261-263號
士林區,WVA02881,社園里,臺北市士林區社中街212號,"25.09117,121.508512",1,"1748 ",士林分局,,臺北市士林區社中街212號
士林區,WVA03283,社園里,臺北市士林區社中街210巷11號,"25.091504,121.508737",1,"236 ",士林分局,,臺北市士林區社中街210巷11號
士林區,WVA01739,社園里,臺北市士林區社中街313號,"25.092155,121.50523",1,"249 ",士林分局,,臺北市士林區社中街313號
士林區,WVA01741,社園里,臺北市士林區社中街293號,"25.092032,121.505809",1,"137 ",士林分局,,臺北市士林區社中街293號
士林區,WVA01742,社園里,臺北市士林區社中街276號,"25.092047,121.506429",1,"305 ",士林分局,,臺北市士林區社中街276號
士林區,WVA01753,社園里,臺北市士林區社中街298巷2弄3號,"25.092427,121.505942",1,"204 ",士林分局,,臺北市士林區社中街298巷2弄3號
士林區,WVA01756,社園里,臺北市士林區社中街298巷4弄21號,"25.092608,121.506692",1,"257 ",士林分局,,臺北市士林區社中街298巷4弄21號
士林區,WVA01904,社園里,臺北市士林區社中街267號,"25.09167,121.50694",1,"354 ",士林分局,,臺北市士林區社中街267號
士林區,WVA01905,社園里,臺北市士林區社中街275號,"25.091802,121.506603",1,"221 ",士林分局,,臺北市士林區社中街275號
士林區,WVA01909,社園里,臺北市士林區社中街250巷3號,"25.092006,121.507488",1,"122 ",士林分局,,臺北市士林區社中街250巷3號
士林區,WVA01910,社園里,臺北市士林區社中街250巷7號,"25.092139,121.507579",1,"574 ",士林分局,,臺北市士林區社中街250巷7號
士林區,WVA01955,社園里,臺北市士林區社中街272號,"25.091992,121.50658",1,"337 ",士林分局,,臺北市士林區社中街272號
士林區,WVA01963,社園里,臺北市士林區社中街251巷2號,"25.091204,121.507127",1,"165 ",士林分局,,臺北市士林區社中街251巷2號
士林區,WVA01965,社園里,臺北市士林區社中街264巷1弄1號,"25.092068,121.506878",1,"373 ",士林分局,,臺北市士林區社中街264巷1弄1號
士林區,WVA02376,社園里,臺北市士林區通河西街二段116巷5號,"25.092614,121.507242",1,"114 ",士林分局,,臺北市士林區通河西街二段116巷5號
士林區,WVA03121,社園里,臺北市士林區社中街280號,"25.092133,121.506317",2,"1001 ",士林分局,,臺北市士林區社中街280號
士林區,WVA01351,社園里,臺北市士林區永平街40號,"25.090589,121.505165",1,"185 ",士林分局,,臺北市士林區永平街40號
士林區,WVA01852,社園里,臺北市士林區永平街38號,"25.090544,121.505174",1,"89 ",士林分局,,臺北市士林區永平街38號
士林區,WVA01854,社園里,臺北市士林區永平街48號,"25.090831,121.505114",1,"152 ",士林分局,,臺北市士林區永平街48號
士林區,WVA01859,社園里,臺北市士林區永平街86號,"25.091809,121.505149",1,"108 ",士林分局,,臺北市士林區永平街86號
士林區,WVA01861,社園里,臺北市士林區永平街20巷1號,"25.090178,121.505446",1,"84 ",士林分局,,臺北市士林區永平街20巷1號
士林區,WVA01862,社園里,臺北市士林區永平街20巷11弄1號,"25.090187,121.505731",1,"37 ",士林分局,,臺北市士林區永平街20巷11弄1號
士林區,WVA01865,社園里,臺北市士林區永平街36巷1號,"25.090387,121.505409",1,"154 ",士林分局,,臺北市士林區永平街36巷1號
士林區,WVA01866,社園里,臺北市士林區永平街46巷1弄2號,"25.090916,121.505579",1,"180 ",士林分局,,臺北市士林區永平街46巷1弄2號
士林區,WVA01867,社園里,臺北市士林區永平街46巷3弄13號,"25.091155,121.505876",1,"98 ",士林分局,,臺北市士林區永平街46巷3弄13號
士林區,WVA01868,社園里,臺北市士林區永平街46巷3弄5號,"25.090976,121.505848",1,"98 ",士林分局,,臺北市士林區永平街46巷3弄5號
士林區,WVA01874,社園里,臺北市士林區永平街80巷1號,"25.091684,121.505363",1,"153 ",士林分局,,臺北市士林區永平街80巷1號
士林區,WVA01875,社園里,臺北市士林區永平街80巷13號,"25.091622,121.505663",1,"224 ",士林分局,,臺北市士林區永平街80巷13號
士林區,WVA01876,社園里,臺北市士林區永平街80巷14號,"25.091495,121.50564",1,"162 ",士林分局,,臺北市士林區永平街80巷14號
士林區,WVA01877,社園里,臺北市士林區永平街80巷2號,"25.091556,121.505331",1,"124 ",士林分局,,臺北市士林區永平街80巷2號
士林區,WVA01878,社園里,臺北市士林區永平街80巷35號,"25.091508,121.506258",1,"108 ",士林分局,,臺北市士林區永平街80巷35號
士林區,WVA02356,社園里,臺北市士林區通河西街二段117號,"25.092903,121.507182",1,"161 ",士林分局,,臺北市士林區通河西街二段117號
士林區,WVA02357,社園里,臺北市士林區通河西街二段120號,"25.092908,121.506941",1,"121 ",士林分局,,臺北市士林區通河西街二段120號
士林區,WVA02358,社園里,臺北市士林區通河西街二段135號,"25.092995,121.506164",1,"132 ",士林分局,,臺北市士林區通河西街二段135號
士林區,WVA03056,社園里,臺北市士林區永平街46巷3弄1號,"25.0909,121.505833",1,"260 ",士林分局,,臺北市士林區永平街46巷3弄1號
士林區,WVA03169,社園里,臺北市士林區通河西街二段126號,"25.092872,121.506457",3,"2998 ",士林分局,,臺北市士林區通河西街二段126號
士林區,WVA03327,社園里,臺北市士林區延平北路六段200號,"25.089656,121.505538",1,"1480 ",士林分局,,臺北市士林區延平北路六段200號
士林區,WVA01543,社新里,臺北市士林區延平北路六段119號,"25.08854,121.508093",1,"330 ",士林分局,,臺北市士林區延平北路六段119號
士林區,WVA01544,社新里,臺北市士林區延平北路六段125號,"25.08873,121.508061",1,"97 ",士林分局,,臺北市士林區延平北路六段125號
士林區,WVA01545,社新里,臺北市士林區延平北路六段131號,"25.088902,121.50792",1,"118 ",士林分局,,臺北市士林區延平北路六段131號
士林區,WVA01546,社新里,臺北市士林區延平北路六段133號,"25.088961,121.50785",1,"457 ",士林分局,,臺北市士林區延平北路六段133號
士林區,WVA01566,社新里,臺北市士林區延平北路六段115巷16弄6號,"25.088594,121.507731",1,"102 ",士林分局,,臺北市士林區延平北路六段115巷16弄6號
士林區,WVA01809,社新里,臺北市士林區社子街1號,"25.087769,121.508674",1,"100 ",士林分局,,臺北市士林區社子街1號
士林區,WVA01810,社新里,臺北市士林區社子街19號,"25.087672,121.50819",1,"69 ",士林分局,,臺北市士林區社子街19號
士林區,WVA01811,社新里,臺北市士林區社子街28號,"25.087464,121.507848",1,"78 ",士林分局,,臺北市士林區社子街28號
士林區,WVA01812,社新里,臺北市士林區社子街22巷54號,"25.086646,121.506806",1,"56 ",士林分局,,臺北市士林區社子街22巷54號
士林區,WVA01815,社新里,臺北市士林區社子街24號,"25.087508,121.508052",1,"78 ",士林分局,,臺北市士林區社子街24號
士林區,WVA01818,社新里,臺北市士林區社子街22巷22弄19號,"25.086796,121.507506",1,"129 ",士林分局,,臺北市士林區社子街22巷22弄19號
士林區,WVA01823,社新里,臺北市士林區社子街50號,"25.087406,121.507289",1,"58 ",士林分局,,臺北市士林區社子街50號
士林區,WVA01944,社新里,臺北市士林區社子街38號,"25.087399,121.507537",1,"593 ",士林分局,,臺北市士林區社子街38號
士林區,WVA01946,社新里,臺北市士林區社子街5號,"25.087771,121.508519",1,"176 ",士林分局,,臺北市士林區社子街5號
士林區,WVA01950,社新里,臺北市士林區社子街25巷12號,"25.088242,121.507777",1,"210 ",士林分局,,臺北市士林區社子街25巷12號
士林區,WVA01951,社新里,臺北市士林區社子街25巷3弄18號,"25.088159,121.50839",1,"53 ",士林分局,,臺北市士林區社子街25巷3弄18號
士林區,WVA02819,社新里,臺北市士林區社子街32-34號,"25.087419,121.507775",1,"204 ",士林分局,,臺北市士林區社子街32-34號
士林區,WVA03087,社新里,臺北市士林區社子街22巷52號,"25.086697,121.50704",1,"457 ",士林分局,,臺北市士林區社子街22巷52號
士林區,WVA00771,社新里,臺北市士林區中正路616號,"25.086877,121.508852",1,"125 ",士林分局,,臺北市士林區中正路616號
士林區,WVA00773,社新里,臺北市士林區中正路622號,"25.086827,121.508622",1,"193 ",士林分局,,臺北市士林區中正路622號
士林區,WVA00774,社新里,臺北市士林區中正路626號,"25.086819,121.508589",1,"522 ",士林分局,,臺北市士林區中正路626號
士林區,WVA00777,社新里,臺北市士林區中正路638號,"25.086682,121.508116",1,"56 ",士林分局,,臺北市士林區中正路638號
士林區,WVA00779,社新里,臺北市士林區中正路642號,"25.086642,121.508042",1,"390 ",士林分局,,臺北市士林區中正路642號
士林區,WVA00782,社新里,臺北市士林區中正路696號,"25.085996,121.50569",1,"253 ",士林分局,,臺北市士林區中正路696號
士林區,WVA01814,社新里,臺北市士林區社子街22巷39號,"25.086725,121.506491",1,"402 ",士林分局,,臺北市士林區社子街22巷39號
士林區,WVA01821,社新里,臺北市士林區社子街84巷21號,"25.08679,121.506707",1,"282 ",士林分局,,臺北市士林區社子街84巷21號
士林區,WVA01822,社新里,臺北市士林區社子街62號,"25.087364,121.50693",1,"229 ",士林分局,,臺北市士林區社子街62號
士林區,WVA01831,社新里,臺北市士林區社子街82號,"25.087337,121.506372",1,"92 ",士林分局,,臺北市士林區社子街82號
士林區,WVA01839,社新里,臺北市士林區社子街84巷10號,"25.08706,121.506313",1,"229 ",士林分局,,臺北市士林區社子街84巷10號
士林區,WVA02847,社新里,臺北市士林區中正路688號,"25.086223,121.506536",1,"1592 ",士林分局,,臺北市士林區中正路688號
士林區,WVA02895,社新里,臺北市士林區中正路670號,"25.086376,121.507056",2,"574 ",士林分局,,臺北市士林區中正路670號
士林區,WVA03104,社新里,臺北市士林區社子街86號,"25.08744,121.506061",1,"621 ",士林分局,,臺北市士林區社子街86號
士林區,WVA01579,社新里,臺北市士林區社子街63巷9弄1號,"25.088031,121.507163",1,"622 ",士林分局,,臺北市士林區社子街63巷9弄1號
士林區,WVA01583,社新里,臺北市士林區社子街63巷33號,"25.088775,121.506879",1,"61 ",士林分局,,臺北市士林區社子街63巷33號
士林區,WVA01589,社新里,臺北市士林區社子街63巷24號,"25.088249,121.506781",1,"58 ",士林分局,,臺北市士林區社子街63巷24號
士林區,WVA01590,社新里,臺北市士林區社子街63巷21弄7號,"25.088495,121.507228",1,"362 ",士林分局,,臺北市士林區社子街63巷21弄7號
士林區,WVA01591,社新里,臺北市士林區社子街63巷30號,"25.088441,121.50676",1,"177 ",士林分局,,臺北市士林區社子街63巷30號
士林區,WVA01816,社新里,臺北市士林區社子街25巷2號,"25.087873,121.507904",1,"181 ",士林分局,,臺北市士林區社子街25巷2號
士林區,WVA01817,社新里,臺北市士林區社子街31號,"25.087634,121.507857",1,"128 ",士林分局,,臺北市士林區社子街31號
士林區,WVA01819,社新里,臺北市士林區社子街63巷9弄2-1號,"25.087866,121.507181",1,"40 ",士林分局,,臺北市士林區社子街63巷9弄2-1號
士林區,WVA01820,社新里,臺北市士林區社子街63巷9弄8號,"25.087938,121.507311",1,"129 ",士林分局,,臺北市士林區社子街63巷9弄8號
士林區,WVA01943,社新里,臺北市士林區社子街33號,"25.087657,121.507801",1,"226 ",士林分局,,臺北市士林區社子街33號
士林區,WVA01945,社新里,臺北市士林區社子街43號,"25.087607,121.507461",1,"318 ",士林分局,,臺北市士林區社子街43號
士林區,WVA03040,社新里,臺北市士林區社子街39號,"25.087624,121.507671",1,"458 ",士林分局,,臺北市士林區社子街39號
士林區,WVA01549,社新里,臺北市士林區延平北路六段203號,"25.089358,121.505672",1,"538 ",士林分局,,臺北市士林區延平北路六段203號
士林區,WVA01577,社新里,臺北市士林區延平北路六段199巷1號,"25.089244,121.505844",1,"44 ",士林分局,,臺北市士林區延平北路六段199巷1號
士林區,WVA01580,社新里,臺北市士林區延平北路六段199巷7-1號,"25.08902,121.505893",1,"36 ",士林分局,,臺北市士林區延平北路六段199巷7-1號
士林區,WVA01581,社新里,臺北市士林區延平北路六段199巷9號,"25.088929,121.505881",1,"205 ",士林分局,,臺北市士林區延平北路六段199巷9號
士林區,WVA01584,社新里,臺北市士林區社子街125巷31號,"25.08892,121.506484",1,"292 ",士林分局,,臺北市士林區社子街125巷31號
士林區,WVA01586,社新里,臺北市士林區社子街125巷1號,"25.088663,121.505218",1,"53 ",士林分局,,臺北市士林區社子街125巷1號
士林區,WVA01587,社新里,臺北市士林區社子街125巷6號,"25.08863,121.505477",1,"178 ",士林分局,,臺北市士林區社子街125巷6號
士林區,WVA01825,社新里,臺北市士林區社子街131號,"25.088754,121.505101",1,"72 ",士林分局,,臺北市士林區社子街131號
士林區,WVA01837,社新里,臺北市士林區社子街112巷1號,"25.087655,121.505281",1,"92 ",士林分局,,臺北市士林區社子街112巷1號
士林區,WVA01838,社新里,臺北市士林區社子街98巷1號,"25.087451,121.505547",1,"62 ",士林分局,,臺北市士林區社子街98巷1號
士林區,WVA01840,社新里,臺北市士林區社子街84巷2號,"25.087385,121.506238",1,"105 ",士林分局,,臺北市士林區社子街84巷2號
士林區,WVA02754,社新里,臺北市士林區環河北路三段177號,"25.087153,121.50487",1,"162 ",士林分局,,臺北市士林區環河北路三段177號
士林區,WVA03068,社新里,臺北市士林區延平北路六段155巷40號,"25.089196,121.506345",2,"1113 ",士林分局,,臺北市士林區延平北路六段155巷40號
士林區,WVA03138,社新里,臺北市士林區延平北路六段227號,"25.089279,121.505219",2,"637 ",士林分局,,臺北市士林區延平北路六段227號
士林區,WVA03267,社新里,臺北市士林區延平北路六段211號,"25.089115,121.505681",3,"2526 ",士林分局,,臺北市士林區延平北路六段211號
士林區,WVA01813,社新里,臺北市士林區社子街22巷47弄9號,"25.086931,121.506097",1,"214 ",士林分局,,臺北市士林區社子街22巷47弄9號
士林區,WVA01827,社新里,臺北市士林區社子街113號,"25.088016,121.505366",1,"70 ",士林分局,,臺北市士林區社子街113號
士林區,WVA01829,社新里,臺北市士林區社子街95號,"25.087653,121.505871",1,"82 ",士林分局,,臺北市士林區社子街95號
士林區,WVA01830,社新里,臺北市士林區社子街89號,"25.0876,121.506078",1,"66 ",士林分局,,臺北市士林區社子街89號
士林區,WVA01947,社新里,臺北市士林區社子街22巷67號,"25.086559,121.505691",1,"134 ",士林分局,,臺北市士林區社子街22巷67號
士林區,WVA01948,社新里,臺北市士林區社子街22巷67號,"25.086559,121.505691",2,"2102 ",士林分局,,臺北市士林區社子街22巷67號
士林區,WVA01949,社新里,臺北市士林區社子街22巷65弄6號,"25.086901,121.505835",1,"90 ",士林分局,,臺北市士林區社子街22巷65弄6號
士林區,WVA01597,社新里,臺北市士林區延平北路六段273巷4號,"25.089093,121.503253",1,"89 ",士林分局,,臺北市士林區延平北路六段273巷4號
士林區,WVA01826,社新里,臺北市士林區社子街158號,"25.088802,121.504872",1,"194 ",士林分局,,臺北市士林區社子街158號
士林區,WVA01832,社新里,臺北市士林區社子街150巷2號,"25.088706,121.504695",1,"109 ",士林分局,,臺北市士林區社子街150巷2號
士林區,WVA01833,社新里,臺北市士林區社子街146巷7弄6號,"25.088139,121.50476",1,"50 ",士林分局,,臺北市士林區社子街146巷7弄6號
士林區,WVA01834,社新里,臺北市士林區社子街126巷16號,"25.087924,121.504457",1,"116 ",士林分局,,臺北市士林區社子街126巷16號
士林區,WVA01835,社新里,臺北市士林區環河北路三段193號,"25.087516,121.504541",1,"141 ",士林分局,,臺北市士林區環河北路三段193號
士林區,WVA01841,社新里,臺北市士林區環河北路三段225號,"25.088522,121.503545",1,"125 ",士林分局,,臺北市士林區環河北路三段225號
士林區,WVA01842,社新里,臺北市士林區環河北路三段217號,"25.088318,121.503815",1,"558 ",士林分局,,臺北市士林區環河北路三段217號
士林區,WVA01843,社新里,臺北市士林區延平北路六段261巷7號,"25.08865,121.503702",1,"284 ",士林分局,,臺北市士林區延平北路六段261巷7號
士林區,WVA01941,社新里,臺北市士林區社子街128-1號,"25.088104,121.505089",1,"68 ",士林分局,,臺北市士林區社子街128-1號
士林區,WVA02753,社新里,臺北市士林區環河北路三段213號,"25.088234,121.503873",1,"552 ",士林分局,,臺北市士林區環河北路三段213號
士林區,WVA02755,社新里,臺北市士林區環河北路三段239號,"25.089116,121.503041",1,"469 ",士林分局,,臺北市士林區環河北路三段239號
士林區,WVA02756,社新里,臺北市士林區環河北路三段191號,"25.087451,121.504611",1,"1250 ",士林分局,,臺北市士林區環河北路三段191號
士林區,WVA02829,社新里,臺北市士林區環河北路三段199號,"25.087669,121.504411",1,"364 ",士林分局,,臺北市士林區環河北路三段199號
士林區,WVA03186,社新里,臺北市士林區社子街146巷15號,"25.08831,121.504508",1,"95 ",士林分局,,臺北市士林區社子街146巷15號
士林區,WVA03200,社新里,臺北市士林區環河北路三段203號,"25.087978,121.504215",3,"1077 ",士林分局,,臺北市士林區環河北路三段203號
士林區,WVA03285,社新里,臺北市士林區環河北路三段205號,"25.088031,121.504098",1、2,"375 ",士林分局,,臺北市士林區環河北路三段205號
士林區,WVA03002,社新里,臺北市士林區延平北路六段261巷2號,"25.088992,121.503307",2,"2009 ",士林分局,,臺北市士林區延平北路六段261巷2號
士林區,WVA01942,社新里,臺北市士林區社子街162號,"25.088971,121.504825",1,"258 ",士林分局,,臺北市士林區社子街162號
士林區,WVA01974,芝山里,臺北市士林區芝玉路一段196號,"25.107813,121.533539",3,"3368 ",士林分局,,臺北市士林區芝玉路一段196號
士林區,WVA01976,芝山里,臺北市士林區芝玉路一段210號,"25.108425,121.533513",1,"496 ",士林分局,,臺北市士林區芝玉路一段210號
士林區,WVA01977,芝山里,臺北市士林區芝玉路一段212號,"25.108685,121.5336",1,"542 ",士林分局,,臺北市士林區芝玉路一段212號
士林區,WVA00013,芝山里,臺北市士林區士東路268號,"25.113133,121.536634",2,"1177 ",士林分局,,臺北市士林區士東路268號
士林區,WVA02037,芝山里,臺北市士林區德行東路281號,"25.110106,121.535698",1,"357 ",士林分局,,臺北市士林區德行東路281號
士林區,WVA02049,芝山里,臺北市士林區德行東路266巷17號,"25.109299,121.535217",1,"3886 ",士林分局,,臺北市士林區德行東路266巷17號
士林區,WVA02703,芝山里,臺北市士林區德行東路252號,"25.109902,121.53458",1,"516 ",士林分局,,臺北市士林區德行東路252號
士林區,WVA02704,芝山里,臺北市士林區德行東路276號,"25.109876,121.535476",1,"1085 ",士林分局,,臺北市士林區德行東路276號
士林區,WVA02733,芝山里,臺北市士林區德行東路266巷5號,"25.109558,121.535375",1,"278 ",士林分局,,臺北市士林區德行東路266巷5號
士林區,WVA02736,芝山里,臺北市士林區德行東路284巷1號,"25.109703,121.536081",1,"729 ",士林分局,,臺北市士林區德行東路284巷1號
士林區,WVA03106,芝山里,臺北市士林區芝玉路一段226號,"25.10904,121.534285",3,"5348 ",士林分局,,臺北市士林區芝玉路一段226號
士林區,WVA03061,芝山里,臺北市士林區德行東路262號,"25.109718,121.534599",1,"1309 ",士林分局,,臺北市士林區德行東路262號
士林區,WVA02734,芝山里,臺北市士林區德行東路265巷6號,"25.11024,121.535123",1,"1228 ",士林分局,,臺北市士林區德行東路265巷6號
士林區,WVA02947,芝山里,臺北市士林區士東路286巷22號,"25.111815,121.53736",1,"1212 ",士林分局,,臺北市士林區士東路286巷22號
士林區,WVA00028,芝山里,臺北市士林區士東路266巷5弄9號,"25.112483,121.537149",1,"589 ",士林分局,,臺北市士林區士東路266巷5弄9號
士林區,WVA02014,芝山里,臺北市士林區士東路266巷3弄1號,"25.112795,121.536683",1,"2793 ",士林分局,,臺北市士林區士東路266巷3弄1號
士林區,WVA02015,芝山里,臺北市士林區士東路266巷5弄2號,"25.112348,121.536756",1,"2966 ",士林分局,,臺北市士林區士東路266巷5弄2號
士林區,WVA02016,芝山里,臺北市士林區士東路266巷6弄1號,"25.112335,121.536466",1,"2434 ",士林分局,,臺北市士林區士東路266巷6弄1號
士林區,WVA02872,芝山里,臺北市士林區士東路286巷26-28號,"25.111681,121.537378",1,"576 ",士林分局,,臺北市士林區士東路286巷26-28號
士林區,WVA00027,芝山里,臺北市士林區士東路266巷20弄2號,"25.11134,121.536519",1,"2968 ",士林分局,,臺北市士林區士東路266巷20弄2號
士林區,WVA03116,芝山里,臺北市士林區士東路266巷15弄1號,"25.111533,121.536872",1,"2840 ",士林分局,,臺北市士林區士東路266巷15弄1號
士林區,WVA02051,芝山里,臺北市士林區德行東路334號,"25.110244,121.537657",1,"1413 ",士林分局,,臺北市士林區德行東路334號
士林區,WVA02742,芝山里,臺北市士林區德行東路338巷1號,"25.110223,121.538157",1,"1169 ",士林分局,,臺北市士林區德行東路338巷1號
士林區,WVA02743,芝山里,臺北市士林區德行東路338巷18號,"25.107638,121.540617",1,"214 ",士林分局,,臺北市士林區德行東路338巷18號
士林區,WVA02744,芝山里,臺北市士林區德行東路358巷17弄4號,"25.109848,121.539587",1,"1413 ",士林分局,,臺北市士林區德行東路358巷17弄4號
士林區,WVA02745,芝山里,臺北市士林區德行東路358巷18弄3號,"25.10965,121.539316",1,"1365 ",士林分局,,臺北市士林區德行東路358巷18弄3號
士林區,WVA02746,芝山里,臺北市士林區德行東路358巷5弄2號,"25.110258,121.539125",1,"1857 ",士林分局,,臺北市士林區德行東路358巷5弄2號
士林區,WVA02747,芝山里,臺北市士林區德行東路358巷8弄1號,"25.110074,121.539057",1,"1188 ",士林分局,,臺北市士林區德行東路358巷8弄1號
士林區,WVA03140,芝山里,臺北市士林區德行東路338巷32-1號,"25.111384,121.546353",1,"198 ",士林分局,,臺北市士林區德行東路338巷32-1號
士林區,WVA03206,芝山里,臺北市士林區仰德大道三段5巷23號,"25.115902,121.54908",1,"102 ",士林分局,,臺北市士林區仰德大道三段5巷23號
士林區,WVA03113,芝山里,臺北市士林區德行東路283巷33號,"25.112037,121.535743",1,"285 ",士林分局,,臺北市士林區德行東路283巷33號
士林區,WVA02004,芝山里,臺北市士林區芝玉路二段20巷91號,"25.11119,121.534977",1,"146 ",士林分局,,臺北市士林區芝玉路二段20巷91號
士林區,WVA02005,芝山里,臺北市士林區芝玉路二段20巷95號,"25.111194,121.535227",1,"1537 ",士林分局,,臺北市士林區芝玉路二段20巷95號
士林區,WVA02007,芝山里,臺北市士林區芝玉路二段52巷1號,"25.11175,121.53502",1,"426 ",士林分局,,臺北市士林區芝玉路二段52巷1號
士林區,WVA02008,芝山里,臺北市士林區芝玉路二段61巷1號,"25.111844,121.534811",1,"278 ",士林分局,,臺北市士林區芝玉路二段61巷1號
士林區,WVA02017,芝山里,臺北市士林區士東路266巷6弄2號,"25.112538,121.53648",1,"4024 ",士林分局,,臺北市士林區士東路266巷6弄2號
士林區,WVA02840,芝山里,臺北市士林區芝玉路二段52巷11號,"25.111957,121.535597",1,"781 ",士林分局,,臺北市士林區芝玉路二段52巷11號
士林區,WVA02898,芝山里,臺北市士林區芝玉路二段84巷2號,"25.112196,121.535201",3,"1434 ",士林分局,,臺北市士林區芝玉路二段84巷2號
士林區,WVA02949,芝山里,臺北市士林區芝玉路二段52巷16號,"25.111675,121.535664",2,"1725 ",士林分局,,臺北市士林區芝玉路二段52巷16號
士林區,WVA03102,芝山里,臺北市士林區士東路276號,"25.113247,121.537184",1,"198 ",士林分局,,臺北市士林區士東路276號
士林區,WVA03316,芝山里,臺北市士林區芝玉路二段86號,"25.112378,121.535246",1,"198 ",士林分局,,臺北市士林區芝玉路二段86號
士林區,WVA03322,芝山里,臺北市士林區德行東路338巷2號,"25.110199,121.537897",1,"100 ",士林分局,,臺北市士林區德行東路338巷2號
士林區,WVA02705,芝山里,臺北市士林區德行東路285號,"25.110385,121.53643",1,"2138 ",士林分局,,臺北市士林區德行東路285號
士林區,WVA02706,芝山里,臺北市士林區德行東路285號,"25.110385,121.53643",1,"2492 ",士林分局,,臺北市士林區德行東路285號
士林區,WVA03036,芝山里,臺北市士林區仰德大道一段101號,"25.104603,121.538208",1,"1584 ",士林分局,,臺北市士林區仰德大道一段101號
士林區,WVA03177,芝山里,臺北市士林區仰德大道一段101號,"25.104603,121.538208",1,"752 ",士林分局,,臺北市士林區仰德大道一段101號
士林區,WVA03216,芝山里,臺北市士林區仰德大道一段101號,"25.104603,121.538208",1,"1636 ",士林分局,,臺北市士林區仰德大道一段101號
士林區,WVA01689,前港里,臺北市士林區承德路四段178號,"25.086739,121.522568",1,"440 ",士林分局,,臺北市士林區承德路四段178號
士林區,WVA01690,前港里,臺北市士林區承德路四段182號,"25.086884,121.522482",1,"436 ",士林分局,,臺北市士林區承德路四段182號
士林區,WVA01691,前港里,臺北市士林區承德路四段186號,"25.08705,121.522384",1,"440 ",士林分局,,臺北市士林區承德路四段186號
士林區,WVA01692,前港里,臺北市士林區承德路四段188號,"25.087133,121.522335",1,"546 ",士林分局,,臺北市士林區承德路四段188號
士林區,WVA01693,前港里,臺北市士林區承德路四段190號,"25.087199,121.522295",1,"446 ",士林分局,,臺北市士林區承德路四段190號
士林區,WVA01694,前港里,臺北市士林區承德路四段196號,"25.087506,121.522071",1,"364 ",士林分局,,臺北市士林區承德路四段196號
士林區,WVA01695,前港里,臺北市士林區承德路四段196號,"25.087506,121.522071",1,"713 ",士林分局,,臺北市士林區承德路四段196號
士林區,WVA01728,前港里,臺北市士林區承德路四段212號,"25.088041,121.521786",2,"384 ",士林分局,,臺北市士林區承德路四段212號
士林區,WVA01729,前港里,臺北市士林區承德路四段220號,"25.088384,121.521541",2,"1738 ",士林分局,,臺北市士林區承德路四段220號
士林區,WVA02243,前港里,臺北市士林區後港街183號,"25.087921,121.521002",1,"518 ",士林分局,,臺北市士林區後港街183號
士林區,WVA02938,前港里,臺北市士林區承德路四段150號,"25.085138,121.523121",4,"2734 ",士林分局,,臺北市士林區承德路四段150號
士林區,WVA02994,前港里,臺北市士林區承德路四段210號,"25.087899,121.521871",1,"100 ",士林分局,,臺北市士林區承德路四段210號
士林區,WVA03092,前港里,臺北市士林區承德路四段166號,"25.085432,121.523082",4,"2892 ",士林分局,,臺北市士林區承德路四段166號
士林區,WVA03144,前港里,臺北市士林區後港街123號,"25.086532,121.521855",3,"3354 ",士林分局,,臺北市士林區後港街123號
士林區,WVA03214,前港里,臺北市士林區承德路四段192-1號,"25.087405,121.52211",1,"1633 ",士林分局,,臺北市士林區承德路四段192-1號
士林區,WVA03221,前港里,臺北市士林區承德路四段228號,"25.088584,121.521347",1,"565 ",士林分局,,臺北市士林區承德路四段228號
士林區,WVA03247,前港里,臺北市士林區後港街189號,"25.088047,121.520968",1,"374 ",士林分局,,臺北市士林區後港街189號
士林區,WVA02183,前港里,臺北市士林區前港街34號,"25.084574,121.521699",1,"250 ",士林分局,,臺北市士林區前港街34號
士林區,WVA02229,前港里,臺北市士林區華齡街2巷14弄1號,"25.083151,121.519745",1,"365 ",士林分局,,臺北市士林區華齡街2巷14弄1號
士林區,WVA02531,前港里,臺北市士林區華齡街2巷6號,"25.083151,121.519745",1,"742 ",士林分局,,臺北市士林區華齡街2巷6號
士林區,WVA02681,前港里,臺北市士林區劍潭路13號,"25.084213,121.523011",2,"609 ",士林分局,,臺北市士林區劍潭路13號
士林區,WVA03161,前港里,臺北市士林區前港街9號,"25.084949,121.522747",1,"690 ",士林分局,,臺北市士林區前港街9號
士林區,WVA02171,前港里,臺北市士林區後港街66號,"25.085529,121.522208",1,"1212 ",士林分局,,臺北市士林區後港街66號
士林區,WVA02172,前港里,臺北市士林區後港街88號,"25.085925,121.521947",1,"482 ",士林分局,,臺北市士林區後港街88號
士林區,WVA02187,前港里,臺北市士林區前港街56巷17號,"25.084779,121.520763",1,"1286 ",士林分局,,臺北市士林區前港街56巷17號
士林區,WVA02188,前港里,臺北市士林區後港街62巷4號,"25.08521,121.522143",1,"522 ",士林分局,,臺北市士林區後港街62巷4號
士林區,WVA02218,前港里,臺北市士林區華齡街2巷27號,"25.083151,121.519745",1,"1272 ",士林分局,,臺北市士林區華齡街2巷27號
士林區,WVA02227,前港里,臺北市士林區華齡街2巷29弄14號,"25.083151,121.519745",1,"381 ",士林分局,,臺北市士林區華齡街2巷29弄14號
士林區,WVA02228,前港里,臺北市士林區華齡街2巷29弄4號,"25.083151,121.519745",1,"448 ",士林分局,,臺北市士林區華齡街2巷29弄4號
士林區,WVA02233,前港里,臺北市士林區華齡街2巷35弄2號,"25.083151,121.519745",1,"1661 ",士林分局,,臺北市士林區華齡街2巷35弄2號
士林區,WVA02242,前港里,臺北市士林區後港街116號,"25.086338,121.521524",1,"1736 ",士林分局,,臺北市士林區後港街116號
士林區,WVA02244,前港里,臺北市士林區後港街66號,"25.085529,121.522208",1,"2254 ",士林分局,,臺北市士林區後港街66號
士林區,WVA02245,前港里,臺北市士林區後港街96號,"25.086205,121.5218",2,"2314 ",士林分局,,臺北市士林區後港街96號
士林區,WVA02530,前港里,臺北市士林區華齡街2巷31號,"25.083151,121.519745",2,"346 ",士林分局,,臺北市士林區華齡街2巷31號
士林區,WVA02533,前港里,臺北市士林區華齡街40巷14號,"25.083983,121.520478",1,"234 ",士林分局,,臺北市士林區華齡街40巷14號
士林區,WVA02637,前港里,臺北市士林區前港街10號,"25.084638,121.522828",1,"749 ",士林分局,,臺北市士林區前港街10號
士林區,WVA03054,前港里,臺北市士林區華齡街2巷23號,"25.083151,121.519745",2,"1360 ",士林分局,,臺北市士林區華齡街2巷23號
士林區,WVA02166,前港里,臺北市士林區大南路251巷10號,"25.088135,121.520146",1,"396 ",士林分局,,臺北市士林區大南路251巷10號
士林區,WVA02523,前港里,臺北市士林區華齡街180號,"25.087261,121.519855",1,"444 ",士林分局,,臺北市士林區華齡街180號
士林區,WVA02527,前港里,臺北市士林區華齡街178巷2號,"25.087145,121.519803",1,"638 ",士林分局,,臺北市士林區華齡街178巷2號
士林區,WVA02818,前港里,臺北市士林區後港街150號,"25.087288,121.520927",2,"3297 ",士林分局,,臺北市士林區後港街150號
士林區,WVA02977,前港里,臺北市士林區華齡街172-1號,"25.086867,121.51998",1,"622 ",士林分局,,臺北市士林區華齡街172-1號
士林區,WVA03199,前港里,臺北市士林區華齡街184號,"25.08746,121.519785",1,"429 ",士林分局,,臺北市士林區華齡街184號
士林區,WVA00067,後港里,臺北市士林區士商路52號,"25.090402,121.520132",1,"160 ",士林分局,,臺北市士林區士商路52號
士林區,WVA00068,後港里,臺北市士林區士商路86號,"25.091235,121.519467",1,"372 ",士林分局,,臺北市士林區士商路86號
士林區,WVA00128,後港里,臺北市士林區大南路248號,"25.088664,121.520391",1,"60 ",士林分局,,臺北市士林區大南路248號
士林區,WVA01696,後港里,臺北市士林區承德路四段242號,"25.088961,121.520892",1,"136 ",士林分局,,臺北市士林區承德路四段242號
士林區,WVA01697,後港里,臺北市士林區承德路四段255號,"25.08949,121.520791",1,"394 ",士林分局,,臺北市士林區承德路四段255號
士林區,WVA01722,後港里,臺北市士林區承德路四段277巷2號,"25.089917,121.519846",1,"154 ",士林分局,,臺北市士林區承德路四段277巷2號
士林區,WVA01723,後港里,臺北市士林區承德路四段277巷46號,"25.090681,121.519648",1,"372 ",士林分局,,臺北市士林區承德路四段277巷46號
士林區,WVA01724,後港里,臺北市士林區承德路四段277巷6號,"25.090062,121.519771",1,"132 ",士林分局,,臺北市士林區承德路四段277巷6號
士林區,WVA02178,後港里,臺北市士林區承德路四段277巷58號,"25.091003,121.519375",1,"237 ",士林分局,,臺北市士林區承德路四段277巷58號
士林區,WVA02180,後港里,臺北市士林區承德路四段277巷94號,"25.091843,121.518645",1,"89 ",士林分局,,臺北市士林區承德路四段277巷94號
士林區,WVA02181,後港里,臺北市士林區承德路四段277巷80號,"25.091723,121.51889",1,"273 ",士林分局,,臺北市士林區承德路四段277巷80號
士林區,WVA03052,後港里,臺北市士林區承德路四段277巷36號,"25.090356,121.519811",1,"765 ",士林分局,,臺北市士林區承德路四段277巷36號
士林區,WVA03078,後港里,臺北市士林區士商路12號,"25.089852,121.520594",1,"190 ",士林分局,,臺北市士林區士商路12號
士林區,WVA00130,後港里,臺北市士林區大南路284號,"25.088799,121.51938",1,"1149 ",士林分局,,臺北市士林區大南路284號
士林區,WVA00132,後港里,臺北市士林區大南路298號,"25.088975,121.519012",1,"121 ",士林分局,,臺北市士林區大南路298號
士林區,WVA00762,後港里,臺北市士林區中正路495號,"25.091777,121.518449",1,"1957 ",士林分局,,臺北市士林區中正路495號
士林區,WVA01725,後港里,臺北市士林區承德路四段277巷73-1號,"25.091328,121.51897",1,"48 ",士林分局,,臺北市士林區承德路四段277巷73-1號
士林區,WVA02620,後港里,臺北市士林區福港街29號,"25.090872,121.518347",1,"50 ",士林分局,,臺北市士林區福港街29號
士林區,WVA02622,後港里,臺北市士林區福港街91號,"25.089348,121.518407",1,"369 ",士林分局,,臺北市士林區福港街91號
士林區,WVA03028,後港里,臺北市士林區福港街19巷1號,"25.091294,121.518424",1,"778 ",士林分局,,臺北市士林區福港街19巷1號
士林區,WVA00129,後港里,臺北市士林區大南路280號,"25.088774,121.519521",1,"136 ",士林分局,,臺北市士林區大南路280號
士林區,WVA00766,後港里,臺北市士林區中正路511號,"25.091308,121.517459",1,"168 ",士林分局,,臺北市士林區中正路511號
士林區,WVA00767,後港里,臺北市士林區中正路523號,"25.090883,121.517348",1,"384 ",士林分局,,臺北市士林區中正路523號
士林區,WVA01698,後港里,臺北市士林區承德路四段270號,"25.089396,121.519839",1,"366 ",士林分局,,臺北市士林區承德路四段270號
士林區,WVA01699,後港里,臺北市士林區承德路四段280號,"25.089458,121.5196",1,"978 ",士林分局,,臺北市士林區承德路四段280號
士林區,WVA01702,後港里,臺北市士林區承德路四段287號,"25.090153,121.519305",1,"1226 ",士林分局,,臺北市士林區承德路四段287號
士林區,WVA01727,後港里,臺北市士林區承德路四段292巷11弄5號,"25.089151,121.519574",1,"706 ",士林分局,,臺北市士林區承德路四段292巷11弄5號
士林區,WVA02175,後港里,臺北市士林區承德路四段266巷2號,"25.089129,121.520081",1,"258 ",士林分局,,臺北市士林區承德路四段266巷2號
士林區,WVA03150,後港里,臺北市士林區承德路四段277巷35號,"25.090409,121.519518",1,"841 ",士林分局,,臺北市士林區承德路四段277巷35號
士林區,WVA00135,後港里,臺北市士林區大南路352號,"25.089185,121.517493",1,"550 ",士林分局,,臺北市士林區大南路352號
士林區," WVA00136",後港里,臺北市士林區大南路360號,"25.089151,121.51727",1,"337 ",士林分局,,臺北市士林區大南路360號
士林區,WVA00138,後港里,臺北市士林區大南路364號,"25.089172,121.517135",1,"325 ",士林分局,,臺北市士林區大南路364號
士林區,WVA00139,後港里,臺北市士林區大南路368號,"25.089192,121.517013",1,"64 ",士林分局,,臺北市士林區大南路368號
士林區,WVA00141,後港里,臺北市士林區大南路416號,"25.090095,121.516288",1,"72 ",士林分局,,臺北市士林區大南路416號
士林區,WVA00142,後港里,臺北市士林區大南路436號,"25.090389,121.516544",1,"229 ",士林分局,,臺北市士林區大南路436號
士林區,WVA00147,後港里,臺北市士林區大南路388巷2號,"25.089642,121.516178",1,"406 ",士林分局,,臺北市士林區大南路388巷2號
士林區,WVA01376,後港里,臺北市士林區承德路五段2號,"25.090881,121.51548",1,"3110 ",士林分局,,臺北市士林區承德路五段2號
士林區,WVA01377,後港里,臺北市士林區承德路五段20號,"25.091643,121.515463",1,"5633 ",士林分局,,臺北市士林區承德路五段20號
士林區,WVA01379,後港里,臺北市士林區承德路五段56號,"25.09287,121.514705",1,"64 ",士林分局,,臺北市士林區承德路五段56號
士林區,WVA01380,後港里,臺北市士林區承德路五段60號,"25.092984,121.514887",1,"706 ",士林分局,,臺北市士林區承德路五段60號
士林區,WVA01726,後港里,臺北市士林區承德路四段277巷74號,"25.091425,121.519056",1,"200 ",士林分局,,臺北市士林區承德路四段277巷74號
士林區,WVA02419,後港里,臺北市士林區通河東街二段23號,"25.092724,121.514495",1,"273 ",士林分局,,臺北市士林區通河東街二段23號
士林區,WVA02420,後港里,臺北市士林區通河東街二段25號,"25.092881,121.514357",1,"98 ",士林分局,,臺北市士林區通河東街二段25號
士林區,WVA01700,後港里,臺北市士林區承德路四段294號,"25.089583,121.519113",1,"470 ",士林分局,,臺北市士林區承德路四段294號
士林區,WVA01701,後港里,臺北市士林區承德路四段294號,"25.089583,121.519113",1,"2228 ",士林分局,,臺北市士林區承德路四段294號
士林區,WVA01703,後港里,臺北市士林區承德路四段327號,"25.090447,121.517604",1,"378 ",士林分局,,臺北市士林區承德路四段327號
士林區,WVA01704,後港里,臺北市士林區承德路四段309號,"25.090147,121.518175",1,"1570 ",士林分局,,臺北市士林區承德路四段309號
士林區,WVA01705,後港里,臺北市士林區承德路四段346號,"25.090201,121.517236",1,"233 ",士林分局,,臺北市士林區承德路四段346號
士林區,WVA01706,後港里,臺北市士林區承德路四段346號,"25.090201,121.517236",1,"829 ",士林分局,,臺北市士林區承德路四段346號
士林區,WVA01707,後港里,臺北市士林區承德路四段346號,"25.090201,121.517236",2,"1238 ",士林分局,,臺北市士林區承德路四段346號
士林區,WVA01708,後港里,臺北市士林區承德路四段364號,"25.090468,121.516694",1,"96 ",士林分局,,臺北市士林區承德路四段364號
士林區,WVA02613,後港里,臺北市士林區福港街26號,"25.090838,121.518172",1,"1100 ",士林分局,,臺北市士林區福港街26號
士林區,WVA03204,後港里,臺北市士林區承德路四段320號,"25.089732,121.518063",4,"1389 ",士林分局,,臺北市士林區承德路四段320號
士林區,WVA03311,後港里,臺北市士林區承德路四段250號,"25.089179,121.520382",1,"1118 ",士林分局,,臺北市士林區承德路四段250號
士林區,WVA00065,後港里,臺北市士林區士商路150號,"25.094992,121.516347",1,"829 ",士林分局,,臺北市士林區士商路150號
士林區,WVA00066,後港里,臺北市士林區士商路150號,"25.094992,121.516347",1,"1684 ",士林分局,,臺北市士林區士商路150號
士林區,WVA00763,後港里,臺北市士林區中正路510號,"25.09185,121.517206",1,"196 ",士林分局,,臺北市士林區中正路510號
士林區,WVA00764,後港里,臺北市士林區中正路510號,"25.09185,121.517206",1,"265 ",士林分局,,臺北市士林區中正路510號
士林區,WVA00765,後港里,臺北市士林區中正路510號,"25.09185,121.517206",1,"282 ",士林分局,,臺北市士林區中正路510號
士林區,WVA00829,後港里,臺北市士林區士商路150號,"25.094992,121.516347",1,"1565 ",士林分局,,臺北市士林區士商路150號
士林區,WVA02869,後港里,臺北市士林區中正路510號,"25.09185,121.517206",1,"1269 ",士林分局,,臺北市士林區中正路510號
士林區,WVA03205,後港里,臺北市士林區中正路510號,"25.09185,121.517206",1,"2733 ",士林分局,,臺北市士林區中正路510號
士林區,WVA01382,後港里,臺北市士林區承德路五段80號,"25.094632,121.514231",1,"1302 ",士林分局,,臺北市士林區承德路五段80號
士林區,WVA01381,後港里,臺北市士林區承德路五段78號,"25.093805,121.514517",1,"576 ",士林分局,,臺北市士林區承德路五段78號
士林區,WVA01494,富光里,臺北市士林區延平北路五段109號,"25.081453,121.510358",1,"664 ",士林分局,,臺北市士林區延平北路五段109號
士林區,WVA01496,富光里,臺北市士林區延平北路五段151號,"25.082418,121.510159",1,"36 ",士林分局,,臺北市士林區延平北路五段151號
士林區,WVA01505,富光里,臺北市士林區延平北路五段71號,"25.080679,121.510582",1,"33 ",士林分局,,臺北市士林區延平北路五段71號
士林區,WVA01539,富光里,臺北市士林區延平北路五段59巷17號,"25.080335,121.510185",1,"68 ",士林分局,,臺北市士林區延平北路五段59巷17號
士林區,WVA01540,富光里,臺北市士林區延平北路五段59巷6號,"25.08047,121.510375",1,"58 ",士林分局,,臺北市士林區延平北路五段59巷6號
士林區,WVA01918,富光里,臺北市士林區葫蘆街11巷1號,"25.079578,121.510251",1,"58 ",士林分局,,臺北市士林區葫蘆街11巷1號
士林區,WVA01919,富光里,臺北市士林區葫蘆街11巷5號,"25.079498,121.51025",1,"41 ",士林分局,,臺北市士林區葫蘆街11巷5號
士林區,WVA01920,富光里,臺北市士林區葫蘆街11巷9號,"25.079407,121.510245",1,"136 ",士林分局,,臺北市士林區葫蘆街11巷9號
士林區,WVA02541,富光里,臺北市士林區葫蘆街28-1號,"25.080141,121.50993",1,"136 ",士林分局,,臺北市士林區葫蘆街28-1號
士林區,WVA02708,富光里,臺北市士林區葫蘆街40巷27號,"25.081123,121.509519",1,"574 ",士林分局,,臺北市士林區葫蘆街40巷27號
士林區,WVA02803,富光里,臺北市士林區葫蘆街23巷10號,"25.079239,121.510028",1,"109 ",士林分局,,臺北市士林區葫蘆街23巷10號
士林區,WVA03276,富光里,臺北市士林區延平北路五段69號,"25.080646,121.510594",1,"514 ",士林分局,,臺北市士林區延平北路五段69號
士林區,WVA01541,富光里,臺北市士林區延平北路五段83巷12-1號,"25.081136,121.510187",1,"22 ",士林分局,,臺北市士林區延平北路五段83巷12-1號
士林區,WVA01915,富光里,臺北市士林區葫蘆街56號,"25.080414,121.509016",1,"501 ",士林分局,,臺北市士林區葫蘆街56號
士林區,WVA01921,富光里,臺北市士林區葫蘆街30巷54號,"25.081619,121.510025",1,"32 ",士林分局,,臺北市士林區葫蘆街30巷54號
士林區,WVA01922,富光里,臺北市士林區葫蘆街30巷14號,"25.080385,121.509933",1,"44 ",士林分局,,臺北市士林區葫蘆街30巷14號
士林區,WVA02542,富光里,臺北市士林區葫蘆街33號,"25.079975,121.509722",1,"318 ",士林分局,,臺北市士林區葫蘆街33號
士林區,WVA02544,富光里,臺北市士林區葫蘆街29巷24號,"25.079284,121.509888",1,"52 ",士林分局,,臺北市士林區葫蘆街29巷24號
士林區,WVA02545,富光里,臺北市士林區葫蘆街29巷30號,"25.079131,121.509889",1,"126 ",士林分局,,臺北市士林區葫蘆街29巷30號
士林區,WVA02546,富光里,臺北市士林區葫蘆街30巷37號,"25.081792,121.509908",1,"90 ",士林分局,,臺北市士林區葫蘆街30巷37號
士林區,WVA02547,富光里,臺北市士林區葫蘆街30巷35弄14號,"25.081782,121.509514",1,"36 ",士林分局,,臺北市士林區葫蘆街30巷35弄14號
士林區,WVA01513,富光里,臺北市士林區延平北路五段147巷2號,"25.082336,121.509843",1,"56 ",士林分局,,臺北市士林區延平北路五段147巷2號
士林區,WVA01912,富光里,臺北市士林區葫蘆街41號,"25.08001,121.509418",1,"73 ",士林分局,,臺北市士林區葫蘆街41號
士林區,WVA01913,富光里,臺北市士林區葫蘆街42號,"25.080203,121.509459",1,"45 ",士林分局,,臺北市士林區葫蘆街42號
士林區,WVA01914,富光里,臺北市士林區葫蘆街48-2號,"25.080264,121.509213",1,"214 ",士林分局,,臺北市士林區葫蘆街48-2號
士林區,WVA01916,富光里,臺北市士林區葫蘆街57號,"25.080162,121.508962",1,"78 ",士林分局,,臺北市士林區葫蘆街57號
士林區,WVA01917,富光里,臺北市士林區葫蘆街63號,"25.080172,121.508852",1,"156 ",士林分局,,臺北市士林區葫蘆街63號
士林區,WVA01924,富光里,臺北市士林區葫蘆街70巷8號,"25.081185,121.508832",1,"122 ",士林分局,,臺北市士林區葫蘆街70巷8號
士林區,WVA01926,富光里,臺北市士林區葫蘆街47巷2號,"25.079882,121.509182",1,"316 ",士林分局,,臺北市士林區葫蘆街47巷2號
士林區,WVA01927,富光里,臺北市士林區葫蘆街47巷7號,"25.079594,121.509283",1,"114 ",士林分局,,臺北市士林區葫蘆街47巷7號
士林區,WVA01928,富光里,臺北市士林區葫蘆街61巷2號,"25.079982,121.508759",1,"170 ",士林分局,,臺北市士林區葫蘆街61巷2號
士林區,WVA01929,富光里,臺北市士林區葫蘆街61巷3號,"25.079877,121.508883",1,"197 ",士林分局,,臺北市士林區葫蘆街61巷3號
士林區,WVA02543,富光里,臺北市士林區葫蘆街71號,"25.080445,121.508702",1,"654 ",士林分局,,臺北市士林區葫蘆街71號
士林區,WVA02549,富光里,臺北市士林區葫蘆街40巷1號,"25.080355,121.50942",1,"277 ",士林分局,,臺北市士林區葫蘆街40巷1號
士林區,WVA02550,富光里,臺北市士林區葫蘆街61巷7號,"25.079768,121.508852",1,"332 ",士林分局,,臺北市士林區葫蘆街61巷7號
士林區,WVA01514,富光里,臺北市士林區延平北路五段163巷35弄18號,"25.082118,121.508849",1,"178 ",士林分局,,臺北市士林區延平北路五段163巷35弄18號
士林區,WVA01542,富光里,臺北市士林區延平北路五段83巷28弄17號,"25.081647,121.509003",1,"325 ",士林分局,,臺北市士林區延平北路五段83巷28弄17號
士林區,WVA01923,富光里,臺北市士林區延平北路五段83巷28弄1號,"25.081285,121.509512",1,"440 ",士林分局,,臺北市士林區延平北路五段83巷28弄1號
士林區,WVA01925,富光里,臺北市士林區葫蘆街72號,"25.081413,121.508494",1,"220 ",士林分局,,臺北市士林區葫蘆街72號
士林區,WVA01933,富光里,臺北市士林區延平北路五段163巷37號,"25.082621,121.508763",1,"286 ",士林分局,,臺北市士林區延平北路五段163巷37號
士林區,WVA01936,富光里,臺北市士林區延平北路五段163巷43號,"25.082621,121.508582",1,"98 ",士林分局,,臺北市士林區延平北路五段163巷43號
士林區,WVA01937,富光里,臺北市士林區延平北路五段83巷28弄29號,"25.082018,121.509109",1,"21 ",士林分局,,臺北市士林區延平北路五段83巷28弄29號
士林區,WVA01938,富光里,臺北市士林區延平北路五段163巷35弄29號,"25.082032,121.508671",1,"48 ",士林分局,,臺北市士林區延平北路五段163巷35弄29號
士林區,WVA01939,富光里,臺北市士林區葫蘆街104巷10弄4號,"25.082189,121.508443",1,"348 ",士林分局,,臺北市士林區葫蘆街104巷10弄4號
士林區,WVA02539,富光里,臺北市士林區葫蘆街108號,"25.082536,121.508114",1,"1310 ",士林分局,,臺北市士林區葫蘆街108號
士林區,WVA02548,富光里,臺北市士林區葫蘆街30巷41弄16號,"25.082068,121.509488",1,"554 ",士林分局,,臺北市士林區葫蘆街30巷41弄16號
士林區,WVA02551,富光里,臺北市士林區葫蘆街70巷7號,"25.08136,121.508776",1,"233 ",士林分局,,臺北市士林區葫蘆街70巷7號
士林區,WVA02916,富光里,臺北市士林區延平北路五段1巷36號,"25.079062,121.510375",2,"1354 ",士林分局,,臺北市士林區延平北路五段1巷36號
士林區,WVA01503,富光里,臺北市士林區延平北路五段3號,"25.079169,121.511073",1,"262 ",士林分局,,臺北市士林區延平北路五段3號
士林區,WVA01506,富光里,臺北市士林區延平北路五段9號,"25.079293,121.511022",1,"532 ",士林分局,,臺北市士林區延平北路五段9號
士林區,WVA02885,富光里,臺北市士林區延平北路五段1號之1,"25.079065,121.511107",2,"198 ",士林分局,,臺北市士林區延平北路五段1號之1
士林區,WVA03163,富光里,臺北市士林區延平北路五段23號,"25.079598,121.510864",1,"1714 ",士林分局,,臺北市士林區延平北路五段23號
士林區,WVA00003,富洲里,臺北市士林區延平北路九段217號,"25.107928,121.47111",1,"82 ",士林分局,,臺北市士林區延平北路九段217號
士林區,WVA01493,富洲里,臺北市士林區延平北路八段135號,"25.105862,121.48244",1,"413 ",士林分局,,臺北市士林區延平北路八段135號
士林區,WVA00001,富洲里,臺北市士林區延平北路九段212號,"25.108322,121.470938",1,"781 ",士林分局,,臺北市士林區延平北路九段212號
士林區,WVA03210,菁山里,臺北市士林區菁山路131巷18號之1,"25.143103,121.568715",1,"217 ",士林分局,,臺北市士林區菁山路131巷18號之1
