電腦編號,類別,村里,地址,地下層數,容量,轄管所別,備註,placemark_address
H9A00001,大樓,竹南里,苗栗縣竹南鎮和平街79號,1.0,3142.0,竹南,,苗栗縣竹南鎮和平街79號
H9A00002,照南國中,佳興里,苗栗縣竹南鎮公教路2號,1.0,564.0,竹南,,苗栗縣竹南鎮公教路2號
H9A00003,竹南高中,正南里,苗栗縣竹南鎮中正路98號,1.0,16.0,竹南,,苗栗縣竹南鎮中正路98號
H9A00004,大樓,山佳里,苗栗縣竹南鎮龍山路三段142號,1.0,1072.0,竹南,,苗栗縣竹南鎮龍山路三段142號
H9A00005,公寓,埔頂里,苗栗縣後龍鎮中華路1498之2號,1.0,34.0,新港,,苗栗縣後龍鎮中華路1498之2號
H9A00006,公寓,大埔里,苗栗縣竹南鎮中埔街20號,1.0,100.0,大同,,苗栗縣竹南鎮中埔街20號
H9A00007,鼎元光電公司,崎頂里,苗栗縣竹南鎮仁愛路1387號,1.0,1289.0,大同,,苗栗縣竹南鎮仁愛路1387號
H9A00008,儒鴻企業,溪洲里,苗栗縣後龍鎮三好路39號,1.0,562.0,後龍,,苗栗縣後龍鎮三好路39號
H9A00009,超豐電子,崎頂里,苗栗縣竹南鎮和興路358號,1.0,7657.0,大同,,苗栗縣竹南鎮和興路358號
HNA00689,廣瀚開發,新南里,苗栗縣竹南鎮勝利街36號,1.0,2376.0,竹南,,苗栗縣竹南鎮勝利街36號
H9A00011,民景企業,山佳里,苗栗縣竹南鎮公義路230巷6號,1.0,5406.0,竹南,,苗栗縣竹南鎮公義路230巷6號
H9A00013,仁德醫校,溪洲里,"24.6218104855099, 120.7812593969667",1.0,740.0,後龍,"24.6218104855099, 120.7812593969667","24.6218104855099, 120.7812593969667"
H9A00014,仁德醫校,溪洲里,"24.6218104855099, 120.7812593969667",1.0,894.0,後龍,"24.6218104855099, 120.7812593969667","24.6218104855099, 120.7812593969667"
H9A00015,年興紡織公司,東明里,苗栗縣後龍鎮東明里8鄰下浮尾119之3號,1.0,665.0,後龍,,苗栗縣後龍鎮東明里8鄰下浮尾119之3號
HNA00016,育達科技大學,談文村,苗栗縣造橋鄉學府路168號,1.0,7290.0,談文,,苗栗縣造橋鄉學府路168號
H9A00017,彰化銀行,中華里,苗栗縣竹南鎮環市路2段110號,1.0,654.0,中港,,苗栗縣竹南鎮環市路2段110號
H9A00019,友旺科技公司陳來毅,公義里,苗栗縣竹南鎮友義路77號,1.0,898.0,大同,,苗栗縣竹南鎮友義路77號
H9A00020,公寓,佳興里,苗栗縣竹南鎮公義路178巷12號,1.0,93.0,竹南,,苗栗縣竹南鎮公義路178巷12號
HNA00083,竹興國小,竹興里,苗栗縣竹南鎮竹圍街27號,1.0,187.0,中港海口,,苗栗縣竹南鎮竹圍街27號
HNA00003,公寓,公館里,苗栗縣竹南鎮公館仔74號,1.0,61.0,談文,,苗栗縣竹南鎮公館仔74號
HNA00007,公寓,公館里,苗栗縣竹南鎮公館仔68號,1.0,100.0,談文,,苗栗縣竹南鎮公館仔68號
HNA00013,公寓,朝陽村,苗栗縣造橋鄉朝陽路107號,1.0,540.0,談文,,苗栗縣造橋鄉朝陽路107號
HNA00019,公寓,照南里,苗栗縣竹南鎮博愛街42號,1.0,140.0,竹南,,苗栗縣竹南鎮博愛街42號
HNA00020,公寓,照南里,苗栗縣竹南鎮博愛街44號,1.0,144.0,竹南,,苗栗縣竹南鎮博愛街44號
HNA00021,公寓,龍昇村,苗栗縣造橋鄉龍昇村中潭11鄰21號之1號,1.0,141.0,竹南,,苗栗縣造橋鄉龍昇村中潭11鄰21號之1號
HNA00022,公寓,照南里,苗栗縣竹南鎮民族街97號,1.0,186.0,竹南,,苗栗縣竹南鎮民族街97號
HNA00024,公寓,照南里,苗栗縣竹南鎮博愛街128號,1.0,29.0,竹南,,苗栗縣竹南鎮博愛街128號
HNA00025,公寓,照南里,苗栗縣竹南鎮照南里12鄰博愛街56號,1.0,36.0,竹南,,苗栗縣竹南鎮照南里12鄰博愛街56號
HNA00026,公寓,照南里,苗栗縣竹南鎮照南里12鄰博愛街52號,1.0,22.0,竹南,,苗栗縣竹南鎮照南里12鄰博愛街52號
HNA00027,公寓,照南里,苗栗縣竹南鎮照南里12鄰博愛街54號,1.0,22.0,竹南,,苗栗縣竹南鎮照南里12鄰博愛街54號
HNA00028,公寓,照南里,苗栗縣竹南鎮民族街95號,1.0,32.0,竹南,,苗栗縣竹南鎮民族街95號
HNA00029,公寓,照南里,苗栗縣竹南鎮照南里15鄰自由街157號,1.0,28.0,竹南,,苗栗縣竹南鎮照南里15鄰自由街157號
HNA00030,公寓,照南里,苗栗縣竹南鎮照南里15鄰博愛街106之1號,1.0,33.0,竹南,,苗栗縣竹南鎮照南里15鄰博愛街106之1號
HNA00031,公寓,竹南里,苗栗縣竹南鎮竹南里17鄰敦化街1號,1.0,29.0,竹南,,苗栗縣竹南鎮竹南里17鄰敦化街1號
HNA00032,南光醫院,竹南里,苗栗縣竹南鎮竹南里16鄰延平路11號,1.0,248.0,竹南,,苗栗縣竹南鎮竹南里16鄰延平路11號
HNA00033,大樓,竹南里,苗栗縣竹南鎮竹南里17鄰博愛街133號,1.0,753.0,竹南,,苗栗縣竹南鎮竹南里17鄰博愛街133號
HNA00034,公寓,竹南里,苗栗縣竹南鎮竹南里20鄰大營路166之3號,1.0,22.0,竹南,,苗栗縣竹南鎮竹南里20鄰大營路166之3號
HNA00035,公寓,竹南里,苗栗縣竹南鎮竹南里20鄰大營路164號,1.0,30.0,竹南,,苗栗縣竹南鎮竹南里20鄰大營路164號
HNA00036,公寓,竹南里,苗栗縣竹南鎮竹南里20鄰大營路160號,1.0,37.0,竹南,,苗栗縣竹南鎮竹南里20鄰大營路160號
HNA00037,公寓,竹南里,苗栗縣竹南鎮竹南里20鄰大營路150號,1.0,32.0,竹南,,苗栗縣竹南鎮竹南里20鄰大營路150號
HNA00038,公寓,竹南里,苗栗縣竹南鎮竹南里20鄰大營路48之1號,1.0,64.0,竹南,,苗栗縣竹南鎮竹南里20鄰大營路48之1號
HNA00039,國泰人壽保險,竹南里,苗栗縣竹南鎮竹南里博愛街217號,1.0,266.0,竹南,,苗栗縣竹南鎮竹南里博愛街217號
HNA00040,公寓,竹南里,苗栗縣竹南鎮康德街50號,1.0,240.0,竹南,,苗栗縣竹南鎮康德街50號
HNA00041,公寓,竹南里,苗栗縣竹南鎮竹南里17鄰博愛街123號,1.0,248.0,竹南,,苗栗縣竹南鎮竹南里17鄰博愛街123號
HNA00042,公寓,聖福里,苗栗縣竹南鎮聖福里9鄰公教路148號,1.0,101.0,竹南,,苗栗縣竹南鎮聖福里9鄰公教路148號
HNA00043,公寓,聖福里,苗栗縣竹南鎮聖福里11鄰公教路189巷6號,1.0,41.0,竹南,,苗栗縣竹南鎮聖福里11鄰公教路189巷6號
HNA00044,公寓,聖福里,苗栗縣竹南鎮聖福里12鄰建國路288巷7號,1.0,36.0,竹南,,苗栗縣竹南鎮聖福里12鄰建國路288巷7號
HNA00045,公寓,聖福里,苗栗縣竹南鎮聖福里12鄰建國路288巷79弄17號,1.0,33.0,竹南,,苗栗縣竹南鎮聖福里12鄰建國路288巷79弄17號
HNA00046,公寓,照南里,苗栗縣竹南鎮照南里15鄰博愛街132號,1.0,34.0,竹南,,苗栗縣竹南鎮照南里15鄰博愛街132號
HNA00047,公寓,照南里,苗栗縣竹南鎮照南里16鄰博愛街140巷50號,1.0,28.0,竹南,,苗栗縣竹南鎮照南里16鄰博愛街140巷50號
HNA00048,公寓,照南里,苗栗縣竹南鎮照南里11鄰博愛街46號,1.0,140.0,竹南,,苗栗縣竹南鎮照南里11鄰博愛街46號
HNA00050,公寓,照南里,苗栗縣竹南鎮民族街93號,1.0,34.0,竹南,,苗栗縣竹南鎮民族街93號
HNA00054,公寓,正南里,苗栗縣竹南鎮正南里14鄰中正路52號,1.0,26.0,竹南,,苗栗縣竹南鎮正南里14鄰中正路52號
HNA00055,公寓,正南里,苗栗縣竹南鎮正南里10鄰中山路49號,1.0,60.0,竹南,,苗栗縣竹南鎮正南里10鄰中山路49號
HNA00056,公寓,正南里,苗栗縣竹南鎮正南里9鄰中正路28號（10號）,1.0,10.0,竹南,,苗栗縣竹南鎮正南里9鄰中正路28號（10號）
HNA00057,慈佑醫院,正南里,苗栗縣竹南鎮正南里16鄰民治街17之1號,1.0,1161.0,竹南,,苗栗縣竹南鎮正南里16鄰民治街17之1號
HNA00058,公寓,正南里,苗栗縣竹南鎮正南里15鄰光復路6之6號,1.0,213.0,竹南,,苗栗縣竹南鎮正南里15鄰光復路6之6號
HNA00059,公寓,營盤里,苗栗縣竹南鎮營盤里20鄰營盤邊53之6號,1.0,60.0,竹南,,苗栗縣竹南鎮營盤里20鄰營盤邊53之6號
HNA00060,公寓,營盤里,苗栗縣竹南鎮營盤里17鄰建國路291號,1.0,53.0,竹南,,苗栗縣竹南鎮營盤里17鄰建國路291號
HNA00061,公寓,營盤里,苗栗縣竹南鎮營盤里17鄰建國路277號,1.0,30.0,竹南,,苗栗縣竹南鎮營盤里17鄰建國路277號
HNA00062,大樓,營盤里,苗栗縣竹南鎮營盤里14鄰環市路三段69號,1.0,1409.0,竹南,,苗栗縣竹南鎮營盤里14鄰環市路三段69號
HNA00063,大樓,營盤里,苗栗縣竹南鎮營盤里15鄰博愛街340巷30號,1.0,804.0,竹南,,苗栗縣竹南鎮營盤里15鄰博愛街340巷30號
HNA00064,公寓,營盤里,苗栗縣竹南鎮營盤里19鄰營盤邊64之1號,1.0,62.0,竹南,,苗栗縣竹南鎮營盤里19鄰營盤邊64之1號
HNA00065,公寓,營盤里,苗栗縣竹南鎮營盤里19鄰營盤邊64之3號,1.0,22.0,竹南,,苗栗縣竹南鎮營盤里19鄰營盤邊64之3號
HNA00066,公寓,營盤里,苗栗縣竹南鎮營盤里19鄰營盤邊64之4號,1.0,22.0,竹南,,苗栗縣竹南鎮營盤里19鄰營盤邊64之4號
HNA00067,公寓,營盤里,苗栗縣竹南鎮營盤里19鄰營盤邊64之5號,1.0,22.0,竹南,,苗栗縣竹南鎮營盤里19鄰營盤邊64之5號
HNA00068,公寓,營盤里,苗栗縣竹南鎮營盤里19鄰營盤邊64之6號,1.0,22.0,竹南,,苗栗縣竹南鎮營盤里19鄰營盤邊64之6號
HNA00069,公寓,竹南里,苗栗縣竹南鎮竹南里4鄰民權街12號,1.0,57.0,竹南,,苗栗縣竹南鎮竹南里4鄰民權街12號
HNA00070,公寓,竹南里,苗栗縣竹南鎮竹南里7鄰光復路74號,1.0,22.0,竹南,,苗栗縣竹南鎮竹南里7鄰光復路74號
HNA00071,公寓,竹南里,苗栗縣竹南鎮民權街9號,1.0,32.0,竹南,,苗栗縣竹南鎮民權街9號
HNA00072,公寓,竹南里,苗栗縣竹南鎮竹南里11鄰博愛街49號,1.0,66.0,竹南,,苗栗縣竹南鎮竹南里11鄰博愛街49號
HNA00073,公寓,竹南里,苗栗縣竹南鎮竹南里6鄰光復路90號,1.0,40.0,竹南,,苗栗縣竹南鎮竹南里6鄰光復路90號
HNA00074,公寓,竹南里,苗栗縣竹南鎮竹南里11鄰和平街106號,1.0,18.0,竹南,,苗栗縣竹南鎮竹南里11鄰和平街106號
HNA00075,公寓,竹南里,苗栗縣竹南鎮竹南里9鄰民族街83號,1.0,173.0,竹南,,苗栗縣竹南鎮竹南里9鄰民族街83號
HNA00076,竹信合作社,竹南里,苗栗縣竹南鎮竹南里11鄰光復路88號,1.0,292.0,竹南,,苗栗縣竹南鎮竹南里11鄰光復路88號
HNA00077,大樓,竹南里,苗栗縣竹南鎮竹南里12鄰民權街69號,1.0,7098.0,竹南,,苗栗縣竹南鎮竹南里12鄰民權街69號
HNA00078,大樓,竹南里,苗栗縣竹南鎮竹南里12鄰民權街51巷51號,1.0,7098.0,竹南,,苗栗縣竹南鎮竹南里12鄰民權街51巷51號
HNA00079,公寓,竹南里,苗栗縣竹南鎮和平街100號,1.0,90.0,竹南,,苗栗縣竹南鎮和平街100號
HNA00080,公寓,竹南里,苗栗縣竹南鎮竹南里5鄰中山路61號,1.0,180.0,竹南,,苗栗縣竹南鎮竹南里5鄰中山路61號
HNA00081,公寓,竹南里,苗栗縣竹南鎮竹南里5鄰中山路83號,1.0,20.0,竹南,,苗栗縣竹南鎮竹南里5鄰中山路83號
HNA00082,公寓,竹南里,苗栗縣竹南鎮竹南里4鄰民權街14號,1.0,40.0,竹南,,苗栗縣竹南鎮竹南里4鄰民權街14號
HNA00091,公寓,大山里,苗栗縣後龍鎮大山里12鄰下大山腳1之2號,1.0,298.0,大山,,苗栗縣後龍鎮大山里12鄰下大山腳1之2號
HNA00092,公寓,大山里,苗栗縣後龍鎮大山里1鄰龍山路50號,1.0,214.0,大山,,苗栗縣後龍鎮大山里1鄰龍山路50號
HNA00095,公寓,埔頂里,苗栗縣後龍鎮埔頂里15鄰中華路711號,1.0,168.0,新港,,苗栗縣後龍鎮埔頂里15鄰中華路711號
HNA00098,公寓,龍坑里,苗栗縣後龍鎮龍坑里15鄰十班坑153之9號,1.0,157.0,聯港,,苗栗縣後龍鎮龍坑里15鄰十班坑153之9號
HNA00100,公寓,龍津里,苗栗縣後龍鎮公司寮90號,1.0,57.0,聯港,,苗栗縣後龍鎮公司寮90號
HNA00101,公寓,龍津里,苗栗縣後龍鎮龍津里16鄰169之4號,1.0,340.0,聯港,,苗栗縣後龍鎮龍津里16鄰169之4號
HNA00104,公寓,豐湖村,苗栗縣造橋鄉豐湖村1鄰乳姑山2號,1.0,187.0,造橋,,苗栗縣造橋鄉豐湖村1鄰乳姑山2號
HNA00105,造橋鄉公所,造橋村,苗栗縣造橋鄉造橋村1鄰2之1號,1.0,193.0,造橋,,苗栗縣造橋鄉造橋村1鄰2之1號
HNA00107,造橋鄉農會,造橋村,苗栗縣造橋鄉造橋村1鄰平仁路34號,1.0,61.0,造橋,,苗栗縣造橋鄉造橋村1鄰平仁路34號
HNA00109,造橋分駐所,造橋村,苗栗縣造橋鄉造橋村3鄰平仁路51號,1.0,98.0,造橋,,苗栗縣造橋鄉造橋村3鄰平仁路51號
HNA00111,"強安威勝
股份有限公司",造橋村,"24.639891576289617, 120.86660685282855",1.0,62.0,造橋,"24.639891576289617, 120.86660685282855","24.639891576289617, 120.86660685282855"
HNA00112,公寓,大西村,苗栗縣造橋鄉大西村8鄰十字路70之3號,1.0,122.0,造橋,,苗栗縣造橋鄉大西村8鄰十字路70之3號
HNA00113,公寓,造橋村,苗栗縣造橋鄉造橋村13鄰東興路5號,1.0,53.0,造橋,,苗栗縣造橋鄉造橋村13鄰東興路5號
HNA00114,竹南鎮農會信用部中港分部,中港里,苗栗縣竹南鎮中港里7鄰中正路535號,1.0,36.0,中港海口,,苗栗縣竹南鎮中港里7鄰中正路535號
HNA00115,公寓,中港里,苗栗縣竹南鎮中港里12鄰中正路435號,1.0,14.0,中港海口,,苗栗縣竹南鎮中港里12鄰中正路435號
HNA00116,公寓,中港里,苗栗縣竹南鎮中港里5鄰八德街39號,1.0,72.0,中港海口,,苗栗縣竹南鎮中港里5鄰八德街39號
HNA00118,聯順造紙,中美里,苗栗縣竹南鎮中美里8鄰6之1號,1.0,109.0,中港海口,,苗栗縣竹南鎮中美里8鄰6之1號
HNA00119,耶蘇基督聖教會,中美里,苗栗縣竹南鎮中美里7鄰21號,1.0,36.0,中港海口,,苗栗縣竹南鎮中美里7鄰21號
HNA00121,公寓,中華里,苗栗縣竹南鎮中華里1鄰新生路159號,1.0,89.0,中港海口,,苗栗縣竹南鎮中華里1鄰新生路159號
HNA00122,公寓,中華里,苗栗縣竹南鎮中華里15鄰新生路258號,1.0,421.0,中港海口,,苗栗縣竹南鎮中華里15鄰新生路258號
HNA00123,公寓,中華里,苗栗縣竹南鎮中華里16鄰萬大街88號,1.0,305.0,中港海口,,苗栗縣竹南鎮中華里16鄰萬大街88號
HNA00124,大樓,中華里,苗栗縣竹南鎮中華里15鄰萬大街48號,1.0,1465.0,中港海口,,苗栗縣竹南鎮中華里15鄰萬大街48號
HNA00125,大樓,中華里,苗栗縣竹南鎮中華里15鄰萬壽街69號,1.0,941.0,中港海口,,苗栗縣竹南鎮中華里15鄰萬壽街69號
HNA00126,公寓,中華里,苗栗縣竹南鎮中華里16鄰萬壽街56號,1.0,33.0,中港海口,,苗栗縣竹南鎮中華里16鄰萬壽街56號
HNA00127,公寓,中華里,苗栗縣竹南鎮中華里16鄰萬大街74號,1.0,33.0,中港海口,,苗栗縣竹南鎮中華里16鄰萬大街74號
HNA00128,公寓,中華里,苗栗縣竹南鎮中華里16鄰萬大街70號,1.0,33.0,中港海口,,苗栗縣竹南鎮中華里16鄰萬大街70號
HNA00129,竹建瓦斯,中華里,苗栗縣竹南鎮中華里15鄰環市路三段107號,1.0,368.0,中港海口,,苗栗縣竹南鎮中華里15鄰環市路三段107號
HNA00130,公寓,中華里,苗栗縣竹南鎮新生路260號,1.0,30.0,中港海口,,苗栗縣竹南鎮新生路260號
HNA00131,台灣聖教會,中華里,苗栗縣竹南鎮中華里1鄰中正路212號,1.0,81.0,中港海口,,苗栗縣竹南鎮中華里1鄰中正路212號
HNA00132,南龍區漁會,中華里,苗栗縣竹南鎮中華里13鄰民生路52號,1.0,56.0,中港海口,,苗栗縣竹南鎮中華里13鄰民生路52號
HNA00134,大樓,中華里,苗栗縣竹南鎮中華里18鄰環市路41號,1.0,3757.0,中港海口,,苗栗縣竹南鎮中華里18鄰環市路41號
HNA00135,大樓,中華里,苗栗縣竹南鎮中華里16鄰環市路二段259號,1.0,6336.0,中港海口,,苗栗縣竹南鎮中華里16鄰環市路二段259號
HNA00137,公寓,龍鳯里,苗栗縣竹南鎮龍鳯里7鄰後厝路26號,1.0,124.0,竹南,,苗栗縣竹南鎮龍鳯里7鄰後厝路26號
HNA00139,公寓,龍鳯里,苗栗縣竹南鎮龍鳯里5鄰山寮56之3號,1.0,33.0,竹南,,苗栗縣竹南鎮龍鳯里5鄰山寮56之3號
HNA00140,大樓,照南里,苗栗縣竹南鎮照南里10鄰三泰街18號,1.0,1196.0,竹南,,苗栗縣竹南鎮照南里10鄰三泰街18號
HNA00141,公寓,照南里,苗栗縣竹南鎮照南里9鄰光復路290號,1.0,16.0,竹南,,苗栗縣竹南鎮照南里9鄰光復路290號
HNA00142,公寓,照南里,苗栗縣竹南鎮照南里3鄰光復路184巷8號,1.0,40.0,竹南,,苗栗縣竹南鎮照南里3鄰光復路184巷8號
HNA00143,公寓,照南里,苗栗縣竹南鎮照南里20鄰光復路344號,1.0,64.0,竹南,,苗栗縣竹南鎮照南里20鄰光復路344號
HNA00144,公寓,照南里,苗栗縣竹南鎮照南里9鄰光復路304號,1.0,66.0,竹南,,苗栗縣竹南鎮照南里9鄰光復路304號
HNA00145,公寓,聖福里,苗栗縣竹南鎮聖福里20鄰建國路288巷79弄44之2號,1.0,197.0,竹南,,苗栗縣竹南鎮聖福里20鄰建國路288巷79弄44之2號
HNA00146,公寓,聖福里,苗栗縣竹南鎮聖福里20鄰建國路288巷79弄44之15號,1.0,190.0,竹南,,苗栗縣竹南鎮聖福里20鄰建國路288巷79弄44之15號
HNA00147,公寓,聖福里,苗栗縣竹南鎮聖福里20鄰建國路288巷79弄44之1號,1.0,197.0,竹南,,苗栗縣竹南鎮聖福里20鄰建國路288巷79弄44之1號
HNA00148,公寓,聖福里,苗栗縣竹南鎮聖福里20鄰建國路288巷79弄44之17號,1.0,329.0,竹南,,苗栗縣竹南鎮聖福里20鄰建國路288巷79弄44之17號
HNA00149,公寓,聖福里,苗栗縣竹南鎮聖福里20鄰建國路288巷79弄44之7號,1.0,94.0,竹南,,苗栗縣竹南鎮聖福里20鄰建國路288巷79弄44之7號
HNA00150,公寓,聖福里,苗栗縣竹南鎮聖福里15鄰建國路288巷197號,1.0,56.0,竹南,,苗栗縣竹南鎮聖福里15鄰建國路288巷197號
HNA00151,公寓,聖福里,苗栗縣竹南鎮聖福里15鄰建國路288巷201號,1.0,33.0,竹南,,苗栗縣竹南鎮聖福里15鄰建國路288巷201號
HNA00152,公寓,聖福里,苗栗縣竹南鎮聖福里21鄰建國路79弄19號,1.0,309.0,竹南,,苗栗縣竹南鎮聖福里21鄰建國路79弄19號
HNA00153,公寓,聖福里,苗栗縣竹南鎮聖福里20鄰建國路288巷79弄42之13號,1.0,124.0,竹南,,苗栗縣竹南鎮聖福里20鄰建國路288巷79弄42之13號
HNA00154,公寓,聖福里,苗栗縣竹南鎮聖福里20鄰建國路288巷79弄42之17號,1.0,130.0,竹南,,苗栗縣竹南鎮聖福里20鄰建國路288巷79弄42之17號
HNA00155,公寓,聖福里,苗栗縣竹南鎮聖福里20鄰建國路288巷79弄44之5號,1.0,197.0,竹南,,苗栗縣竹南鎮聖福里20鄰建國路288巷79弄44之5號
HNA00156,公寓,聖福里,苗栗縣竹南鎮聖福里20鄰建國路288巷79弄44之13號,1.0,197.0,竹南,,苗栗縣竹南鎮聖福里20鄰建國路288巷79弄44之13號
HNA00157,公寓,聖福里,苗栗縣竹南鎮聖福里20鄰建國路288巷79弄44之9號,1.0,197.0,竹南,,苗栗縣竹南鎮聖福里20鄰建國路288巷79弄44之9號
HNA00158,公寓,聖福里,苗栗縣竹南鎮聖福里20鄰建國路288巷79弄44之3號,1.0,194.0,竹南,,苗栗縣竹南鎮聖福里20鄰建國路288巷79弄44之3號
HNA00159,公寓,聖福里,苗栗縣竹南鎮聖福里20鄰建國路288巷79弄42之11號,1.0,94.0,竹南,,苗栗縣竹南鎮聖福里20鄰建國路288巷79弄42之11號
HNA00160,公寓,聖福里,苗栗縣竹南鎮聖福里二20建國路288巷79弄42之1號,1.0,124.0,竹南,,苗栗縣竹南鎮聖福里二20建國路288巷79弄42之1號
HNA00161,公寓,聖福里,苗栗縣竹南鎮聖福里20鄰建國路288巷79弄42之5號,1.0,124.0,竹南,,苗栗縣竹南鎮聖福里20鄰建國路288巷79弄42之5號
HNA00162,公寓,聖福里,苗栗縣竹南鎮聖福里20鄰建國路288巷79弄42之9號,1.0,124.0,竹南,,苗栗縣竹南鎮聖福里20鄰建國路288巷79弄42之9號
HNA00163,公寓,聖福里,苗栗縣竹南鎮聖福里20鄰建國路288巷79弄42之3號,1.0,124.0,竹南,,苗栗縣竹南鎮聖福里20鄰建國路288巷79弄42之3號
HNA00164,公寓,聖福里,苗栗縣竹南鎮聖福里30鄰建國路288巷79弄42之15號,1.0,124.0,竹南,,苗栗縣竹南鎮聖福里30鄰建國路288巷79弄42之15號
HNA00441,公寓,新南里,苗栗縣竹南鎮新南里12鄰29之1號,1.0,24.0,竹南,,苗栗縣竹南鎮新南里12鄰29之1號
HNA00442,公寓,新南里,苗栗縣竹南鎮新南里14鄰崁頂街58號,1.0,33.0,竹南,,苗栗縣竹南鎮新南里14鄰崁頂街58號
HNA00431,公寓,新南里,苗栗縣竹南鎮新南里15鄰崁頂街46號,1.0,110.0,竹南,,苗栗縣竹南鎮新南里15鄰崁頂街46號
HNA00434,公寓,新南里,苗栗縣竹南鎮新南里16鄰崁頂街24號,1.0,21.0,竹南,,苗栗縣竹南鎮新南里16鄰崁頂街24號
HNA00683,友鴻觀光開發,新南里,苗栗縣竹南鎮新南里17鄰公園路106號,1.0,4136.0,竹南,,苗栗縣竹南鎮新南里17鄰公園路106號
HNA00437,公寓,新南里,苗栗縣竹南鎮新南里18鄰崁頂街22號,1.0,28.0,竹南,,苗栗縣竹南鎮新南里18鄰崁頂街22號
HNA00429,公寓,新南里,苗栗縣竹南鎮新南里18鄰崁頂街22號,1.0,21.0,竹南,,苗栗縣竹南鎮新南里18鄰崁頂街22號
HNA00178,竹南信用合作社,新南里,苗栗縣竹南鎮新南里19鄰東平路18之6號,1.0,292.0,竹南,,苗栗縣竹南鎮新南里19鄰東平路18之6號
HNA00169,公寓,新南里,苗栗縣竹南鎮新南里1鄰東平路23號,1.0,34.0,竹南,,苗栗縣竹南鎮新南里1鄰東平路23號
HNA00175,中油天然氣竹南服務處,新南里,苗栗縣竹南鎮新南里20鄰東平路101之8號,1.0,62.0,竹南,,苗栗縣竹南鎮新南里20鄰東平路101之8號
HNA00435,邸雅企業,新南里,苗栗縣竹南鎮新南里五谷王22鄰92號之2,1.0,1490.0,竹南,,苗栗縣竹南鎮新南里五谷王22鄰92號之2
HNA00438,公寓,新南里,苗栗縣竹南鎮新南里22鄰五谷王75號,1.0,37.0,竹南,,苗栗縣竹南鎮新南里22鄰五谷王75號
HNA00180,公寓,正南里,苗栗縣竹南鎮正南里6鄰中山路4之1號,1.0,25.0,竹南,,苗栗縣竹南鎮正南里6鄰中山路4之1號
HNA00181,公寓,正南里,苗栗縣竹南鎮正南里10鄰中山路45號,1.0,6.0,竹南,,苗栗縣竹南鎮正南里10鄰中山路45號
HNA00183,公寓,正南里,苗栗縣竹南鎮正南里15鄰福德路29號,1.0,110.0,竹南,,苗栗縣竹南鎮正南里15鄰福德路29號
HNA00184,公寓,正南里,苗栗縣竹南鎮正南里4鄰中山路46號,1.0,20.0,竹南,,苗栗縣竹南鎮正南里4鄰中山路46號
HNA00185,公寓,正南里,苗栗縣竹南鎮正南里10鄰中山路35號,1.0,28.0,竹南,,苗栗縣竹南鎮正南里10鄰中山路35號
HNA00186,公寓,正南里,苗栗縣竹南鎮正南里13鄰43號,1.0,60.0,竹南,,苗栗縣竹南鎮正南里13鄰43號
HNA00187,公寓,正南里,苗栗縣竹南鎮正南里6鄰中山路6號,1.0,22.0,竹南,,苗栗縣竹南鎮正南里6鄰中山路6號
HNA00188,公寓,正南里,苗栗縣竹南鎮正南里6鄰中山路8號,1.0,20.0,竹南,,苗栗縣竹南鎮正南里6鄰中山路8號
HNA00189,公寓,正南里,苗栗縣竹南鎮正南里19鄰和平街43號,1.0,89.0,竹南,,苗栗縣竹南鎮正南里19鄰和平街43號
HNA00190,公寓,營盤里,苗栗縣竹南鎮營盤里14鄰建國路100號,1.0,113.0,竹南,,苗栗縣竹南鎮營盤里14鄰建國路100號
HNA00191,公寓,營盤里,苗栗縣竹南鎮營盤里17鄰建國路84巷20號,1.0,36.0,竹南,,苗栗縣竹南鎮營盤里17鄰建國路84巷20號
HNA00192,公寓,營盤里,苗栗縣竹南鎮營盤里17鄰建國路84巷22號,1.0,36.0,竹南,,苗栗縣竹南鎮營盤里17鄰建國路84巷22號
HNA00193,公寓,營盤里,苗栗縣竹南鎮營盤里8鄰建智街25號,1.0,36.0,竹南,,苗栗縣竹南鎮營盤里8鄰建智街25號
HNA00194,公寓,營盤里,苗栗縣竹南鎮營盤里8鄰建智街27號,1.0,37.0,竹南,,苗栗縣竹南鎮營盤里8鄰建智街27號
HNA00195,公寓,營盤里,苗栗縣竹南鎮營盤里5鄰建國路100號,1.0,76.0,竹南,,苗栗縣竹南鎮營盤里5鄰建國路100號
HNA00196,公寓,營盤里,苗栗縣竹南鎮營盤里14鄰建國路84巷21之3號,1.0,80.0,竹南,,苗栗縣竹南鎮營盤里14鄰建國路84巷21之3號
HNA00197,公寓,營盤里,苗栗縣竹南鎮營盤里8鄰自由街184號,1.0,401.0,竹南,,苗栗縣竹南鎮營盤里8鄰自由街184號
HNA00198,公寓,營盤里,苗栗縣竹南鎮營盤里8鄰忠勤街56號,1.0,222.0,竹南,,苗栗縣竹南鎮營盤里8鄰忠勤街56號
HNA00199,公寓,營盤里,苗栗縣竹南鎮營盤里8鄰大營路304號建智街60號,1.0,602.0,竹南,,苗栗縣竹南鎮營盤里8鄰大營路304號建智街60號
HNA00200,公寓,營盤里,苗栗縣竹南鎮營盤里2鄰自由街104號,1.0,66.0,竹南,,苗栗縣竹南鎮營盤里2鄰自由街104號
HNA00201,公寓,營盤里,苗栗縣竹南鎮營盤里14鄰建國路80巷21之4號,1.0,53.0,竹南,,苗栗縣竹南鎮營盤里14鄰建國路80巷21之4號
HNA00202,公寓,大厝里,苗栗縣竹南鎮大厝里9鄰61之1號,1.0,26.0,竹南,,苗栗縣竹南鎮大厝里9鄰61之1號
HNA00203,公寓,大厝里,苗栗縣竹南鎮大厝里13鄰獅山75之3號,1.0,73.0,竹南,,苗栗縣竹南鎮大厝里13鄰獅山75之3號
HNA00204,公寓,大厝里,苗栗縣竹南鎮大厝里13鄰獅山76之1號,1.0,138.0,竹南,,苗栗縣竹南鎮大厝里13鄰獅山76之1號
HNA00205,公寓,大厝里,苗栗縣竹南鎮大厝里14鄰國泰路19號,1.0,50.0,竹南,,苗栗縣竹南鎮大厝里14鄰國泰路19號
HNA00206,公寓,大厝里,苗栗縣竹南鎮大厝里14鄰國泰路89之1號,1.0,94.0,竹南,,苗栗縣竹南鎮大厝里14鄰國泰路89之1號
HNA00207,公寓,大厝里,苗栗縣竹南鎮大厝里10鄰獅山5之12號,1.0,77.0,竹南,,苗栗縣竹南鎮大厝里10鄰獅山5之12號
HNA00208,公寓,大厝里,苗栗縣竹南鎮大厝里9鄰大厝59之12號,1.0,45.0,竹南,,苗栗縣竹南鎮大厝里9鄰大厝59之12號
HNA00209,公寓,大厝里,苗栗縣竹南鎮大厝里9鄰56號,1.0,165.0,竹南,,苗栗縣竹南鎮大厝里9鄰56號
HNA00210,公寓,山佳里,苗栗縣竹南鎮山佳里27鄰龍山路3段37之1號,1.0,272.0,竹南,,苗栗縣竹南鎮山佳里27鄰龍山路3段37之1號
HNA00211,大樓,山佳里,苗栗縣竹南鎮山佳里4鄰光復路512號,1.0,1277.0,竹南,,苗栗縣竹南鎮山佳里4鄰光復路512號
HNA00212,大樓,山佳里,苗栗縣竹南鎮山佳里21鄰佳北二街103號,1.0,1145.0,竹南,,苗栗縣竹南鎮山佳里21鄰佳北二街103號
HNA00213,大樓,山佳里,苗栗縣竹南鎮山佳里19鄰佳北二街68號,1.0,1589.0,竹南,,苗栗縣竹南鎮山佳里19鄰佳北二街68號
HNA00214,大樓,山佳里,苗栗縣竹南鎮山佳里9鄰佳北二街197巷15號,1.0,1890.0,竹南,,苗栗縣竹南鎮山佳里9鄰佳北二街197巷15號
HNA00215,大樓,山佳里,苗栗縣竹南鎮山佳里7鄰龍山路221號,1.0,2796.0,竹南,,苗栗縣竹南鎮山佳里7鄰龍山路221號
HNA00216,公寓,山佳里,苗栗縣竹南鎮山佳里11鄰中興街25號,1.0,274.0,竹南,,苗栗縣竹南鎮山佳里11鄰中興街25號
HNA00217,公寓,山佳里,苗栗縣竹南鎮山佳里27鄰中興街23、21號,1.0,276.0,竹南,,苗栗縣竹南鎮山佳里27鄰中興街23、21號
HNA00218,君毅中學,山佳里,苗栗縣竹南鎮山佳里28鄰華興街76號,1.0,958.0,竹南,,苗栗縣竹南鎮山佳里28鄰華興街76號
HNA00219,苗栗縣政府公教大樓,大厝里,苗栗縣竹南鎮大厝里18鄰大業街58號,1.0,2294.0,竹南,,苗栗縣竹南鎮大厝里18鄰大業街58號
HNA00220,公寓,大厝里,苗栗縣竹南鎮大厝里1鄰大業街120號,1.0,385.0,竹南,,苗栗縣竹南鎮大厝里1鄰大業街120號
HNA00222,公寓,佳興里,苗栗縣竹南鎮佳興里6鄰光復路470號,1.0,40.0,竹南,,苗栗縣竹南鎮佳興里6鄰光復路470號
HNA00223,公寓,佳興里,苗栗縣竹南鎮佳興里10鄰照南路116號,1.0,88.0,竹南,,苗栗縣竹南鎮佳興里10鄰照南路116號
HNA00224,公寓,佳興里,苗栗縣竹南鎮佳興里2鄰公義路154號,1.0,162.0,竹南,,苗栗縣竹南鎮佳興里2鄰公義路154號
HNA00225,公寓,山佳里,苗栗縣竹南鎮山佳里15鄰公義路230巷15號,1.0,45.0,竹南,,苗栗縣竹南鎮山佳里15鄰公義路230巷15號
HNA00227,公寓,佳興里,苗栗縣竹南鎮佳興里1鄰環市路3段559號,1.0,37.0,竹南,,苗栗縣竹南鎮佳興里1鄰環市路3段559號
HNA00228,公寓,佳興里,苗栗縣竹南鎮佳興里2鄰公義路172號,1.0,109.0,竹南,,苗栗縣竹南鎮佳興里2鄰公義路172號
HNA00229,公寓,佳興里,苗栗縣竹南鎮佳興里4鄰光復路420號,1.0,24.0,竹南,,苗栗縣竹南鎮佳興里4鄰光復路420號
HNA00230,公寓,山佳里,苗栗縣竹南鎮山佳里15鄰照南路86之2號,1.0,68.0,竹南,,苗栗縣竹南鎮山佳里15鄰照南路86之2號
HNA00231,公寓,山佳里,苗栗縣竹南鎮山佳里15鄰照南路36之5號,1.0,45.0,竹南,,苗栗縣竹南鎮山佳里15鄰照南路36之5號
HNA00232,公寓,佳興里,苗栗縣竹南鎮佳興里1鄰勝利街237號,1.0,117.0,竹南,,苗栗縣竹南鎮佳興里1鄰勝利街237號
HNA00233,冠昇食品,崎頂里,苗栗縣竹南鎮崎頂里8鄰山頂15號,1.0,352.0,大同,,苗栗縣竹南鎮崎頂里8鄰山頂15號
HNA00234,公寓,崎頂里,苗栗縣竹南鎮崎頂里13鄰仁愛路1365巷10號,1.0,100.0,大同,,苗栗縣竹南鎮崎頂里13鄰仁愛路1365巷10號
HNA00236,公寓,崎頂里,苗栗縣竹南鎮崎頂里15鄰尖山100號,1.0,34.0,大同,,苗栗縣竹南鎮崎頂里15鄰尖山100號
HNA00237,公寓,崎頂里,苗栗縣竹南鎮崎頂里16鄰和興路330號,1.0,204.0,大同,,苗栗縣竹南鎮崎頂里16鄰和興路330號
HNA00238,公寓,崎頂里,苗栗縣竹南鎮崎頂里16鄰和興路362號,1.0,304.0,大同,,苗栗縣竹南鎮崎頂里16鄰和興路362號
HNA00239,公寓,崎頂里,苗栗縣竹南鎮崎頂里16鄰和義街8號,1.0,102.0,大同,,苗栗縣竹南鎮崎頂里16鄰和義街8號
HNA00240,公寓,崎頂里,苗栗縣竹南鎮崎頂里15鄰仁愛路2095號,1.0,85.0,大同,,苗栗縣竹南鎮崎頂里15鄰仁愛路2095號
HNA00241,公寓,崎頂里,苗栗縣竹南鎮崎頂里16鄰仁愛路1359號,1.0,84.0,大同,,苗栗縣竹南鎮崎頂里16鄰仁愛路1359號
HNA00243,公寓,崎頂里,苗栗縣竹南鎮崎頂里16鄰和義街5號,1.0,58.0,大同,,苗栗縣竹南鎮崎頂里16鄰和義街5號
HNA00244,公寓,崎頂里,苗栗縣竹南鎮崎頂里16鄰和誠街16號,1.0,86.0,大同,,苗栗縣竹南鎮崎頂里16鄰和誠街16號
HNA00245,公寓,崎頂里,苗栗縣竹南鎮崎頂里16鄰和誠街30號,1.0,133.0,大同,,苗栗縣竹南鎮崎頂里16鄰和誠街30號
HNA00246,公寓,崎頂里,苗栗縣竹南鎮崎頂里16鄰和興路354號,1.0,108.0,大同,,苗栗縣竹南鎮崎頂里16鄰和興路354號
HNA00247,公寓,崎頂里,苗栗縣竹南鎮崎頂里15鄰和誠街18號,1.0,37.0,大同,,苗栗縣竹南鎮崎頂里15鄰和誠街18號
HNA00248,公寓,崎頂里,苗栗縣竹南鎮崎頂里16鄰和義街6號,1.0,180.0,大同,,苗栗縣竹南鎮崎頂里16鄰和義街6號
HNA00249,"經濟部竹南工業區
服務中心",崎頂里,苗栗縣竹南鎮崎頂里16鄰和興路336號,1.0,113.0,大同,,苗栗縣竹南鎮崎頂里16鄰和興路336號
HNA00250,公寓,崎頂里,苗栗縣竹南鎮崎頂里15鄰和誠街20號,1.0,61.0,大同,,苗栗縣竹南鎮崎頂里15鄰和誠街20號
HNA00251,公寓,崎頂里,苗栗縣竹南鎮崎頂里16鄰和興路346號,1.0,180.0,大同,,苗栗縣竹南鎮崎頂里16鄰和興路346號
HNA00252,公寓,崎頂里,苗栗縣竹南鎮崎頂里16鄰仁愛路1407號,1.0,400.0,大同,,苗栗縣竹南鎮崎頂里16鄰仁愛路1407號
HNA00253,公寓,崎頂里,苗栗縣竹南鎮崎頂里16鄰和誠街14號,1.0,66.0,大同,,苗栗縣竹南鎮崎頂里16鄰和誠街14號
HNA00254,公寓,崎頂里,苗栗縣竹南鎮崎頂里16鄰仁愛路1359號,1.0,121.0,大同,,苗栗縣竹南鎮崎頂里16鄰仁愛路1359號
HNA00255,公寓,崎頂里,苗栗縣竹南鎮崎頂里16鄰和誠街16號,1.0,42.0,大同,,苗栗縣竹南鎮崎頂里16鄰和誠街16號
HNA00256,公寓,崎頂里,苗栗縣竹南鎮崎頂里16鄰仁愛路381號,1.0,145.0,大同,,苗栗縣竹南鎮崎頂里16鄰仁愛路381號
HNA00257,公寓,崎頂里,苗栗縣竹南鎮崎頂里16鄰和誠街35號,1.0,64.0,大同,,苗栗縣竹南鎮崎頂里16鄰和誠街35號
HNA00259,公寓,崎頂里,苗栗縣竹南鎮崎頂里16鄰和興路38號,1.0,228.0,大同,,苗栗縣竹南鎮崎頂里16鄰和興路38號
HNA00260,公寓,崎頂里,苗栗縣竹南鎮崎頂里16鄰和誠街6號,1.0,165.0,大同,,苗栗縣竹南鎮崎頂里16鄰和誠街6號
HNA00261,公寓,崎頂里,苗栗縣竹南鎮崎頂里16鄰和興路342號,1.0,74.0,大同,,苗栗縣竹南鎮崎頂里16鄰和興路342號
HNA00262,公寓,崎頂里,苗栗縣竹南鎮崎頂里15鄰仁愛路1463號,1.0,29.0,大同,,苗栗縣竹南鎮崎頂里15鄰仁愛路1463號
HNA00263,公寓,崎頂里,苗栗縣竹南鎮崎頂里16鄰仁愛路1403號,1.0,130.0,大同,,苗栗縣竹南鎮崎頂里16鄰仁愛路1403號
HNA00264,公寓,崎頂里,苗栗縣竹南鎮崎頂里16鄰仁愛路1453號,1.0,86.0,大同,,苗栗縣竹南鎮崎頂里16鄰仁愛路1453號
HNA00265,公寓,崎頂里,苗栗縣竹南鎮崎頂里16鄰和誠街26號,1.0,86.0,大同,,苗栗縣竹南鎮崎頂里16鄰和誠街26號
HNA00266,公寓,崎頂里,苗栗縣竹南鎮崎頂里16鄰仁愛路1397號,1.0,53.0,大同,,苗栗縣竹南鎮崎頂里16鄰仁愛路1397號
HNA00267,公寓,崎頂里,苗栗縣竹南鎮崎頂里16鄰和興路330號,1.0,264.0,大同,,苗栗縣竹南鎮崎頂里16鄰和興路330號
HNA00268,公寓,崎頂里,苗栗縣竹南鎮崎頂里16鄰和誠街23號,1.0,144.0,大同,,苗栗縣竹南鎮崎頂里16鄰和誠街23號
HNA00269,公寓,崎頂里,苗栗縣竹南鎮崎頂里16鄰和興路364號,1.0,132.0,大同,,苗栗縣竹南鎮崎頂里16鄰和興路364號
HNA00270,公寓,崎頂里,苗栗縣竹南鎮崎頂里16鄰和興路338號,1.0,36.0,大同,,苗栗縣竹南鎮崎頂里16鄰和興路338號
HNA00271,公寓,崎頂里,苗栗縣竹南鎮崎頂里16鄰和誠街22號,1.0,96.0,大同,,苗栗縣竹南鎮崎頂里16鄰和誠街22號
HNA00273,公寓,崎頂里,苗栗縣竹南鎮崎頂里15鄰仁愛路1445號,1.0,97.0,大同,,苗栗縣竹南鎮崎頂里15鄰仁愛路1445號
HNA00274,公寓,崎頂里,苗栗縣竹南鎮崎頂里15鄰仁愛路1387號,1.0,153.0,大同,,苗栗縣竹南鎮崎頂里15鄰仁愛路1387號
HNA00275,公寓,崎頂里,苗栗縣竹南鎮崎頂里16鄰和興路362號,1.0,256.0,大同,,苗栗縣竹南鎮崎頂里16鄰和興路362號
HNA00276,公寓,崎頂里,苗栗縣竹南鎮崎頂里16鄰和興路330號,1.0,392.0,大同,,苗栗縣竹南鎮崎頂里16鄰和興路330號
HNA00277,公寓,崎頂里,苗栗縣竹南鎮崎頂里13鄰仁愛路1363巷20號,1.0,61.0,大同,,苗栗縣竹南鎮崎頂里13鄰仁愛路1363巷20號
HNA00278,公寓,崎頂里,苗栗縣竹南鎮崎頂里16鄰和誠街32號,1.0,237.0,大同,,苗栗縣竹南鎮崎頂里16鄰和誠街32號
HNA00279,公寓,崎頂里,苗栗縣竹南鎮崎頂里16鄰和興路346號,1.0,621.0,大同,,苗栗縣竹南鎮崎頂里16鄰和興路346號
HNA00280,公寓,崎頂里,苗栗縣竹南鎮崎頂里16鄰和勇街2號,1.0,178.0,大同,,苗栗縣竹南鎮崎頂里16鄰和勇街2號
HNA00281,公寓,崎頂里,苗栗縣竹南鎮崎頂里16鄰和誠路,1.0,58.0,大同,,苗栗縣竹南鎮崎頂里16鄰和誠路
HNA00282,台灣煙酒公司,崎頂里,苗栗縣竹南鎮崎頂里16鄰和興路345號,1.0,1054.0,大同,,苗栗縣竹南鎮崎頂里16鄰和興路345號
HNA00283,超豐電子,崎頂里,苗栗縣竹南鎮崎頂里16鄰和興路358號,1.0,1952.0,大同,,苗栗縣竹南鎮崎頂里16鄰和興路358號
HNA00284,公寓,公義里,苗栗縣竹南鎮公義里11鄰公義路1639號,1.0,484.0,大同,,苗栗縣竹南鎮公義里11鄰公義路1639號
HNA00285,公寓,公義里,苗栗縣竹南鎮公義里11鄰公義路1639號,1.0,56.0,大同,,苗栗縣竹南鎮公義里11鄰公義路1639號
HNA00286,公寓,公義里,苗栗縣竹南鎮公義里11鄰公義路1801號,1.0,96.0,大同,,苗栗縣竹南鎮公義里11鄰公義路1801號
HNA00287,公寓,公義里,苗栗縣竹南鎮公義里1鄰公館1之2號,1.0,480.0,大同,,苗栗縣竹南鎮公義里1鄰公館1之2號
HNA00288,公寓,大埔里,苗栗縣竹南鎮大埔里18鄰公義路813號,1.0,53.0,大同,,苗栗縣竹南鎮大埔里18鄰公義路813號
HNA00289,公寓,大埔里,苗栗縣竹南鎮大埔里13鄰竹篙厝200號,1.0,237.0,大同,,苗栗縣竹南鎮大埔里13鄰竹篙厝200號
HNA00290,公寓,大埔里,苗栗縣竹南鎮大埔里13鄰仁愛路1283號,1.0,198.0,大同,,苗栗縣竹南鎮大埔里13鄰仁愛路1283號
HNA00291,公寓,大埔里,苗栗縣竹南鎮大埔里8鄰公義路921號,1.0,82.0,大同,,苗栗縣竹南鎮大埔里8鄰公義路921號
HNA00292,公寓,大埔里,苗栗縣竹南鎮大埔里18鄰公義路861號,1.0,169.0,大同,,苗栗縣竹南鎮大埔里18鄰公義路861號
HNA00293,公寓,頂埔里,苗栗縣竹南鎮頂埔里10鄰台糖1號,1.0,416.0,大同,,苗栗縣竹南鎮頂埔里10鄰台糖1號
HNA00294,田僑建設,頂埔里,苗栗縣竹南鎮頂埔里15鄰中華路155號,1.0,1222.0,大同,,苗栗縣竹南鎮頂埔里15鄰中華路155號
HNA00295,有光紙業,頂埔里,苗栗縣竹南鎮頂埔里10鄰頂大埔10號,1.0,429.0,大同,,苗栗縣竹南鎮頂埔里10鄰頂大埔10號
HNA00296,台糖畜產研究所,頂埔里,苗栗縣竹南鎮頂埔里10鄰台糖1號,1.0,368.0,大同,,苗栗縣竹南鎮頂埔里10鄰台糖1號
HNA00297,公寓,頂埔里,苗栗縣竹南鎮頂埔里10鄰大埔109之1號,1.0,48.0,大同,,苗栗縣竹南鎮頂埔里10鄰大埔109之1號
HNA00298,公寓,大埔里,苗栗縣竹南鎮大埔里20鄰中埔街1號,1.0,312.0,大同,,苗栗縣竹南鎮大埔里20鄰中埔街1號
HNA00299,公寓,大埔里,苗栗縣竹南鎮大埔里19鄰五福新村201號,1.0,112.0,大同,,苗栗縣竹南鎮大埔里19鄰五福新村201號
HNA00300,公寓,大埔里,苗栗縣竹南鎮大埔里20鄰中埔街5號,1.0,153.0,大同,,苗栗縣竹南鎮大埔里20鄰中埔街5號
HNA00301,公寓,大埔里,苗栗縣竹南鎮大埔里20鄰中埔街7號,1.0,161.0,大同,,苗栗縣竹南鎮大埔里20鄰中埔街7號
HNA00302,公寓,大埔里,苗栗縣竹南鎮大埔里19鄰五福新村198號,1.0,42.0,大同,,苗栗縣竹南鎮大埔里19鄰五福新村198號
HNA00303,公寓,大埔里,苗栗縣竹南鎮大埔里20鄰中埔街,1.0,94.0,大同,,苗栗縣竹南鎮大埔里20鄰中埔街
HNA00304,公寓,大埔里,苗栗縣竹南鎮大埔里6鄰公義路300號,1.0,180.0,大同,,苗栗縣竹南鎮大埔里6鄰公義路300號
HNA00305,公寓,大埔里,苗栗縣竹南鎮大埔里20鄰中埔街116號,1.0,160.0,大同,,苗栗縣竹南鎮大埔里20鄰中埔街116號
HNA00306,公寓,大埔里,苗栗縣竹南鎮大埔里20鄰中埔街18號,1.0,100.0,大同,,苗栗縣竹南鎮大埔里20鄰中埔街18號
HNA00307,台灣家畜衛生試驗所,崎頂里,苗栗縣竹南鎮崎頂里2鄰牧場21號,1.0,3129.0,大同,,苗栗縣竹南鎮崎頂里2鄰牧場21號
HNA00309,公寓,頂埔里,苗栗縣竹南鎮頂埔里1鄰中華路78巷31號,1.0,84.0,大同,,苗栗縣竹南鎮頂埔里1鄰中華路78巷31號
HNA00310,公寓,頂埔里,苗栗縣竹南鎮頂埔里12鄰中華路266之1號,1.0,54.0,大同,,苗栗縣竹南鎮頂埔里12鄰中華路266之1號
HNA00312,公寓,頂埔里,苗栗縣竹南鎮頂埔里12鄰中華路282號,1.0,158.0,大同,,苗栗縣竹南鎮頂埔里12鄰中華路282號
HNA00313,公寓,頂埔里,苗栗縣竹南鎮頂埔里1鄰中華路78巷31號,1.0,58.0,大同,,苗栗縣竹南鎮頂埔里1鄰中華路78巷31號
HNA00314,公寓,頂埔里,苗栗縣竹南鎮頂埔里12鄰中華路220號,1.0,41.0,大同,,苗栗縣竹南鎮頂埔里12鄰中華路220號
HNA00315,公寓,正南里,苗栗縣竹南鎮正南里9鄰中正路14號,1.0,53.0,竹南,,苗栗縣竹南鎮正南里9鄰中正路14號
HNA00316,公寓,營盤里,苗栗縣竹南鎮營盤里5鄰建國路84巷17號,1.0,61.0,竹南,,苗栗縣竹南鎮營盤里5鄰建國路84巷17號
HNA00317,公寓,聖福里,苗栗縣竹南鎮聖福里20鄰建國路288巷79弄44之7號,1.0,197.0,竹南,,苗栗縣竹南鎮聖福里20鄰建國路288巷79弄44之7號
HNA00318,公寓,聖福里,苗栗縣竹南鎮聖福里20鄰建國路288巷79弄44號,1.0,97.0,竹南,,苗栗縣竹南鎮聖福里20鄰建國路288巷79弄44號
HNA00319,公寓,聖福里,苗栗縣竹南鎮聖福里15鄰建國路288巷205號,1.0,56.0,竹南,,苗栗縣竹南鎮聖福里15鄰建國路288巷205號
HNA00320,公寓,聖福里,苗栗縣竹南鎮聖福里20鄰建國路288巷79弄40號,1.0,64.0,竹南,,苗栗縣竹南鎮聖福里20鄰建國路288巷79弄40號
HNA00321,公寓,竹南里,苗栗縣竹南鎮竹南里4鄰民權街16號,1.0,49.0,竹南,,苗栗縣竹南鎮竹南里4鄰民權街16號
HNA00322,公寓,竹南里,苗栗縣竹南鎮竹南里4鄰民權街18號,1.0,54.0,竹南,,苗栗縣竹南鎮竹南里4鄰民權街18號
HNA00323,公寓,竹南里,苗栗縣竹南鎮竹南里4鄰民權街20號,1.0,60.0,竹南,,苗栗縣竹南鎮竹南里4鄰民權街20號
HNA00324,公寓,竹南里,苗栗縣竹南鎮竹南里4鄰民權街22號,1.0,29.0,竹南,,苗栗縣竹南鎮竹南里4鄰民權街22號
HNA00325,公寓,竹南里,苗栗縣竹南鎮竹南里17鄰博愛街123號,1.0,37.0,竹南,,苗栗縣竹南鎮竹南里17鄰博愛街123號
HNA00328,公寓,大埔里,苗栗縣竹南鎮大埔里8鄰公義路1240號,1.0,34.0,大同,,苗栗縣竹南鎮大埔里8鄰公義路1240號
HNA00329,公寓,大埔里,苗栗縣竹南鎮大埔里20鄰1號,1.0,281.0,大同,,苗栗縣竹南鎮大埔里20鄰1號
HNA00330,公寓,崎頂里,苗栗縣竹南鎮崎頂里12鄰仁愛路1439號,1.0,81.0,大同,,苗栗縣竹南鎮崎頂里12鄰仁愛路1439號
HNA00332,公寓,竹南里,苗栗縣竹南鎮竹南里17鄰敦化街5號,1.0,106.0,竹南,,苗栗縣竹南鎮竹南里17鄰敦化街5號
HNA00333,公寓,大厝里,苗栗縣竹南鎮大厝里10鄰獅山12之2號,1.0,53.0,竹南,,苗栗縣竹南鎮大厝里10鄰獅山12之2號
HNA00334,公寓,大厝里,苗栗縣竹南鎮大厝里1鄰大營路103號,1.0,36.0,竹南,,苗栗縣竹南鎮大厝里1鄰大營路103號
HNA00336,公寓,大厝里,苗栗縣竹南鎮大厝里1鄰文心街7號,1.0,30.0,竹南,,苗栗縣竹南鎮大厝里1鄰文心街7號
HNA00337,公寓,大厝里,苗栗縣竹南鎮大厝里14鄰國泰路8號,1.0,164.0,竹南,,苗栗縣竹南鎮大厝里14鄰國泰路8號
HNA00338,公寓,大厝里,苗栗縣竹南鎮大厝里9鄰大厝70號,1.0,166.0,竹南,,苗栗縣竹南鎮大厝里9鄰大厝70號
HNA00339,公寓,大厝里,苗栗縣竹南鎮大厝里13鄰獅山81之6號,1.0,249.0,竹南,,苗栗縣竹南鎮大厝里13鄰獅山81之6號
HNA00340,公寓,大厝里,苗栗縣竹南鎮大厝里9鄰60之6號,1.0,66.0,竹南,,苗栗縣竹南鎮大厝里9鄰60之6號
HNA00341,公寓,大厝里,苗栗縣竹南鎮大厝里12鄰獅山72之2號,1.0,53.0,竹南,,苗栗縣竹南鎮大厝里12鄰獅山72之2號
HNA00342,公寓,大厝里,苗栗縣竹南鎮大厝里1鄰文心街27號,1.0,50.0,竹南,,苗栗縣竹南鎮大厝里1鄰文心街27號
HNA00343,公寓,大厝里,苗栗縣竹南鎮大厝里13鄰獅山100號,1.0,120.0,竹南,,苗栗縣竹南鎮大厝里13鄰獅山100號
HNA00344,公寓,大厝里,苗栗縣竹南鎮大厝里1鄰大業街83號,1.0,32.0,竹南,,苗栗縣竹南鎮大厝里1鄰大業街83號
HNA00345,公寓,大厝里,苗栗縣竹南鎮大厝里13鄰獅山102號,1.0,68.0,竹南,,苗栗縣竹南鎮大厝里13鄰獅山102號
HNA00347,公寓,大厝里,苗栗縣竹南鎮大厝里12鄰獅山70號,1.0,881.0,竹南,,苗栗縣竹南鎮大厝里12鄰獅山70號
HNA00348,公寓,大厝里,苗栗縣竹南鎮大厝里13鄰獅山102號,1.0,88.0,竹南,,苗栗縣竹南鎮大厝里13鄰獅山102號
HNA00349,公寓,大厝里,苗栗縣竹南鎮大厝里13鄰獅山199號,1.0,34.0,竹南,,苗栗縣竹南鎮大厝里13鄰獅山199號
HNA00350,公寓,大厝里,苗栗縣竹南鎮大厝里19鄰中正路333號,1.0,42.0,竹南,,苗栗縣竹南鎮大厝里19鄰中正路333號
HNA00352,公寓,大厝里,苗栗縣竹南鎮大厝里9鄰大厝69號,1.0,41.0,竹南,,苗栗縣竹南鎮大厝里9鄰大厝69號
HNA00354,公寓,大厝里,苗栗縣竹南鎮大厝里21鄰中正路303號,1.0,21.0,竹南,,苗栗縣竹南鎮大厝里21鄰中正路303號
HNA00355,公寓,大厝里,苗栗縣竹南鎮大厝里14鄰國泰路22號,1.0,126.0,竹南,,苗栗縣竹南鎮大厝里14鄰國泰路22號
HNA00356,公寓,大厝里,苗栗縣竹南鎮大厝里14鄰國泰路91號,1.0,42.0,竹南,,苗栗縣竹南鎮大厝里14鄰國泰路91號
HNA00357,公寓,大厝里,苗栗縣竹南鎮大厝里3鄰61之15號,1.0,94.0,竹南,,苗栗縣竹南鎮大厝里3鄰61之15號
HNA00362,公寓,大厝里,苗栗縣竹南鎮大厝里14鄰10號,1.0,109.0,竹南,,苗栗縣竹南鎮大厝里14鄰10號
HNA00364,公寓,大厝里,苗栗縣竹南鎮大厝里10鄰1號,1.0,122.0,竹南,,苗栗縣竹南鎮大厝里10鄰1號
HNA00365,公寓,大厝里,苗栗縣竹南鎮大厝里12鄰獅山72之2號,1.0,133.0,竹南,,苗栗縣竹南鎮大厝里12鄰獅山72之2號
HNA00366,公寓,大厝里,苗栗縣竹南鎮大厝里9鄰59號,1.0,161.0,竹南,,苗栗縣竹南鎮大厝里9鄰59號
HNA00367,公寓,大厝里,苗栗縣竹南鎮大厝里10鄰獅山5之4號,1.0,44.0,竹南,,苗栗縣竹南鎮大厝里10鄰獅山5之4號
HNA00368,公寓,大厝里,苗栗縣竹南鎮大厝里17鄰大營路22號,1.0,20.0,竹南,,苗栗縣竹南鎮大厝里17鄰大營路22號
HNA00370,公寓,大厝里,苗栗縣竹南鎮大厝里14鄰國泰路22號,1.0,800.0,竹南,,苗栗縣竹南鎮大厝里14鄰國泰路22號
HNA00371,公寓,大厝里,苗栗縣竹南鎮大厝里14鄰國泰路19號,1.0,138.0,竹南,,苗栗縣竹南鎮大厝里14鄰國泰路19號
HNA00372,公寓,大厝里,苗栗縣竹南鎮大厝里15鄰南大路15號,1.0,45.0,竹南,,苗栗縣竹南鎮大厝里15鄰南大路15號
HNA00374,公寓,大厝里,苗栗縣竹南鎮大厝里21鄰中正路285、287號,1.0,53.0,竹南,,苗栗縣竹南鎮大厝里21鄰中正路285、287號
HNA00375,公寓,大厝里,苗栗縣竹南鎮大厝里17鄰大營路19之3號,1.0,22.0,竹南,,苗栗縣竹南鎮大厝里17鄰大營路19之3號
HNA00376,公寓,大厝里,苗栗縣竹南鎮大厝里17鄰大營路19之2號,1.0,22.0,竹南,,苗栗縣竹南鎮大厝里17鄰大營路19之2號
HNA00377,公寓,大厝里,苗栗縣竹南鎮大厝里14鄰國泰路17之1號,1.0,480.0,竹南,,苗栗縣竹南鎮大厝里14鄰國泰路17之1號
HNA00378,公寓,大厝里,苗栗縣竹南鎮大厝里1鄰大營路93之4號,1.0,32.0,竹南,,苗栗縣竹南鎮大厝里1鄰大營路93之4號
HNA00379,公寓,大厝里,苗栗縣竹南鎮大厝里14鄰國泰路17號,1.0,70.0,竹南,,苗栗縣竹南鎮大厝里14鄰國泰路17號
HNA00380,公寓,大厝里,苗栗縣竹南鎮大厝里1鄰大營路101號,1.0,18.0,竹南,,苗栗縣竹南鎮大厝里1鄰大營路101號
HNA00381,公寓,大厝里,苗栗縣竹南鎮大厝里1鄰大營路105號,1.0,32.0,竹南,,苗栗縣竹南鎮大厝里1鄰大營路105號
HNA00382,公寓,大厝里,苗栗縣竹南鎮大厝里19鄰中正路357號,1.0,26.0,竹南,,苗栗縣竹南鎮大厝里19鄰中正路357號
HNA00383,公寓,大厝里,苗栗縣竹南鎮大厝里14鄰國泰路41號,1.0,94.0,竹南,,苗栗縣竹南鎮大厝里14鄰國泰路41號
HNA00384,公寓,大厝里,苗栗縣竹南鎮大厝里10鄰獅山3之10號,1.0,29.0,竹南,,苗栗縣竹南鎮大厝里10鄰獅山3之10號
HNA00385,公寓,大厝里,苗栗縣竹南鎮大厝里9鄰大厝61之1號,1.0,53.0,竹南,,苗栗縣竹南鎮大厝里9鄰大厝61之1號
HNA00386,公寓,大厝里,苗栗縣竹南鎮大厝里3鄰南大路226號,1.0,22.0,竹南,,苗栗縣竹南鎮大厝里3鄰南大路226號
HNA00387,公寓,大厝里,苗栗縣竹南鎮大厝里2鄰南大路228號,1.0,22.0,竹南,,苗栗縣竹南鎮大厝里2鄰南大路228號
HNA00388,公寓,大厝里,苗栗縣竹南鎮大厝里2鄰南大路230號,1.0,22.0,竹南,,苗栗縣竹南鎮大厝里2鄰南大路230號
HNA00389,公寓,大厝里,苗栗縣竹南鎮大厝里2鄰南大路234號,1.0,21.0,竹南,,苗栗縣竹南鎮大厝里2鄰南大路234號
HNA00390,公寓,大厝里,苗栗縣竹南鎮大厝里2鄰南大路236號,1.0,20.0,竹南,,苗栗縣竹南鎮大厝里2鄰南大路236號
HNA00391,公寓,大厝里,苗栗縣竹南鎮大厝里9鄰大厝61之15號,1.0,45.0,竹南,,苗栗縣竹南鎮大厝里9鄰大厝61之15號
HNA00392,公寓,大厝里,苗栗縣竹南鎮大厝里14鄰鐵路東1號,1.0,106.0,竹南,,苗栗縣竹南鎮大厝里14鄰鐵路東1號
HNA00394,"苗栗縣政府
稅務局竹南分局",正南里,苗栗縣竹南鎮正南里25鄰福德路135號,1.0,709.0,竹南,,苗栗縣竹南鎮正南里25鄰福德路135號
HNA00395,公寓,正南里,苗栗縣竹南鎮正南里23鄰大營路130號,1.0,25.0,竹南,,苗栗縣竹南鎮正南里23鄰大營路130號
HNA00396,公寓,正南里,苗栗縣竹南鎮正南里25鄰福德路163之1號,1.0,42.0,竹南,,苗栗縣竹南鎮正南里25鄰福德路163之1號
HNA00397,公寓,正南里,苗栗縣竹南鎮正南里1鄰中山路110號,1.0,89.0,竹南,,苗栗縣竹南鎮正南里1鄰中山路110號
HNA00398,竹南高中,正南里,苗栗縣竹南鎮正南里23鄰中正路98號,1.0,612.0,竹南,,苗栗縣竹南鎮正南里23鄰中正路98號
HNA00399,竹南高中,正南里,苗栗縣竹南鎮正南里23鄰中正路98號,1.0,702.0,竹南,,苗栗縣竹南鎮正南里23鄰中正路98號
HNA00400,公寓,正南里,苗栗縣竹南鎮正南里25鄰福德路174號,1.0,580.0,竹南,,苗栗縣竹南鎮正南里25鄰福德路174號
HNA00401,竹南鎮公所,正南里,苗栗縣竹南鎮正南里23鄰中正路112號,1.0,569.0,竹南,,苗栗縣竹南鎮正南里23鄰中正路112號
HNA00402,公寓,正南里,苗栗縣竹南鎮正南里17鄰福德路97號,1.0,154.0,竹南,,苗栗縣竹南鎮正南里17鄰福德路97號
HNA00403,公寓,正南里,苗栗縣竹南鎮正南里19鄰和平街43號,1.0,249.0,竹南,,苗栗縣竹南鎮正南里19鄰和平街43號
HNA00404,公寓,正南里,苗栗縣竹南鎮正南里23鄰中正路98號,1.0,485.0,竹南,,苗栗縣竹南鎮正南里23鄰中正路98號
HNA00405,竹南高中,正南里,苗栗縣竹南鎮正南里23鄰中正路98號,1.0,293.0,竹南,,苗栗縣竹南鎮正南里23鄰中正路98號
HNA00406,竹南高中,正南里,苗栗縣竹南鎮正南里23鄰中正路98號,1.0,153.0,竹南,,苗栗縣竹南鎮正南里23鄰中正路98號
HNA00407,竹南高中,正南里,苗栗縣竹南鎮正南里23鄰中正路99號,1.0,213.0,竹南,,苗栗縣竹南鎮正南里23鄰中正路99號
HNA00408,竹南高中,正南里,苗栗縣竹南鎮正南里23鄰中正路98號,1.0,133.0,竹南,,苗栗縣竹南鎮正南里23鄰中正路98號
HNA00409,公寓,正南里,苗栗縣竹南鎮正南里18鄰中正路105號,1.0,173.0,竹南,,苗栗縣竹南鎮正南里18鄰中正路105號
HNA00410,公寓,正南里,苗栗縣竹南鎮正南里20鄰光復路21號,1.0,24.0,竹南,,苗栗縣竹南鎮正南里20鄰光復路21號
HNA00411,公寓,正南里,苗栗縣竹南鎮正南里23鄰大營路132號,1.0,38.0,竹南,,苗栗縣竹南鎮正南里23鄰大營路132號
HNA00412,公寓,正南里,苗栗縣竹南鎮正南里20鄰光復路9號,1.0,333.0,竹南,,苗栗縣竹南鎮正南里20鄰光復路9號
HNA00413,公寓,正南里,苗栗縣竹南鎮正南里17鄰延平路2號,1.0,26.0,竹南,,苗栗縣竹南鎮正南里17鄰延平路2號
HNA00414,公寓,正南里,苗栗縣竹南鎮正南里26鄰福德路121號,1.0,40.0,竹南,,苗栗縣竹南鎮正南里26鄰福德路121號
HNA00415,公寓,正南里,苗栗縣竹南鎮正南里26鄰和平街15號,1.0,266.0,竹南,,苗栗縣竹南鎮正南里26鄰和平街15號
HNA00416,公寓,正南里,苗栗縣竹南鎮正南里24鄰大營路74號,1.0,21.0,竹南,,苗栗縣竹南鎮正南里24鄰大營路74號
HNA00417,公寓,正南里,苗栗縣竹南鎮正南里24鄰大營路70號,1.0,20.0,竹南,,苗栗縣竹南鎮正南里24鄰大營路70號
HNA00418,公寓,正南里,苗栗縣竹南鎮正南里24鄰大營路72號,1.0,20.0,竹南,,苗栗縣竹南鎮正南里24鄰大營路72號
HNA00419,公寓,正南里,苗栗縣竹南鎮正南里25鄰福德路155之1號,1.0,37.0,竹南,,苗栗縣竹南鎮正南里25鄰福德路155之1號
HNA00420,公寓,正南里,苗栗縣竹南鎮正南里24鄰大營路65號,1.0,14.0,竹南,,苗栗縣竹南鎮正南里24鄰大營路65號
HNA00421,公寓,正南里,苗栗縣竹南鎮正南里24鄰大營路78號,1.0,21.0,竹南,,苗栗縣竹南鎮正南里24鄰大營路78號
HNA00422,公寓,正南里,苗栗縣竹南鎮正南里10鄰中山路45號,1.0,58.0,竹南,,苗栗縣竹南鎮正南里10鄰中山路45號
HNA00423,公寓,正南里,苗栗縣竹南鎮正南里25鄰福德路136號,1.0,421.0,竹南,,苗栗縣竹南鎮正南里25鄰福德路136號
HNA00424,公寓,正南里,苗栗縣竹南鎮正南里28鄰環市路一段158號,1.0,420.0,竹南,,苗栗縣竹南鎮正南里28鄰環市路一段158號
HNA00425,大樓,正南里,苗栗縣竹南鎮正南里25鄰環市路一段138巷2弄1號,1.0,2521.0,竹南,,苗栗縣竹南鎮正南里25鄰環市路一段138巷2弄1號
HNA00427,公寓,正南里,苗栗縣竹南鎮正南里23鄰大營路106號,1.0,437.0,竹南,,苗栗縣竹南鎮正南里23鄰大營路106號
HNA00428,大樓,正南里,苗栗縣竹南鎮正南里4鄰中正路217號,1.0,5152.0,竹南,,苗栗縣竹南鎮正南里4鄰中正路217號
H9A00010,新南國小,新南里,苗栗縣竹南鎮新南里22鄰五谷街2號,1.0,3917.0,竹南,,苗栗縣竹南鎮新南里22鄰五谷街2號
HNA00433,公寓,新南里,苗栗縣竹南鎮新南里22鄰五谷王62號,1.0,89.0,竹南,,苗栗縣竹南鎮新南里22鄰五谷王62號
HNA00439,公寓,新南里,苗栗縣竹南鎮崁頂街132號,1.0,32.0,竹南,,苗栗縣竹南鎮崁頂街132號
HNA00167,公寓,新南里,苗栗縣竹南鎮新南里3鄰東平路57號,1.0,33.0,竹南,,苗栗縣竹南鎮新南里3鄰東平路57號
HNA00171,公寓,新南里,苗栗縣竹南鎮新南里3鄰東平路62號,1.0,20.0,竹南,,苗栗縣竹南鎮新南里3鄰東平路62號
HNA00179,公寓,新南里,苗栗縣竹南鎮新南里3鄰維新路42之60號,1.0,1217.0,竹南,,苗栗縣竹南鎮新南里3鄰維新路42之60號
HNA00177,公寓,新南里,苗栗縣竹南鎮新南里3鄰維新路38號,1.0,48.0,竹南,,苗栗縣竹南鎮新南里3鄰維新路38號
HNA00174,公寓,新南里,苗栗縣竹南鎮新南里4鄰東平路83號,1.0,40.0,竹南,,苗栗縣竹南鎮新南里4鄰東平路83號
HNA00443,公寓,山佳里,苗栗縣竹南鎮山佳里7鄰龍山路三段211號,1.0,26.0,竹南,,苗栗縣竹南鎮山佳里7鄰龍山路三段211號
HNA00444,公寓,山佳里,苗栗縣竹南鎮山佳里7鄰龍山路三段207號,1.0,56.0,竹南,,苗栗縣竹南鎮山佳里7鄰龍山路三段207號
HNA00445,公寓,佳興里,苗栗縣竹南鎮佳興里14鄰明德街104號,1.0,101.0,竹南,,苗栗縣竹南鎮佳興里14鄰明德街104號
HNA00446,君毅中學,山佳里,苗栗縣竹南鎮山佳里1鄰公義路245號,1.0,354.0,竹南,,苗栗縣竹南鎮山佳里1鄰公義路245號
HNA00447,公寓,佳興里,苗栗縣竹南鎮佳興里2鄰公義路176號,1.0,80.0,竹南,,苗栗縣竹南鎮佳興里2鄰公義路176號
HNA00448,公寓,佳興里,苗栗縣竹南鎮忠勇街10號,1.0,30.0,竹南,,苗栗縣竹南鎮忠勇街10號
HNA00449,公寓,佳興里,苗栗縣竹南鎮照南路18號,1.0,21.0,竹南,,苗栗縣竹南鎮照南路18號
HNA00450,公寓,佳興里,苗栗縣竹南鎮照南路120號,1.0,25.0,竹南,,苗栗縣竹南鎮照南路120號
HNA00451,公寓,佳里興,苗栗縣竹南鎮照南路20號,1.0,29.0,竹南,,苗栗縣竹南鎮照南路20號
HNA00452,竹南鎮公所,山佳里,苗栗縣竹南鎮山佳里16鄰光復路452號,1.0,158.0,竹南,,苗栗縣竹南鎮山佳里16鄰光復路452號
HNA00453,公寓,佳興里,苗栗縣竹南鎮佳興里10鄰照南路16號,1.0,73.0,竹南,,苗栗縣竹南鎮佳興里10鄰照南路16號
HNA00454,公寓,山佳里,苗栗縣竹南鎮山佳里7鄰龍山路228巷230號,1.0,330.0,竹南,,苗栗縣竹南鎮山佳里7鄰龍山路228巷230號
HNA00455,公寓,佳興里,苗栗縣竹南鎮佳興里11鄰忠勇街11號,1.0,109.0,竹南,,苗栗縣竹南鎮佳興里11鄰忠勇街11號
HNA00458,公寓,佳興里,苗栗縣竹南鎮佳興里7鄰光復路345號,1.0,34.0,竹南,,苗栗縣竹南鎮佳興里7鄰光復路345號
HNA00459,公寓,佳興里,苗栗縣竹南鎮佳興里14鄰明德街98號,1.0,20.0,竹南,,苗栗縣竹南鎮佳興里14鄰明德街98號
HNA00460,公寓,佳興里,苗栗縣竹南鎮佳興里7鄰光復路365號,1.0,66.0,竹南,,苗栗縣竹南鎮佳興里7鄰光復路365號
HNA00461,公寓,佳興里,苗栗縣竹南鎮佳興里7鄰光復路367號,1.0,32.0,竹南,,苗栗縣竹南鎮佳興里7鄰光復路367號
HNA00462,公寓,佳興里,苗栗縣竹南鎮佳興里7鄰光復路339號,1.0,40.0,竹南,,苗栗縣竹南鎮佳興里7鄰光復路339號
HNA00463,公寓,佳興里,苗栗縣竹南鎮佳興里11鄰忠勇街12號,1.0,30.0,竹南,,苗栗縣竹南鎮佳興里11鄰忠勇街12號
HNA00464,公寓,佳興里,苗栗縣竹南鎮佳興里4鄰光復路428號,1.0,25.0,竹南,,苗栗縣竹南鎮佳興里4鄰光復路428號
HNA00465,公寓,山佳里,苗栗縣竹南鎮山佳里光復路17巷369號,1.0,28.0,竹南,,苗栗縣竹南鎮山佳里光復路17巷369號
HNA00466,公寓,佳興里,苗栗縣竹南鎮民安街73號,1.0,33.0,竹南,,苗栗縣竹南鎮民安街73號
HNA00467,公寓,山佳里,苗栗縣竹南鎮忠勇街11號,1.0,46.0,竹南,,苗栗縣竹南鎮忠勇街11號
HNA00468,公寓,佳興里,苗栗縣竹南鎮忠勇街13號,1.0,46.0,竹南,,苗栗縣竹南鎮忠勇街13號
HNA00469,公寓,佳興里,苗栗縣竹南鎮佳興里7鄰光復路357號,1.0,20.0,竹南,,苗栗縣竹南鎮佳興里7鄰光復路357號
HNA00470,公寓,佳興里,苗栗縣竹南鎮佳興里4鄰光復路430號,1.0,25.0,竹南,,苗栗縣竹南鎮佳興里4鄰光復路430號
HNA00471,公寓,山佳里,苗栗縣竹南鎮山佳里15鄰光復路85號,1.0,104.0,竹南,,苗栗縣竹南鎮山佳里15鄰光復路85號
HNA00474,公寓,佳興里,苗栗縣竹南鎮佳興里11鄰忠勇街2號,1.0,22.0,竹南,,苗栗縣竹南鎮佳興里11鄰忠勇街2號
HNA00475,公寓,佳興里,苗栗縣竹南鎮佳興里2鄰公義路152號,1.0,62.0,竹南,,苗栗縣竹南鎮佳興里2鄰公義路152號
HNA00476,公寓,佳興里,苗栗縣竹南鎮佳興里2鄰公義路150號,1.0,62.0,竹南,,苗栗縣竹南鎮佳興里2鄰公義路150號
HNA00477,公寓,山佳里,苗栗縣竹南鎮山佳里14鄰光復路323號,1.0,28.0,竹南,,苗栗縣竹南鎮山佳里14鄰光復路323號
HNA00478,公寓,山佳里,苗栗縣竹南鎮山佳里15鄰公義路176號,1.0,60.0,竹南,,苗栗縣竹南鎮山佳里15鄰公義路176號
HNA00479,公寓,山佳里,苗栗縣竹南鎮山佳里1鄰公義路279號,1.0,32.0,竹南,,苗栗縣竹南鎮山佳里1鄰公義路279號
HNA00480,公寓,佳興里,苗栗縣竹南鎮佳興里10鄰照南路118號,1.0,21.0,竹南,,苗栗縣竹南鎮佳興里10鄰照南路118號
HNA00481,照南國中,山佳里,苗栗縣竹南鎮山佳里14鄰公教路2號,1.0,104.0,竹南,,苗栗縣竹南鎮山佳里14鄰公教路2號
HNA00482,公寓,山佳里,苗栗縣竹南鎮山佳里27鄰店仔37之5號,1.0,20.0,竹南,,苗栗縣竹南鎮山佳里27鄰店仔37之5號
HNA00483,公寓,山佳里,苗栗縣竹南鎮山佳里1鄰公義路245號,1.0,276.0,竹南,,苗栗縣竹南鎮山佳里1鄰公義路245號
HNA00484,公寓,佳興里,苗栗縣竹南鎮佳興里10鄰照南路90號,1.0,17.0,竹南,,苗栗縣竹南鎮佳興里10鄰照南路90號
HNA00485,公寓,山佳里,苗栗縣竹南鎮山佳里20鄰照南路39號,1.0,29.0,竹南,,苗栗縣竹南鎮山佳里20鄰照南路39號
HNA00486,公寓,聖福里,苗栗縣竹南鎮聖福里20鄰建國路288巷56號,1.0,297.0,竹南,,苗栗縣竹南鎮聖福里20鄰建國路288巷56號
HNA00487,公寓,山佳里,苗栗縣竹南鎮山佳里27鄰中興街29號,1.0,274.0,竹南,,苗栗縣竹南鎮山佳里27鄰中興街29號
HNA00488,公寓,佳興里,苗栗縣竹南鎮佳興里11鄰忠勇街17號,1.0,144.0,竹南,,苗栗縣竹南鎮佳興里11鄰忠勇街17號
HNA00489,公寓,山佳里,苗栗縣竹南鎮山佳里15鄰照南路79號,1.0,116.0,竹南,,苗栗縣竹南鎮山佳里15鄰照南路79號
HNA00493,公寓,龍鳯里,苗栗縣竹南鎮龍鳯里13鄰龍山路二段19號,1.0,38.0,竹南,,苗栗縣竹南鎮龍鳯里13鄰龍山路二段19號
HNA00494,公寓,龍鳯里,苗栗縣竹南鎮龍鳯里13鄰龍山路二段13號,1.0,38.0,竹南,,苗栗縣竹南鎮龍鳯里13鄰龍山路二段13號
HNA00495,公寓,龍鳯里,苗栗縣竹南鎮龍鳯里13鄰龍山路二段11號,1.0,38.0,竹南,,苗栗縣竹南鎮龍鳯里13鄰龍山路二段11號
HNA00496,公寓,龍鳯里,苗栗縣竹南鎮龍鳯里13鄰龍山路二段21號,1.0,41.0,竹南,,苗栗縣竹南鎮龍鳯里13鄰龍山路二段21號
HNA00497,公寓,龍鳯里,苗栗縣竹南鎮龍鳯里13鄰龍山路二段17號,1.0,38.0,竹南,,苗栗縣竹南鎮龍鳯里13鄰龍山路二段17號
HNA00498,公寓,龍鳯里,苗栗縣竹南鎮龍鳯里13鄰龍山路二段45號,1.0,96.0,竹南,,苗栗縣竹南鎮龍鳯里13鄰龍山路二段45號
HNA00499,公寓,龍鳯里,苗栗縣竹南鎮建國路457號,1.0,41.0,竹南,,苗栗縣竹南鎮建國路457號
HNA00502,公寓,龍鳯里,苗栗縣竹南鎮龍鳯里13鄰龍山路二段2號,1.0,456.0,竹南,,苗栗縣竹南鎮龍鳯里13鄰龍山路二段2號
HNA00508,大樓,龍鳯里,苗栗縣竹南鎮龍鳯里龍山路三段221號,1.0,2796.0,竹南,,苗栗縣竹南鎮龍鳯里龍山路三段221號
HNA00509,公寓,照南里,苗栗縣竹南鎮照南里16鄰博愛街232號,1.0,26.0,竹南,,苗栗縣竹南鎮照南里16鄰博愛街232號
HNA00511,公寓,照南里,苗栗縣竹南鎮照南里8鄰華東街34號,1.0,28.0,竹南,,苗栗縣竹南鎮照南里8鄰華東街34號
HNA00512,公寓,照南里,苗栗縣竹南鎮照南里7鄰光復路264號,1.0,20.0,竹南,,苗栗縣竹南鎮照南里7鄰光復路264號
HNA00513,公寓,照南里,苗栗縣竹南鎮照南里15鄰延平路83之1號,1.0,46.0,竹南,,苗栗縣竹南鎮照南里15鄰延平路83之1號
HNA00514,公寓,南里1,苗栗竹南鎮照南里15鄰延平路83之3號,1.0,17.0,竹南,,苗栗竹南鎮照南里15鄰延平路83之3號
HNA00515,公寓,照南里,苗栗縣竹南鎮照南里16鄰博愛街220號,1.0,24.0,竹南,,苗栗縣竹南鎮照南里16鄰博愛街220號
HNA00516,公寓,照南里,苗栗縣竹南鎮照南里15鄰延平路63巷4號,1.0,200.0,竹南,,苗栗縣竹南鎮照南里15鄰延平路63巷4號
HNA00517,公寓,照南里,苗栗縣竹南鎮照南里15鄰延平路63巷12號,1.0,29.0,竹南,,苗栗縣竹南鎮照南里15鄰延平路63巷12號
HNA00521,公寓,照南里,苗栗縣竹南鎮照南里12鄰中山路141號,1.0,133.0,竹南,,苗栗縣竹南鎮照南里12鄰中山路141號
HNA00522,公寓,照南里,苗栗縣竹南鎮照南里自由街90號,1.0,22.0,竹南,,苗栗縣竹南鎮照南里自由街90號
HNA00524,公寓,營盤里,苗栗縣竹南鎮營盤里17鄰建國路26號,1.0,62.0,竹南,,苗栗縣竹南鎮營盤里17鄰建國路26號
HNA00525,公寓,營盤里,苗栗縣竹南鎮營盤里16鄰自由街128號,1.0,32.0,竹南,,苗栗縣竹南鎮營盤里16鄰自由街128號
HNA00526,公寓,營盤里,苗栗縣竹南鎮營盤里16鄰自由街126號,1.0,33.0,竹南,,苗栗縣竹南鎮營盤里16鄰自由街126號
HNA00527,公寓,營盤里,苗栗縣竹南鎮營盤里14鄰建國路18號,1.0,45.0,竹南,,苗栗縣竹南鎮營盤里14鄰建國路18號
HNA00528,公寓,營盤里,苗栗縣竹南鎮營盤里8鄰新生路328號,1.0,36.0,竹南,,苗栗縣竹南鎮營盤里8鄰新生路328號
HNA00529,公寓,營盤里,苗栗縣竹南鎮營盤里18鄰建興街33號,1.0,72.0,竹南,,苗栗縣竹南鎮營盤里18鄰建興街33號
HNA00530,公寓,營盤里,苗栗縣竹南鎮營盤里8鄰大營路236號,1.0,38.0,竹南,,苗栗縣竹南鎮營盤里8鄰大營路236號
HNA00531,公寓,營盤里,苗栗縣竹南鎮營盤里8鄰大營路306號,1.0,28.0,竹南,,苗栗縣竹南鎮營盤里8鄰大營路306號
HNA00532,公寓,營盤里,苗栗縣竹南鎮營盤里自由街159號,1.0,33.0,竹南,,苗栗縣竹南鎮營盤里自由街159號
HNA00533,公寓,營盤里,苗栗縣竹南鎮營盤里10鄰大營路285號,1.0,65.0,竹南,,苗栗縣竹南鎮營盤里10鄰大營路285號
HNA00534,公寓,營盤里,苗栗縣竹南鎮營盤里10鄰建國路163號,1.0,244.0,竹南,,苗栗縣竹南鎮營盤里10鄰建國路163號
HNA00536,公寓,中華里,苗栗縣竹南鎮中華里文心街14號,1.0,281.0,中港海口,,苗栗縣竹南鎮中華里文心街14號
HNA00537,公寓,營盤里,苗栗縣竹南鎮營盤里2鄰自由街106號,1.0,77.0,竹南,,苗栗縣竹南鎮營盤里2鄰自由街106號
HNA00538,公寓,營盤里,苗栗縣竹南鎮營盤里1鄰中山路162號,1.0,37.0,竹南,,苗栗縣竹南鎮營盤里1鄰中山路162號
HNA00539,公寓,營盤里,苗栗縣竹南鎮營盤里2鄰忠義街31號,1.0,28.0,竹南,,苗栗縣竹南鎮營盤里2鄰忠義街31號
HNA00540,公寓,營盤里,苗栗縣竹南鎮營盤里16鄰忠勤街22號,1.0,16.0,竹南,,苗栗縣竹南鎮營盤里16鄰忠勤街22號
HNA00541,公寓,營盤里,苗栗縣竹南鎮營盤里16鄰忠勤街26號,1.0,16.0,竹南,,苗栗縣竹南鎮營盤里16鄰忠勤街26號
HNA00542,公寓,營盤里,苗栗縣竹南鎮營盤里16鄰忠勤街24號,1.0,16.0,竹南,,苗栗縣竹南鎮營盤里16鄰忠勤街24號
HNA00543,公寓,營盤里,苗栗縣竹南鎮營盤里13鄰忠義街6號,1.0,40.0,竹南,,苗栗縣竹南鎮營盤里13鄰忠義街6號
HNA00544,公寓,營盤里,苗栗縣竹南鎮營盤里16鄰建智街19號,1.0,40.0,竹南,,苗栗縣竹南鎮營盤里16鄰建智街19號
HNA00547,公寓,營盤里,苗栗縣竹南鎮營盤里16鄰建智街29號,1.0,28.0,竹南,,苗栗縣竹南鎮營盤里16鄰建智街29號
HNA00549,公寓,營盤里,苗栗縣竹南鎮營盤里16鄰建智街23號,1.0,45.0,竹南,,苗栗縣竹南鎮營盤里16鄰建智街23號
HNA00550,公寓,營盤里,苗栗縣竹南鎮營盤里13鄰忠義街14號,1.0,62.0,竹南,,苗栗縣竹南鎮營盤里13鄰忠義街14號
HNA00551,公寓,營盤里,苗栗縣竹南鎮營盤里14鄰建國路191號,1.0,74.0,竹南,,苗栗縣竹南鎮營盤里14鄰建國路191號
HNA00552,公寓,營盤里,苗栗縣竹南鎮營盤里18鄰建興街55號,1.0,18.0,竹南,,苗栗縣竹南鎮營盤里18鄰建興街55號
HNA00553,公寓,聖福里,苗栗縣竹南鎮聖福里勤富街79號,1.0,68.0,竹南,,苗栗縣竹南鎮聖福里勤富街79號
HNA00554,公寓,營盤里,苗栗縣竹南鎮自由街127號,1.0,65.0,竹南,,苗栗縣竹南鎮自由街127號
HNA00555,公寓,營盤里,苗栗縣竹南鎮營盤里8鄰忠義街24號,1.0,52.0,竹南,,苗栗縣竹南鎮營盤里8鄰忠義街24號
HNA00556,公寓,營盤里,苗栗縣竹南鎮營盤里18鄰忠勤街51號,1.0,16.0,竹南,,苗栗縣竹南鎮營盤里18鄰忠勤街51號
HNA00557,公寓,營盤里,苗栗縣竹南鎮營盤里7鄰建仁街36號,1.0,28.0,竹南,,苗栗縣竹南鎮營盤里7鄰建仁街36號
HNA00558,公寓,營盤里,苗栗縣竹南鎮營盤里7鄰建仁街38號,1.0,26.0,竹南,,苗栗縣竹南鎮營盤里7鄰建仁街38號
HNA00559,公寓,營盤里,苗栗縣竹南鎮營盤里8鄰自由街180號,1.0,45.0,竹南,,苗栗縣竹南鎮營盤里8鄰自由街180號
HNA00560,公寓,營盤里,苗栗縣竹南鎮營盤里8鄰自由街182號,1.0,45.0,竹南,,苗栗縣竹南鎮營盤里8鄰自由街182號
HNA00561,公寓,營盤里,苗栗縣竹南鎮營盤里2鄰忠義街41號,1.0,34.0,竹南,,苗栗縣竹南鎮營盤里2鄰忠義街41號
HNA00563,公寓,營盤里,苗栗縣竹南鎮營盤里1鄰建國路18號,1.0,22.0,竹南,,苗栗縣竹南鎮營盤里1鄰建國路18號
HNA00564,公寓,營盤里,苗栗縣竹南鎮營盤里7鄰大營路318號,1.0,48.0,竹南,,苗栗縣竹南鎮營盤里7鄰大營路318號
HNA00565,公寓,營盤里,苗栗縣竹南鎮營盤里10鄰建興街48巷1號,1.0,141.0,竹南,,苗栗縣竹南鎮營盤里10鄰建興街48巷1號
HNA00566,公寓,營盤里,苗栗縣竹南鎮營盤里7鄰大營路320號,1.0,45.0,竹南,,苗栗縣竹南鎮營盤里7鄰大營路320號
HNA00567,公寓,營盤里,苗栗縣竹南鎮營盤里2鄰忠義街37號,1.0,29.0,竹南,,苗栗縣竹南鎮營盤里2鄰忠義街37號
HNA00568,公寓,營盤里,苗栗縣竹南鎮營盤里2鄰忠義街29號,1.0,37.0,竹南,,苗栗縣竹南鎮營盤里2鄰忠義街29號
HNA00570,公寓,營盤里,苗栗縣竹南鎮營盤里2鄰自由街102號,1.0,34.0,竹南,,苗栗縣竹南鎮營盤里2鄰自由街102號
HNA00571,公寓,營盤里,苗栗縣竹南鎮營盤里2鄰忠義街31號,1.0,37.0,竹南,,苗栗縣竹南鎮營盤里2鄰忠義街31號
HNA00576,公寓,聖福里,苗栗縣竹南鎮聖福里2鄰建國路288巷108號,1.0,38.0,竹南,,苗栗縣竹南鎮聖福里2鄰建國路288巷108號
HNA00578,公寓,營盤里,苗栗縣竹南鎮營盤里17鄰建國路84巷6號,1.0,133.0,竹南,,苗栗縣竹南鎮營盤里17鄰建國路84巷6號
HNA00579,公寓,聖福里,苗栗縣竹南鎮聖福里2鄰建國路260號,1.0,42.0,竹南,,苗栗縣竹南鎮聖福里2鄰建國路260號
HNA00583,公寓,聖福里,苗栗縣竹南鎮聖福里2鄰建國路230號,1.0,1845.0,竹南,,苗栗縣竹南鎮聖福里2鄰建國路230號
HNA00586,公寓,南里自,苗栗竹南鎮照南里自由街169號,1.0,20.0,竹南,,苗栗竹南鎮照南里自由街169號
HNA00587,公寓,營盤里,苗栗縣竹南鎮營盤里16鄰大營路244號,1.0,56.0,竹南,,苗栗縣竹南鎮營盤里16鄰大營路244號
HNA00588,公寓,營盤里,苗栗縣竹南鎮營盤里16鄰大營路246號,1.0,33.0,竹南,,苗栗縣竹南鎮營盤里16鄰大營路246號
HNA00589,公寓,營盤里,苗栗縣竹南鎮營盤里13鄰忠義街15號,1.0,41.0,竹南,,苗栗縣竹南鎮營盤里13鄰忠義街15號
HNA00590,公寓,營盤里,苗栗縣竹南鎮營盤里16鄰忠勤街53號,1.0,26.0,竹南,,苗栗縣竹南鎮營盤里16鄰忠勤街53號
HNA00591,公寓,營盤里,苗栗縣竹南鎮營盤里16鄰忠勤街55號,1.0,16.0,竹南,,苗栗縣竹南鎮營盤里16鄰忠勤街55號
HNA00592,公寓,營盤里,苗栗縣竹南鎮營盤里新生路277號,1.0,120.0,竹南,,苗栗縣竹南鎮營盤里新生路277號
HNA00593,公寓,聖福里,苗栗縣竹南鎮聖福里建國路250號,1.0,480.0,竹南,,苗栗縣竹南鎮聖福里建國路250號
HNA00594,公寓,聖福里,苗栗縣竹南鎮聖福里13鄰建國路288巷78號,1.0,30.0,竹南,,苗栗縣竹南鎮聖福里13鄰建國路288巷78號
HNA00595,公寓,營盤里,苗栗縣竹南鎮營盤里大營路201巷42號,1.0,26.0,竹南,,苗栗縣竹南鎮營盤里大營路201巷42號
HNA00596,公寓,營盤里,苗栗縣竹南鎮營盤里17鄰建國路84巷10號,1.0,25.0,竹南,,苗栗縣竹南鎮營盤里17鄰建國路84巷10號
HNA00597,公寓,營盤里,苗栗縣竹南鎮營盤里6鄰營盤邊40之34號,1.0,40.0,竹南,,苗栗縣竹南鎮營盤里6鄰營盤邊40之34號
HNA00598,"台灣菸酒公司
竹南製瓶場",聖福里,苗栗縣竹南鎮聖福里1鄰公教路59號,1.0,200.0,竹南,,苗栗縣竹南鎮聖福里1鄰公教路59號
HNA00599,公寓,營盤里,苗栗縣竹南鎮營盤里17鄰建國路84巷24號,1.0,25.0,竹南,,苗栗縣竹南鎮營盤里17鄰建國路84巷24號
HNA00600,公寓,營盤里,苗栗縣竹南鎮營盤里17鄰建國路84巷7號,1.0,173.0,竹南,,苗栗縣竹南鎮營盤里17鄰建國路84巷7號
HNA00601,公寓,營盤里,苗栗縣竹南鎮營盤里2鄰營盤邊25之6號,1.0,162.0,竹南,,苗栗縣竹南鎮營盤里2鄰營盤邊25之6號
HNA00602,公寓,營盤里,苗栗縣竹南鎮營盤里3鄰建國路348號,1.0,238.0,竹南,,苗栗縣竹南鎮營盤里3鄰建國路348號
HNA00603,公寓,營盤里,苗栗縣竹南鎮營盤里1鄰公教路145號,1.0,112.0,竹南,,苗栗縣竹南鎮營盤里1鄰公教路145號
HNA00604,公寓,營盤里,苗栗縣竹南鎮營盤里1鄰照南路186號,1.0,28.0,竹南,,苗栗縣竹南鎮營盤里1鄰照南路186號
HNA00605,公寓,營盤里,苗栗縣竹南鎮營盤里1鄰照南路188號,1.0,28.0,竹南,,苗栗縣竹南鎮營盤里1鄰照南路188號
HNA00606,公寓,營盤里,苗栗縣竹南鎮營盤里1鄰照南路190號,1.0,28.0,竹南,,苗栗縣竹南鎮營盤里1鄰照南路190號
HNA00607,公寓,佳興里,苗栗縣竹南鎮佳興里10鄰照南路92號,1.0,28.0,竹南,,苗栗縣竹南鎮佳興里10鄰照南路92號
HNA00608,公寓,營盤里,苗栗縣竹南鎮營盤里1鄰照南路194號,1.0,28.0,竹南,,苗栗縣竹南鎮營盤里1鄰照南路194號
HNA00609,公寓,山佳里,苗栗縣竹南鎮山佳里1鄰照南路196號,1.0,28.0,竹南,,苗栗縣竹南鎮山佳里1鄰照南路196號
HNA00610,公寓,山佳里,苗栗縣竹南鎮山佳里1鄰照南路198號,1.0,28.0,竹南,,苗栗縣竹南鎮山佳里1鄰照南路198號
HNA00611,公寓,山佳里,苗栗縣竹南鎮山佳里1鄰公教路41號,1.0,545.0,竹南,,苗栗縣竹南鎮山佳里1鄰公教路41號
HNA00612,公寓,營盤里,苗栗縣竹南鎮營盤里8鄰39之11號,1.0,36.0,竹南,,苗栗縣竹南鎮營盤里8鄰39之11號
HNA00613,公寓,營盤里,苗栗縣竹南鎮營盤里2鄰自由街110號,1.0,602.0,竹南,,苗栗縣竹南鎮營盤里2鄰自由街110號
HNA00614,公寓,營盤里,苗栗縣竹南鎮營盤里11鄰建國路156號,1.0,120.0,竹南,,苗栗縣竹南鎮營盤里11鄰建國路156號
HNA00615,公寓,營盤里,苗栗縣竹南鎮建中街27號,1.0,36.0,竹南,,苗栗縣竹南鎮建中街27號
HNA00616,公寓,營盤里,苗栗縣竹南鎮建仁街15號,1.0,74.0,竹南,,苗栗縣竹南鎮建仁街15號
HNA00617,公寓,中華里,苗栗縣竹南鎮中華里新生路32號,1.0,208.0,中港海口,,苗栗縣竹南鎮中華里新生路32號
HNA00618,公寓,北龍里,苗栗縣後龍鎮田心路51號,1.0,54.0,後龍,,苗栗縣後龍鎮田心路51號
HNA00620,後龍鎮公所,北龍里,苗栗縣後龍鎮北龍里中正路35號,1.0,1048.0,後龍,,苗栗縣後龍鎮北龍里中正路35號
HNA00621,公寓,中龍里,苗栗縣後龍鎮中龍里中市街234號,1.0,74.0,後龍,,苗栗縣後龍鎮中龍里中市街234號
HNA00622,後龍分駐所,中龍里,苗栗縣後龍鎮三民路107號,1.0,88.0,後龍,,苗栗縣後龍鎮三民路107號
HNA00624,公寓,南龍里,苗栗縣後龍鎮南龍里18鄰勝利路206號,1.0,48.0,後龍,,苗栗縣後龍鎮南龍里18鄰勝利路206號
HNA00625,後龍鎮公所,大庄里,苗栗縣後龍鎮大庄里16鄰中山路152號,1.0,453.0,後龍,,苗栗縣後龍鎮大庄里16鄰中山路152號
HNA00626,後龍國小,大庄里,苗栗縣後龍鎮大庄里1鄰成功路254號,1.0,489.0,後龍,,苗栗縣後龍鎮大庄里1鄰成功路254號
HNA00627,後龍民眾服務社,大庄里,苗栗縣後龍鎮大庄里16鄰中山路142之1號,1.0,437.0,後龍,,苗栗縣後龍鎮大庄里16鄰中山路142之1號
HNA00628,維貞國中,大庄里,苗栗縣後龍鎮大庄里中山路252號,1.0,812.0,後龍,,苗栗縣後龍鎮大庄里中山路252號
HNA00629,公寓,大庄里,苗栗縣後龍鎮大庄里2鄰中山路296號,1.0,93.0,後龍,,苗栗縣後龍鎮大庄里2鄰中山路296號
HNA00630,公寓,東明里,苗栗縣後龍鎮東明里12鄰頂浮尾36之2號,1.0,45.0,後龍,,苗栗縣後龍鎮東明里12鄰頂浮尾36之2號
HNA00631,公寓,東明里,苗栗縣後龍鎮東明里8鄰宏陽路99號,1.0,400.0,後龍,,苗栗縣後龍鎮東明里8鄰宏陽路99號
HNA00632,公寓,東明里,苗栗縣後龍鎮東明里10鄰中華路670號,1.0,240.0,後龍,,苗栗縣後龍鎮東明里10鄰中華路670號
HNA00633,公寓,東明里,苗栗縣後龍鎮東明里10鄰中華路674號,1.0,233.0,後龍,,苗栗縣後龍鎮東明里10鄰中華路674號
HNA00634,公寓,東明里,苗栗縣後龍鎮東明里8鄰下浮尾119之1號,1.0,158.0,後龍,,苗栗縣後龍鎮東明里8鄰下浮尾119之1號
HNA00635,公寓,東明里,苗栗縣後龍鎮東明里8鄰下浮尾117號,1.0,117.0,後龍,,苗栗縣後龍鎮東明里8鄰下浮尾117號
HNA00636,公寓,東明里,苗栗縣後龍鎮東明里8鄰下浮尾119之2號,1.0,157.0,後龍,,苗栗縣後龍鎮東明里8鄰下浮尾119之2號
HNA00637,公寓,東明里,苗栗縣後龍鎮東明里8鄰宏陽路96號,1.0,90.0,後龍,,苗栗縣後龍鎮東明里8鄰宏陽路96號
HNA00638,公寓,東明里,苗栗縣後龍鎮東明里8鄰下浮尾119之6號,1.0,90.0,後龍,,苗栗縣後龍鎮東明里8鄰下浮尾119之6號
HNA00640,公寓,東明里,苗栗縣後龍鎮東明里13鄰下浮尾24之9號,1.0,38.0,後龍,,苗栗縣後龍鎮東明里13鄰下浮尾24之9號
HNA00641,公寓,東明里,苗栗縣後龍鎮東明里13鄰下浮尾24之5號,1.0,40.0,後龍,,苗栗縣後龍鎮東明里13鄰下浮尾24之5號
HNA00642,公寓,東明里,苗栗縣後龍鎮東明里8鄰下浮尾119之3號,1.0,1109.0,後龍,,苗栗縣後龍鎮東明里8鄰下浮尾119之3號
HNA00644,公寓,正南里,苗栗縣竹南鎮正南里25鄰福德路162號,1.0,40.0,竹南,,苗栗縣竹南鎮正南里25鄰福德路162號
HNA00645,公寓,公義里,苗栗縣竹南鎮公義里11鄰友義路68號,1.0,348.0,大同,,苗栗縣竹南鎮公義里11鄰友義路68號
HNA00646,竹南國中,竹南里,苗栗縣竹南鎮竹南里中正路92號,1.0,1418.0,竹南,,苗栗縣竹南鎮竹南里中正路92號
HNA00647,公寓,新民里,苗栗縣後龍鎮新民里中心路121之5號,1.0,944.0,新港,,苗栗縣後龍鎮新民里中心路121之5號
HNA00648,公寓,公義里,苗栗縣竹南鎮公義里11鄰科義路8號,1.0,873.0,大同,,苗栗縣竹南鎮公義里11鄰科義路8號
HNA00650,仁德醫校,溪洲里,"24.62273516927101, 120.78125778697398",1.0,408.0,後龍,"24.62273516927101, 120.78125778697398","24.62273516927101, 120.78125778697398"
HNA00651,公寓,照南里,苗栗縣竹南鎮照南里3鄰自由街30號,1.0,186.0,竹南,,苗栗縣竹南鎮照南里3鄰自由街30號
HNA00652,仁德醫校,溪洲里,苗栗縣後龍鎮溪洲里79之3號,1.0,1595.0,後龍,"24.62273516927101, 120.78125778697398",苗栗縣後龍鎮溪洲里79之3號
HNA00653,育達科技大學,談文村,苗栗縣造橋鄉談文村5鄰學府路168號,1.0,1772.0,談文,,苗栗縣造橋鄉談文村5鄰學府路168號
HNA00654,公寓,營盤里,苗栗縣竹南鎮營盤里9鄰大營路209號,1.0,740.0,竹南,,苗栗縣竹南鎮營盤里9鄰大營路209號
HNA00655,京元電子,頂埔里,苗栗縣竹南鎮頂埔里中華路118號,1.0,14611.0,大同,,苗栗縣竹南鎮頂埔里中華路118號
HNA00656,聯友光電,公義里,苗栗縣竹南鎮公義里11鄰科義路1號,1.0,10049.0,大同,,苗栗縣竹南鎮公義里11鄰科義路1號
HNA00657,新揚科技,公義里,苗栗縣竹南鎮公義里11鄰科義路38號,1.0,2884.0,大同,,苗栗縣竹南鎮公義里11鄰科義路38號
HNA00658,照南國中,山佳里,苗栗縣竹南鎮山佳里公教路2號,1.0,902.0,竹南,,苗栗縣竹南鎮山佳里公教路2號
HNA00659,佳煜科技,公義里,苗栗縣竹南鎮公義里友義路230號,1.0,406.0,大同,,苗栗縣竹南鎮公義里友義路230號
HNA00660,統寶光電,頂埔里,苗栗縣竹南鎮頂埔里10鄰仁愛路121巷5號,1.0,31621.0,大同,,苗栗縣竹南鎮頂埔里10鄰仁愛路121巷5號
HNA00661,大同國中,大埔里,苗栗縣竹南鎮大埔里6鄰公義路890號,1.0,2910.0,大同,,苗栗縣竹南鎮大埔里6鄰公義路890號
HNA00662,仁德醫校,溪洲里,苗栗縣後龍鎮溪洲里79之9號,1.0,1947.0,後龍,"24.6218104855099, 120.7812593969667",苗栗縣後龍鎮溪洲里79之9號
HNA00663,海口國小,海口里,苗栗縣竹南鎮海口里7鄰海口路93號,1.0,732.0,海口,,苗栗縣竹南鎮海口里7鄰海口路93號
HNA00664,沛鑫科技,頂埔里,苗栗縣竹南鎮頂埔里10鄰科中路16號,1.0,6416.0,大同,,苗栗縣竹南鎮頂埔里10鄰科中路16號
HNA00665,中強光電,頂埔里,苗栗縣竹南鎮頂埔里科北路2號,1.0,9584.0,大同,,苗栗縣竹南鎮頂埔里科北路2號
HNA00666,晶宇生物科技,頂埔里,苗栗縣竹南鎮頂埔里科中路31號,1.0,3145.0,大同,,苗栗縣竹南鎮頂埔里科中路31號
HNA00667,卓越光纖,頂埔里,苗栗縣竹南鎮頂埔里10鄰科中路11號,1.0,5285.0,大同,,苗栗縣竹南鎮頂埔里10鄰科中路11號
HNA00668,群創光電,頂埔里,苗栗縣竹南鎮頂埔里科學路160號,1.0,6862.0,大同,,苗栗縣竹南鎮頂埔里科學路160號
HNA00669,公寓,正南里,苗栗縣竹南鎮正南里10鄰中山路39號,1.0,538.0,竹南,,苗栗縣竹南鎮正南里10鄰中山路39號
HNA00670,連勇科技,頂埔里,苗栗縣竹南鎮頂埔里10鄰科中路13號,1.0,6345.0,大同,,苗栗縣竹南鎮頂埔里10鄰科中路13號
HNA00671,國家衛生研究院,頂埔里,苗栗縣竹南鎮頂埔里10鄰科研路37號,1.0,2467.0,大同,,苗栗縣竹南鎮頂埔里10鄰科研路37號
HNA00672,國家衛生研究院,頂埔里,苗栗縣竹南鎮頂埔里科研路35號,1.0,33458.0,大同,,苗栗縣竹南鎮頂埔里科研路35號
HNA00673,中美矽晶製品股份有限公司,頂埔里,苗栗縣竹南鎮頂埔里10鄰科中路21號,1.0,5260.0,大同,,苗栗縣竹南鎮頂埔里10鄰科中路21號
HNA00674,京元電子股份有限公司,頂埔里,苗栗縣竹南鎮頂埔里中華路118號,1.0,8050.0,大同,,苗栗縣竹南鎮頂埔里中華路118號
HNA00675,竹南國中,正南里,苗栗縣竹南鎮正南里17鄰中正路92號,1.0,683.0,竹南,,苗栗縣竹南鎮正南里17鄰中正路92號
HNA00676,大豐能源科技,頂埔里,苗栗縣竹南鎮頂埔里10鄰科中路15號,1.0,10194.0,大同,,苗栗縣竹南鎮頂埔里10鄰科中路15號
HNA00677,國家衛生研究院,頂埔里,苗栗縣竹南鎮頂埔里10鄰科研路35號,1.0,5677.0,大同,,苗栗縣竹南鎮頂埔里10鄰科研路35號
HNA00678,科學工業管理局,頂埔里,苗栗縣竹南鎮頂埔里10鄰科研路50巷1號,1.0,17878.0,大同,,苗栗縣竹南鎮頂埔里10鄰科研路50巷1號
HNA00679,京元電子,頂埔里,苗栗縣竹南鎮頂埔里中華路118號,1.0,26197.0,大同,,苗栗縣竹南鎮頂埔里中華路118號
HNA00165,大樓,新南里,苗栗縣竹南鎮新南街63號,1.0,902.0,竹南,,苗栗縣竹南鎮新南街63號
HNA00682,精達末晶粉,崎頂里,苗栗縣竹南鎮崎頂里仁愛路1433號,1.0,3125.0,大同,,苗栗縣竹南鎮崎頂里仁愛路1433號
HNA00681,昱晶能源科技,頂埔里,苗栗縣竹南鎮頂埔里科北一路21號,1.0,16521.0,大同,,苗栗縣竹南鎮頂埔里科北一路21號
HNA00016-A,育達科技大學,談文村,苗栗縣造橋鄉談文村學府路168號,1.0,1772.0,談文,,苗栗縣造橋鄉談文村學府路168號
H9A00018,公寓,造橋村,苗栗縣造橋鄉造橋村13鄰東興13號,1.0,53.0,造橋,,苗栗縣造橋鄉造橋村13鄰東興13號
HNA00680,中興商工,營盤里,苗栗縣竹南鎮營盤里大營路211之1號,1.0,252.0,竹南,,苗栗縣竹南鎮營盤里大營路211之1號
HNA00682-A,竹南鎮立圖書館,正南里,苗栗縣竹南鎮正南里23鄰中正路108號,1.0,779.0,竹南,,苗栗縣竹南鎮正南里23鄰中正路108號
HNA00684,群創光電,頂埔里,苗栗縣竹南鎮頂埔里012鄰科學路168號,1.0,14199.0,大同,,苗栗縣竹南鎮頂埔里012鄰科學路168號
HNA00685,大埔國小,大埔里,苗栗縣竹南鎮大埔里11鄰仁愛路1092號,1.0,459.0,大同,,苗栗縣竹南鎮大埔里11鄰仁愛路1092號
HNA00686,群創光電,頂埔里,苗栗縣竹南鎮頂埔里012鄰科學路168號,1.0,14176.0,大同,,苗栗縣竹南鎮頂埔里012鄰科學路168號
HNA00687,中美矽晶製品竹南分公司,頂埔里,苗栗縣竹南鎮頂埔里10鄰科中路6號,1.0,8636.0,大同,,苗栗縣竹南鎮頂埔里10鄰科中路6號
HNA00688,公寓,照南里,苗栗縣竹南鎮照南里21鄰大營路281號,1.0,248.0,竹南,,苗栗縣竹南鎮照南里21鄰大營路281號
HNA00690,超豐電子,佳興里,苗栗縣竹南鎮佳興里2鄰公義路112路,1.0,8955.0,竹南,,苗栗縣竹南鎮佳興里2鄰公義路112路
HNA00690-A,冠軍建材,大埔里,苗栗縣竹南鎮大埔里13鄰竹篙厝200之7號,1.0,1759.0,大同,,苗栗縣竹南鎮大埔里13鄰竹篙厝200之7號
HNA00691,冠軍建材,大埔里,苗栗縣竹南鎮大埔里13鄰竹篙厝200之7號,1.0,1759.0,大同,,苗栗縣竹南鎮大埔里13鄰竹篙厝200之7號
HNA00692,苗北演藝廳,新南里,苗栗縣竹南鎮新南里17鄰公園路206號,1.0,4999.0,竹南,,苗栗縣竹南鎮新南里17鄰公園路206號
HNA00693,聯嘉光電,頂埔里,苗栗縣竹南鎮科東1路2號,1.0,4809.0,大同,,苗栗縣竹南鎮科東1路2號
HNA00694,竹南長青公園,竹南里,苗栗縣竹南鎮民族街73之1號,1.0,2011.0,竹南,,苗栗縣竹南鎮民族街73之1號
HNA00695,大樓,大埔里,苗栗縣竹南鎮大埔里大埔十街26號,1.0,3017.0,竹南,,苗栗縣竹南鎮大埔里大埔十街26號
HNA00696,苗栗縣政府環保局,校椅里,苗栗縣後龍鎮高鐵1路95號,1.0,50.0,後龍,,苗栗縣後龍鎮高鐵1路95號
HNA00697,大樓,大埔里,苗栗縣竹南鎮大埔里2鄰科專七路316號,1.0,3100.0,竹南,,苗栗縣竹南鎮大埔里2鄰科專七路316號
HNA00698,大樓,大埔里,苗栗縣竹南鎮大埔里2鄰科專七路476號,1.0,3005.0,竹南,,苗栗縣竹南鎮大埔里2鄰科專七路476號
HNA00699,大樓,大埔里,苗栗縣竹南鎮大埔里1鄰大埔街113號,1.0,2830.0,竹南,,苗栗縣竹南鎮大埔里1鄰大埔街113號
HNA00700,公寓,大埔里,苗栗縣竹南鎮大埔里6鄰公義路462巷50號,1.0,1000.0,竹南,,苗栗縣竹南鎮大埔里6鄰公義路462巷50號
HNA00701,公寓,大埔里,苗栗縣竹南鎮大埔里1鄰大埔街102號,3.0,300.0,竹南,,苗栗縣竹南鎮大埔里1鄰大埔街102號
HNA00702,大樓,山佳里,苗栗縣竹南鎮山佳里5鄰龍山路三段152號,1.0,841.0,竹南,,苗栗縣竹南鎮山佳里5鄰龍山路三段152號
HNA00703,大樓,新南里,苗栗縣竹南鎮新南里12鄰維新路313號,1.0,707.0,竹南,,苗栗縣竹南鎮新南里12鄰維新路313號
HNA00704,大樓,照南里,苗栗縣竹南鎮照南里27鄰華東街52號,1.0,3140.0,竹南,,苗栗縣竹南鎮照南里27鄰華東街52號
HNA00705,大樓,營盤里,苗栗縣竹南鎮營盤里22鄰萬福街1號,1.0,1081.0,竹南,,苗栗縣竹南鎮營盤里22鄰萬福街1號
HNA00706,群聯電子,公義里,苗栗縣竹南鎮公義里11鄰群義路1之2號,1.0,11614.0,竹南,,苗栗縣竹南鎮公義里11鄰群義路1之2號
HNA00707,大樓,大埔里,苗栗縣竹南鎮大埔里1鄰大埔街48號,1.0,8060.0,竹南,,苗栗縣竹南鎮大埔里1鄰大埔街48號
HNA00708,大樓,大埔里,苗栗縣竹南鎮大埔里2鄰大埔十街46巷1號,1.0,10231.0,竹南,,苗栗縣竹南鎮大埔里2鄰大埔十街46巷1號
HNA00709,大樓,頂埔里,苗栗縣竹南鎮頂埔里12鄰中華路88號,1.0,8739.0,竹南,,苗栗縣竹南鎮頂埔里12鄰中華路88號
HNA00714,大樓,新南里,苗栗縣竹南鎮新南里17鄰公園路108號,1.0,10013.0,竹南,,苗栗縣竹南鎮新南里17鄰公園路108號
HNA00715,大樓,正南里,苗栗縣竹南鎮正南里15鄰福德路27號,1.0,1232.0,竹南,,苗栗縣竹南鎮正南里15鄰福德路27號
HNA00716,公寓,竹興里,"24.692902446953127, 120.86008700551557",1.0,523.0,中港海口,"24.692902446953127, 120.86008700551557"
HNA00717,大樓,大埔里,苗栗縣竹南鎮大埔里18鄰仁愛路939號,1.0,1272.0,大同,,苗栗縣竹南鎮大埔里18鄰仁愛路939號
HNA00718,大樓,新南里,苗栗縣竹南鎮新南里15鄰新南街161號,1.0,1937.0,竹南,,苗栗縣竹南鎮新南里15鄰新南街161號
HNA00719,公寓,正南里,苗栗縣竹南鎮正南里15鄰福德路31號,1.0,740.0,竹南,,苗栗縣竹南鎮正南里15鄰福德路31號
HNA00720,大樓,開元里,苗栗縣竹南鎮開元里10鄰迎薰南路112之1號,1.0,5356.0,中港海口,,苗栗縣竹南鎮開元里10鄰迎薰南路112之1號
HNA00721,宏楷科技,大埔里,苗栗縣竹南鎮大埔里1鄰科專一路368號,1.0,1776.0,大同,,苗栗縣竹南鎮大埔里1鄰科專一路368號
HNA00722,大樓,開元里,苗栗縣竹南鎮開元里10鄰迎薰南路141號,1.0,881.0,中港海口,,苗栗縣竹南鎮開元里10鄰迎薰南路141號
HNA00723,大樓,大埔里,苗栗縣竹南鎮大埔街168號,1.0,5115.0,大同,,苗栗縣竹南鎮大埔街168號
HNA00723a,台拓機電,大埔里,苗栗縣竹南鎮科專7路502號,1.0,829.0,大同,,苗栗縣竹南鎮科專7路502號
HNA00724,大樓,佳興里,苗栗縣竹南鎮光復路331號,1.0,180.0,竹南,,苗栗縣竹南鎮光復路331號
HNA00726,大樓,新南里,苗栗縣竹南鎮新南路維新路311號,2.0,958.0,竹南,,苗栗縣竹南鎮新南路維新路311號
HNA00725,群聯電子,公義里,苗栗縣竹南鎮群義路1-5號,1.0,1500.0,大同,,苗栗縣竹南鎮群義路1-5號
