電腦編號,建築物名稱,鄉鎮市區,村里別,地址,地下樓層,可容納人數,轄管分局
XX0043," 台灣電信管理局"," 新興區",開平里,高雄市新興區錦田路142號,1,240.2,新興分局
XX0047," 大樓"," 新興區",榮治里,高雄市新興區大同一路179號,1,356.97,新興分局
XX0049," 大樓"," 新興區",振成里,高雄市新興區五福二路147號,1,329.87,新興分局
XX0057," 高雄郵局"," 新興區",東坡里,高雄市新興區中正三路179號,1,1661.92,新興分局
XX0058," 大樓"," 新興區",順昌里,高雄市新興區七賢一路100號,1,352.86,新興分局
XX0059," 大樓"," 新興區",明莊里,高雄市新興區中山一路117號,1,489.959,新興分局
QJ0015," 大樓"," 前金區",新生里,高雄市前金區市中一路242號,1,347.39,新興分局
QJ0018," 大樓"," 前金區",長城里,高雄市前金區新盛一街9號地下室,2,513.18,新興分局
QJ0022," 大樓"," 前金區",國民里,高雄市前金區大同二路131號,1,265.67,新興分局
XX0097," 大樓"," 新興區",新江里,高雄市新興區中山一路300號,1,78.17,新興分局
QJ0023," 大樓"," 前金區",青山里,高雄市前金區中正四路105號,1,282.67,新興分局
XX0103," 大樓"," 新興區",新江里,高雄市新興區八德一路316號,2,1021.31,新興分局
XX0104," 大樓"," 新興區",新江里,高雄市新興區林森一路267號,2,1029.29,新興分局
XX0105," 大樓"," 新興區",大明里,高雄市新興區南台路16號,1,475.38,新興分局
XX0114," 大樓"," 新興區",建華里,高雄市新興區自立一路66之16號,2,1206.12,新興分局
XX0115," 大樓"," 新興區",成功里,高雄市新興區六合一路109號,1,187.11,新興分局
QJ0027," 大樓"," 新興區",國民里,高雄市前金區大同二路145號十之6,2,2661.62,新興分局
XX0129," 大樓"," 新興區",新江里,高雄市新興區南華路188號,1,381.54,新興分局
QJ0033," 大樓"," 前金區",草江里,高雄市前金區新盛一街55號,1,274.78,新興分局
QJ0034," 大樓"," 前金區",青山里,高雄市前金區中正四路99號,2,890.18,新興分局
XX0135," 透天"," 新興區",浩然里,高雄市新興區五福二路3號,1,472.5,新興分局
XX0136," 透天"," 新興區",中東里,高雄市新興區七賢一路393號,1,250,新興分局
QJ0036," 透天"," 前金區",博孝里,高雄市前金區五福三路122號,1,686.8,新興分局
XX0141," 大樓"," 新興區",中東里,高雄市新興區六合一路90號,1,207.9,新興分局
XX0143," 大樓"," 新興區",南港里,高雄市新興區林森一路242號,2,1344.55,新興分局
XX0144," 大樓"," 新興區",順昌里,高雄市新興區七賢一路75號,1,206.98,新興分局
XX0152," 大樓"," 新興區",玉衡里,高雄市新興區文橫一路17號,1,636.24,新興分局
XX0171," 大樓"," 新興區",中東里,高雄市新興區七賢一路301號,1,860.03,新興分局
XX0183," 大樓"," 新興區",建華里,高雄市新興區八德二路94號,1,228.09,新興分局
QJ0073," 大樓"," 前金區",長生里,高雄市前金區中華三路17號,1,243.52,新興分局
XX0188," 大樓"," 新興區",中東里,高雄市新興區六合一路92號,2,503.61,新興分局
XX0201," 大樓"," 新興區",興昌里,高雄市新興區七賢一路225號,2,619.63,新興分局
QJ0096," 大樓"," 前金區",新生里,高雄市前金區七賢二路254號,1,229.79,新興分局
XX0227," 大樓"," 新興區",德生里,高雄市新興區五福一路142號地下室,1,1200.67,新興分局
XX0228," 大樓"," 新興區",建華里,高雄市新興區南台橫路31號,1,438.13,新興分局
XX0229," 大樓"," 新興區",秋山里,高雄市新興區民主路16號,2,701.03,新興分局
XX0231," 大樓"," 新興區",中東里,高雄市新興區復興一路72號,1,275.87,新興分局
XX0237," 大樓"," 新興區",順昌里,高雄市新興區七賢一路73號,1,313.55,新興分局
XX0238," 大樓"," 新興區",永寧里,高雄市新興區五福二路146號,1,573.97,新興分局
XX0242," 大樓"," 新興區",文昌里,高雄市新興區中正二路218號,1,539.82,新興分局
XX0243," 大樓"," 新興區",文昌里,高雄市新興區和平一路215之4號,1,594.4,新興分局
XX0244," 大樓"," 新興區",德生里,高雄市新興區五福二路14號,1,168.04,新興分局
XX0257," 大樓"," 新興區",振成里,高雄市新興區文化路53號,1,510.28,新興分局
QJ0113," 大樓"," 前金區",長城里,高雄市前金區新盛一街12號,1,261.35,新興分局
QJ0114," 大樓"," 前金區",新生里,高雄市前金區七賢二路394號,1,667.66,新興分局
QJ0115," 大樓"," 前金區",文東里,高雄市前金區中山二路575號,1,1161.15,新興分局
QJ0135," 大樓"," 前金區",榮復里,高雄市前金區成功一路286號,1,318.4,新興分局
XX0288," 大樓"," 新興區",東坡里,高雄市新興區林森一路163號,1,1299.99,新興分局
QJ0142," 大樓"," 前金區",後金里,高雄市前金區六合二路279號,1,1197.37,新興分局
XX0294," 大樓"," 新興區",南港里,高雄市新興區忠孝一路437巷18號,1,187.82,新興分局
QJ0144," 大樓"," 前金區",復元里,高雄市前金區民生二路58號地下室,1,1229.55,新興分局
QJ0145," 透天"," 前金區",新生里,高雄市前金區新生里河南二路196之1號,1,861.74,新興分局
QJ0146," 大樓"," 前金區",文西里,高雄市前金區五福三路61號,2,1456.2,新興分局
XX0302," 大樓"," 新興區",文昌里,高雄市新興區六合路67號,1,967.42,新興分局
XX0312," 大樓"," 新興區",成功里,高雄市新興區仁愛一街137號,1,266.23,新興分局
XX0323," 大樓"," 新興區",光耀里,高雄市新興區黃海街36號,1,734.01,新興分局
XX0325," 大樓"," 新興區",玉衡里,高雄市新興區中山一路12號,1,391.6,新興分局
XX0328," 大樓"," 新興區",光耀里,高雄市新興區中正三路5號,1,1123.73,新興分局
XX0329," 台灣電信管理局"," 新興區",成功里,高雄市新興區林森一路230號,1,3337.67,新興分局
XX0330," 大樓"," 新興區",永寧里,高雄市新興區五福二路172號,1,199.64,新興分局
XX0335," 大樓"," 新興區",德望里,高雄市新興區復橫一路156之1號,1,1014.98,新興分局
XX0336," 大樓"," 新興區",德望里,高雄市新興區復興一路22號,1,886.4,新興分局
XX0343," 大樓"," 新興區",明莊里,高雄市新興區中正四路72號,1,149.47,新興分局
XX0349," 大樓"," 新興區",南港里,高雄市新興區仁愛一街291巷8號,1,1495.46,新興分局
XX0354," 大樓"," 新興區",仁聲里,高雄市新興區復興一路49號,1,709.46,新興分局
XX0355," 大樓"," 新興區",德望里,高雄市新興區復興一路42號,1,578.81,新興分局
QJ0170," 大樓"," 新興區",三川里,高雄市前金區七賢二路118號之底層,2,339.1,新興分局
XX0357," 大樓"," 新興區",仁聲里,高雄市新興區仁愛一街98號,1,282.03,新興分局
XX0358," 大樓"," 新興區",秋山里,高雄市新興區六合二路30號,1,303.74,新興分局
XX0359," 大樓"," 新興區",中東里,高雄市新興區復興一路74號,1,270.09,新興分局
QJ0175," 大樓"," 前金區",東金里,高雄市前金區自強一路54號,1,670.9,新興分局
QJ0176," 大樓"," 前金區",民生里,高雄市前金區中華三路81號,1,371.36,新興分局
XX0364," 大樓"," 新興區",德望里,高雄市新興區中正三路31號之1,1,184.92,新興分局
QJ0178," 大樓"," 前金區",新生里,高雄市前金區市中一路272號,1,534.34,新興分局
QJ0179," 大樓"," 前金區",社東里,高雄市前金區五福三路102號,1,243.5,新興分局
XX0367," 大樓"," 新興區",振成里,高雄市新興區仁智街304號,1,168.65,新興分局
XX0368," 大樓"," 前金區",玉衡里,高雄市新興區中山一路10之2號,1,114,新興分局
XX0370," 大樓"," 新興區",愛平里,高雄市新興區興華路62號,1,333.71,新興分局
XX0374," 大樓"," 新興區",德望里,高雄市新興區錦田路43號,1,353.82,新興分局
XX0377," 大樓"," 新興區",振成里,高雄市新興區文化路97號,1,343.61,新興分局
XX0388," 大樓"," 新興區",長驛里,高雄市新興區明星街68號,1,193.38,新興分局
QJ0182," 大樓"," 前金區",新生里,高雄市前金區七賢二路329號,3,939.77,新興分局
QJ0184," 透天"," 前金區",博孝里,高雄市前金區五福三路122號,1,658.97,新興分局
XX0393," 大樓"," 新興區",成功里,高雄市新興區忠孝一路344號,1,146.09,新興分局
QJ0188," 大樓"," 前金區",長城里,高雄市前金區瑞源路75號,1,292.42,新興分局
XX0409," 大樓"," 新興區",秋山里,高雄市新興區明星街42號,1,206.32,新興分局
QJ0192," 大樓"," 前金區",東金里,高雄市前金區中正四路168號,3,992.3,新興分局
XX0425," 大樓"," 新興區",南港里,高雄市新興區八德一路194號,1,535.34,新興分局
QJ0197," 大樓"," 前金區",三川里,高雄市前金區瑞源路192號,1,51.8,新興分局
QJ0198," 大樓"," 前金區",東金里,高雄市前金區文武一街18號,1,498.41,新興分局
QJ0199," 大樓"," 前金區",東金里,高雄市前金區七賢二路203號,1,508.76,新興分局
QJ0200," 大樓"," 前金區",文東里,高雄市前金區五福三路21號,2,875.64,新興分局
XX0435," 大樓"," 新興區",光耀里,高雄市新興區民生一路40號,1,119.32,新興分局
QJ0204," 大樓"," 前金區",青山里,高雄市前金區新盛二街83號,1,543.9,新興分局
QJ0205," 大樓"," 前金區",長城里,高雄市前金區瑞源路88號,1,311.89,新興分局
QJ0206,國賓大飯店股份有限公司," 前金區",國民里,高雄市前金區民生二路202號,3,10878.22,新興分局
QJ0210," 大樓"," 前金區",社東里,高雄市前金區自強二路59號,1,169.13,新興分局
XX0439," 大樓"," 新興區",中東里,高雄市新興區六合一路96巷18號,1,3071.57,新興分局
XX0440,黑鮪魚大飯店," 新興區",建華里,高雄市新興區八德二路10號,1,419.37,新興分局
XX0441," 大樓"," 新興區",建華里,高雄市新興區八德二路6號,1,462.06,新興分局
QJ0211," 大樓"," 前金區",東金里,高雄市前金區榮安街43號,1,150.01,新興分局
XX0443," 大樓"," 新興區",德望里,高雄市新興區達仁街111號,1,122.37,新興分局
XX0445," 大樓"," 新興區",大明里,高雄市新興區中正四路53號,1,794.6,新興分局
XX0451," 大樓"," 新興區",南港里,高雄市新興區七賢一路398號,2,1456.42,新興分局
QJ0212," 大樓"," 前金區",東金里,高雄市前金區自強一路36號,1,168.91,新興分局
XX0454," 大樓"," 新興區",建華里,高雄市新興區七賢二路102號,1,152.95,新興分局
XX0462," 大樓"," 新興區",永寧里,高雄市新興區五福二路198號,1,198.71,新興分局
XX0463," 大樓"," 新興區",愛平里,高雄市新興區林森一路203巷37號,1,90.95,新興分局
XX0464," 大樓"," 新興區",順昌里,高雄市新興區七賢一路106號,1,183.01,新興分局
XX0468," 大樓"," 新興區",黎明里,高雄市新興區中山一路210號,1,121.25,新興分局
QJ0214," 大樓"," 前金區",東金里,高雄市前金區七賢二路201號,1,177.94,新興分局
QJ0215," 大樓"," 前金區",博孝里,高雄市前金區河東路2號,1,558.09,新興分局
XX0469," 大樓"," 新興區",新江里,高雄市新興區七賢一路480號,1,688.17,新興分局
QJ0216," 大樓"," 前金區",長城里,高雄市前金區瑞源路72號,1,324.14,新興分局
QJ0217," 大樓"," 前金區",社西里,高雄市前金區民生二路227號,1,506.6,新興分局
QJ0218," 大樓"," 前金區",新生里,高雄市前金區七賢二路328號,1,459.08,新興分局
XX0472," 大樓"," 新興區",仁聲里,高雄市新興區復興一路19號,1,798.23,新興分局
XX0473," 上海商業儲蓄銀行（高雄分行）"," 新興區",仁聲里,高雄市新興區中正三路61號,3,427,新興分局
XX0475," 大樓"," 新興區",新江里,高雄市新興區七賢一路464號,1,94.12,新興分局
QJ0222," 大樓"," 前金區",長生里,高雄市前金區民生二路71號,1,857.77,新興分局
QJ0223," 大樓"," 前金區",社東里,高雄市前金區自強二路41號,1,159.88,新興分局
QJ0224,法務部調查局," 前金區",後金里,高雄市前金區中正四路226號,1,657.53,新興分局
QJ0225,高雄市前金區公所," 前金區",林投里,高雄市前金區自強二路169號,1,641.34,新興分局
XX0493," 大樓"," 前金區",愛平里,高雄市新興區六合一路159之4號,1,175.96,新興分局
QJ0228," 大樓"," 前金區",博孝里,高雄市前金區市中一路7號,1,323.65,新興分局
XX0501," 大樓"," 新興區",德生里,高雄市新興區民生一路99號,1,685.44,新興分局
XX0502,民生大廈," 新興區",德生里,高雄市新興區民生一路23號,1,523.28,新興分局
XX0503," 大樓"," 新興區",中東里,高雄市新興區中正三路54號,1,143.19,新興分局
XX0505," 大樓"," 新興區",光耀里,高雄市新興區渤海街16號,1,1207.43,新興分局
XX0527," 大樓"," 新興區",德望里,高雄市新興區中正三路45號,2,603.59,新興分局
XX0549," 大樓"," 新興區",永寧里,高雄市新興區五福二路196號,1,707.53,新興分局
XX0556," 大樓"," 新興區",秋山里,高雄市新興區民主路9號,1,355.55,新興分局
XX0558," 大樓"," 新興區",振成里,高雄市新興區文化路58之3號,1,339.22,新興分局
QJ0248," 大樓"," 前金區",民生里,高雄市前金區中華三路89號,1,173.24,新興分局
XX0564," 大樓"," 新興區",順昌里,高雄市新興區七賢一路25號,1,416.65,新興分局
XX0570," 大樓"," 新興區",中東里,高雄市新興區七賢一路321號,1,1422.51,新興分局
XX0588," 大樓"," 新興區",明莊里,高雄市新興區中山橫路47號,1,71.69,新興分局
XX0592," 大樓"," 新興區",振成里,高雄市新興區五福二路195號,1,113.38,新興分局
XX0601," 大樓"," 新興區",成功里,高雄市新興區六合一路63之1號,1,110.35,新興分局
XX0603," 大樓"," 新興區",秋山里,高雄市新興區七賢二路25號,1,609.53,新興分局
QJ0256," 大樓"," 前金區",青山里,高雄市前金區中正四路143號,1,479.37,新興分局
QJ0257," 大樓"," 前金區",長生里,高雄市前金區中華三路53號,1,409.58,新興分局
XX0607," 大樓"," 新興區",文昌里,高雄市新興區中正二路192號,1,512.34,新興分局
XX0608," 大樓"," 新興區",文昌里,高雄市新興區中正二路190號,1,263.78,新興分局
XX0627," 大樓"," 新興區",成功里,高雄市新興區中正三路110號,1,237.18,新興分局
XX0630," 大樓"," 新興區",成功里,高雄市新興區中正三路134號,1,220.93,新興分局
QJ0259," 大樓"," 前金區",長城里,高雄市前金區瑞源路78號,1,188.25,新興分局
XX0635," 大樓"," 新興區",開平里,高雄市新興區錦田路135巷33號,1,238.91,新興分局
XX0636," 大樓"," 新興區",秋山里,高雄市新興區中山一路183號,1,164.68,新興分局
XX0637,兆豐銀行新興分行," 新興區",新江里,高雄市新興區中山一路308號,2,961.82,新興分局
XX0639," 大樓"," 新興區",南港里,高雄市新興區忠孝一路456號,2,813.04,新興分局
XX0645,高雄市立高雄商業職業學校," 新興區",浩然里,高雄市新興區五福二路3號,1,1062.71,新興分局
QJ0268,高雄市政府衛生局," 前金區",林投里,高雄市前金區中正四路261號,1,316.28,新興分局
QJ0269," 大樓"," 前金區",長生里,高雄市前金區光復一街2號,1,1187.47,新興分局
XX0649," 大樓"," 新興區",長驛里,高雄市新興區七賢二路89號,1,118.7,新興分局
XX0650," 大樓"," 新興區",大明里,高雄市新興區中正四路1號,1,168.33,新興分局
XX0651," 大樓"," 新興區",秋山里,高雄市新興區七賢二路71號,1,366.6,新興分局
XX0655," 大樓"," 新興區",秋山里,高雄市新興區七賢二路65號,1,220.22,新興分局
QJ0271," 大樓"," 前金區",長生里,高雄市前金區五福三路60號,1,465.52,新興分局
QJ0272,白金漢大飯店股份有限公司," 前金區",新生里,高雄市前金區賢中街3號,1,193.86,新興分局
XX0657," 大樓"," 新興區",成功里,高雄市新興區中正三路78之1號,1,238.16,新興分局
QJ0276," 大樓"," 前金區",長城里,高雄市前金區中華三路232號,2,536.47,新興分局
XX0665," 大樓"," 新興區",中東里,高雄市新興區中正三路68之4號,1,95.56,新興分局
QJ0277," 大樓"," 前金區",文東里,高雄市前金區中山二路533號,1,565.5,新興分局
QJ0278," 大樓"," 前金區",草江里,高雄市前金區七賢二路183號,1,211.97,新興分局
QJ0281," 大樓"," 前金區",新生里,高雄市前金區七賢二路377號,1,126.39,新興分局
QJ0282," 大樓"," 前金區",新生里,高雄市前金區七賢二路426號,1,781.05,新興分局
XX0674," 大樓"," 新興區",大明里,高雄市新興區大同一路180號,1,431.76,新興分局
XX0681," 大樓"," 新興區",仁聲里,高雄市新興區復興一路51號,1,1017.09,新興分局
QJ0283," 大樓"," 前金區",青山里,高雄市前金區中華三路98號,1,553.11,新興分局
XX0684," 大樓"," 新興區",大明里,高雄市新興區中正四路25號,1,149.98,新興分局
QJ0284," 大樓"," 前金區",三川里,高雄市前金區七賢二路156號,1,340.62,新興分局
XX0701," 大樓"," 新興區",建華里,高雄市新興區七賢二路86號,1,480.4,新興分局
XX0705," 大樓"," 新興區",成功里,高雄市新興區中正三路129號,1,334.54,新興分局
QJ0292," 大樓"," 前金區",三川里,高雄市前金區七賢二路122號,1,396.22,新興分局
XX0710," 大樓"," 新興區",振成里,高雄市新興區文化路65號,1,231.86,新興分局
XX0712," 大樓"," 新興區",成功里,高雄市新興區中正三路84號,1,313.27,新興分局
QJ0293," 大樓"," 前金區",榮復里,高雄市前金區自強三路277號,1,133.51,新興分局
XX0715," 大樓"," 新興區",長驛里,高雄市新興區明星街66號,1,367.48,新興分局
XX0719,宏法寺," 新興區",南港里,高雄市新興區仁愛一街296號,1,84.54,新興分局
QJ0294,高雄市立高雄女子高級中學," 前金區",博孝里,高雄市前金區五福三路122號,1,1367.8,新興分局
XX0721," 大樓"," 新興區",新江里,高雄市新興區八德一路330號,1,558.78,新興分局
XX0722," 大樓"," 新興區",黎明里,高雄市新興區六合一路174號,1,199.84,新興分局
QJ0297," 大樓"," 前金區",長生里,高雄市前金區五福三路50號,1,510.22,新興分局
QJ0300," 大樓"," 前金區",青山里,高雄市前金區中正四路87號,2,705.13,新興分局
XX0727," 大樓"," 新興區",秋山里,高雄市新興區六合二路56號,1,170.68,新興分局
XX0728," 大樓"," 新興區",建華里,高雄市新興區七賢二路42號,1,83.46,新興分局
XX0733," 大樓"," 新興區",愛平里,高雄市新興區中山一路162號,1,205.04,新興分局
QJ0302," 大樓"," 前金區",新生里,高雄市前金區七賢二路356號,1,125.94,新興分局
XX0740," 大樓"," 新興區",開平里,高雄市新興區河南一路1之1號,1,488.27,新興分局
XX0741," 大樓"," 新興區",德生里,高雄市新興區民生一路185號,1,161.51,新興分局
XX0742," 大樓"," 新興區",德生里,高雄市新興區民生一路183號,1,120.45,新興分局
QJ0305," 大樓"," 前金區",博孝里,高雄市前金區市中一路39號,1,236.12,新興分局
QJ0307," 大樓"," 前金區",草江里,高雄市前金區中華三路156號,1,702.39,新興分局
XX0757," 大樓"," 新興區",建華里,高雄市新興區中山一路263號,1,670.52,新興分局
XX0758,高雄市新興區七賢國民小學," 新興區",中東里,高雄市新興區七賢一路393號,1,249.42,新興分局
QJ0310,前金國民中學," 前金區",後金里,高雄市前金區六合二路278號,1,1301.63,新興分局
QJ0311," 大樓"," 前金區",長城里,高雄市前金區六合二路145號之1,1,433.28,新興分局
QJ0312," 大樓"," 前金區",青山里,高雄市前金區瑞源路31之1號,1,1674.76,新興分局
QJ0313," 大樓"," 前金區",草江里,高雄市前金區草江里新盛一街47號,1,380.79,新興分局
QJ0314," 大樓"," 前金區",後金里,高雄市前金區中正四路258號,1,1139.98,新興分局
XX0770," 大樓"," 新興區",中東里,高雄市新興區七賢一路299號,1,953.31,新興分局
QJ0315," 大樓"," 前金區",長生里,高雄市前金區中華三路5號,1,270.47,新興分局
QJ0316," 大樓"," 前金區",長生里,高雄市前金區中華三路7號,1,189.37,新興分局
XX0782," 大樓"," 新興區",建華里,高雄市新興區七賢二路74號,1,680.81,新興分局
QJ0325," 大樓"," 前金區",長生里,高雄市前金區民生二路67號,1,198.39,新興分局
XX0792," 大樓"," 新興區",南港里,高雄市新興區七賢一路430號,1,538.3,新興分局
QJ0330," 大樓"," 前金區",社西里,高雄市前金區民生二路205號,1,191.57,新興分局
QJ0331," 大樓"," 前金區",青山里,高雄市前金區瑞源路26號,1,199.76,新興分局
QJ0333," 大樓"," 前金區",長城里,高雄市前金區中華三路126號,1,301.1,新興分局
XX0794,台灣基督長者教會," 新興區",秋山里,高雄市新興區明星街5號,1,684.67,新興分局
QJ0334,大立百貨企業股份有限公司," 前金區",文西里,高雄市前金區五福三路59號,3,2693.86,新興分局
QJ0335," 大樓"," 前金區",東金里,高雄市前金區中華三路129號,2,408.95,新興分局
QJ0336," 大樓"," 前金區",復元里,高雄市前金區中華三路67號,1,703.51,新興分局
XX0812," 大樓"," 新興區",德生里,高雄市新興區五福一街2號之1,1,904.8,新興分局
XX0813," 大樓"," 新興區",光耀里,高雄市新興區民生一路52號,1,345.68,新興分局
XX0816,高雄市立高雄商業職業學校," 新興區",浩然里,高雄市新興區五福二路3號,1,1245.72,新興分局
XX0817,台灣省住宅及都市發展局," 新興區",永寧里,高雄市新興區五福二路200號,1,771.97,新興分局
XX0818," 大樓"," 新興區",興昌里,高雄市新興區中正三路28號,1,224.8,新興分局
XX0823," 大樓"," 新興區",成功里,高雄市新興區中正三路88號,1,371.46,新興分局
XX0827," 大樓"," 新興區",南港里,高雄市新興區七賢一路424號,1,333.61,新興分局
XX0828," 大樓"," 新興區",永寧里,高雄市新興區德智街33號,1,157.19,新興分局
QJ0346,高雄市前金國民小學," 前金區",國民里,高雄市前金區大同二路61號,1,825.33,新興分局
XX0833," 大樓"," 新興區",德政里,高雄市新興區球庭路7之1號,1,565.6,新興分局
QJ0348," 大樓"," 前金區",青山里,高雄市前金區自立橫路65號,1,1231.14,新興分局
XX0837," 大樓"," 新興區",黎明里,高雄市新興區中山一路242號,1,920.76,新興分局
QJ0350," 大樓"," 前金區",長城里,高雄市前金區中正四路136號,1,416.01,新興分局
XX0841," 大樓"," 新興區",長驛里,高雄市新興區南台路127號,1,410.28,新興分局
QJ0354," 大樓"," 前金區",榮復里,高雄市前金區五福三路87號,2,736.09,新興分局
XX0852," 大樓"," 新興區",開平里,高雄市新興區開封路449號,1,772.44,新興分局
XX0853," 大樓"," 新興區",文昌里,高雄市新興區尚義街138號,1,456.2,新興分局
XX0857," 大樓"," 新興區",光耀里,高雄市新興區南海街2號,1,111.16,新興分局
XX0861," 大樓"," 新興區",華聲里,高雄市新興區忠孝一路147號,1,172.16,新興分局
XX0862," 大樓"," 新興區",新江里,高雄市新興區八德一路392號,2,160.3,新興分局
XX0871," 大樓"," 新興區",德政里,高雄市新興區中正三路93號,1,309.36,新興分局
XX0872," 大樓"," 新興區",振成里,高雄市新興區文化路56號,1,148.1,新興分局
XX0874,台灣省住宅及都市發展局," 新興區",振成里,高雄市新興區林森一路14號,1,916.87,新興分局
XX0875," 大樓"," 新興區",光耀里,高雄市新興區民生一路22號,1,645.43,新興分局
QJ0361,華南商業銀行股份有限公司," 前金區",草江里,高雄市前金區七賢二路189號,1,514.04,新興分局
QJ0363,高雄市立大同醫院," 前金區",復元里,高雄市前金區中華三路68號,2,1326.99,新興分局
QJ0366,台灣銀行," 前金區",後金里,高雄市前金區中正四路264號,1,230.77,新興分局
XX0888," 大樓"," 新興區",興昌里,高雄市新興區六合一路27號,1,375.2,新興分局
QJ0367," 大樓"," 前金區",長城里,高雄市前金區中山橫路95號,1,860.63,新興分局
XX0895," 大樓"," 新興區",振華里,高雄市新興區文橫二路119號,1,167.23,新興分局
QJ0370,高雄市立七賢國中（舊）," 前金區",新生里,高雄市前金區河南二路196號,1,1643.79,新興分局
QJ0371," 大樓"," 前金區",長城里,高雄市前金區七賢二路220之8號,1,159.08,新興分局
XX0903,新光人壽保險股份有限公司," 新興區",中東里,高雄市新興區七賢一路249號,2,1891.4,新興分局
QJ0374," 大樓"," 前金區",社東里,高雄市前金區自強二路75號,1,90.43,新興分局
XX0904," 大樓"," 新興區",興昌里,高雄市新興區信守街121號,1,187.8,新興分局
XX0906," 大樓"," 新興區",興昌里,高雄市新興區中正三路2號,3,1586.81,新興分局
XX0912," 大樓"," 新興區",東坡里,高雄市新興區中山一路86號,1,157.5,新興分局
XX0914," 大樓"," 新興區",南港里,高雄市新興區南華橫二路33號,1,666.64,新興分局
QJ0377," 大樓"," 前金區",社西里,高雄市前金區民生二路207號,1,204.39,新興分局
QJ0379,高雄市前金國民小學," 前金區",國民里,高雄市前金區大同二路61號,1,452.69,新興分局
XX0927," 大樓"," 新興區",振成里,高雄市新興區文化路83號,1,261.99,新興分局
QJ0381," 大樓"," 前金區",東金里,高雄市前金區七賢二路201之3號,1,123.83,新興分局
XX0934,高雄市七賢國民小學," 新興區",中東里,高雄市新興區七賢一路393號,1,300,新興分局
XX0949," 大樓"," 新興區",中東里,高雄市新興區六合一路55號,1,1674.39,新興分局
XX0952," 大樓"," 新興區",玉衡里,高雄市新興區中山一路12之2號,2,1065.45,新興分局
XX0958," 大樓"," 新興區",永寧里,高雄市新興區德智街17號,1,108.94,新興分局
QJ0390,高雄市政府警察局新興分局前金分駐所," 前金區",東金里,高雄市前金區中正四路174號,1,250.3,新興分局
XX0976,"臺灣土地銀行 中正分行"," 新興區",愛平里,高雄市新興區中正三路158號,2,1220.29,新興分局
XX0977," 大樓"," 新興區",南港里,高雄市新興區七賢一路432號,1,296.33,新興分局
QJ0393," 大樓"," 前金區",國民里,高雄市前金區民生二路163號,1,526.83,新興分局
QJ0396," 大樓"," 新興區",新生里,高雄市前金區七賢二路311號,1,457.6,新興分局
XX1000," 大樓"," 新興區",文昌里,高雄市新興區文昌里中正二路220號,1,524.53,新興分局
XX1005," 大樓"," 新興區",開平里,高雄市新興區七賢一路300號之1,1,1808.28,新興分局
XX1013," 大樓"," 新興區",愛平里,高雄市新興區中正三路156號,1,599.87,新興分局
QJ0399,酷旅樹屋旅店," 前金區",草江里,高雄市前金區六合二路132號,1,1132.72,新興分局
QJ0400," 大樓"," 前金區",民生里,高雄市前金區文武二街161之1號,1,406.04,新興分局
XX1016," 大樓"," 新興區",永寧里,高雄市新興區忠孝一路128號,1,157.81,新興分局
XX1020,交通部電信總局," 新興區",開平里,高雄市新興區錦田路142號,1,389.19,新興分局
XX1023," 大樓"," 新興區",秋山里,高雄市新興區六合二路66號,1,264.82,新興分局
QJ0405," 大樓"," 前金區",草江里,高雄市前金區草江里中華三路148號,2,1350.28,新興分局
XX1027,高雄市立大同國小," 新興區",榮治里,高雄市新興區大同一路231號,1,1853.32,新興分局
XX1028,高雄郵局," 新興區",東坡里,高雄市新興區中正三路177號,1,2034.35,新興分局
QJ0406," 大樓"," 前金區",新生里,高雄市前金區自強一路153號,1,278.97,新興分局
XX1034," 大樓"," 新興區",黎明里,高雄市新興區六合一路154之5號,1,495.02,新興分局
XX1037," 大樓"," 新興區",振華里,高雄市新興區民享街105號,1,188.11,新興分局
QJ0413," 大樓"," 前金區",青山里,高雄市前金區新盛二街73號,1,514.44,新興分局
XX1047,交通部電信總局," 新興區",成功里,高雄市新興區林森一路230號,1,1401.63,新興分局
QJ0414," 大樓"," 前金區",長生里,高雄市前金區中華三路21號,1,421.98,新興分局
QJ0415,喜悅大飯店股份有限公司," 前金區",長城里,高雄市前金區七賢二路178號,3,305.95,新興分局
QJ0426," 大樓"," 前金區",復元里,高雄市前金區自強二路104號,1,284.86,新興分局
XX1069," 大樓"," 新興區",大明里,高雄市新興區自立二路4號,1,510.32,新興分局
XX1072," 大樓"," 新興區",秋山里,高雄市新興區六合二路28號,1,122.81,新興分局
QJ0432," 大樓"," 前金區",後金里,高雄市前金區中正四路192號,1,969.46,新興分局
QJ0433," 大樓"," 前金區",新生里,高雄市前金區自強一路139巷11號,1,541.9,新興分局
QJ0435," 大樓"," 前金區",長城里,高雄市前金區自立二路89號,1,524.93,新興分局
XX1093," 大樓"," 新興區",中東里,高雄市新興區六合一路98號,2,1359.33,新興分局
XX1095," 大樓"," 新興區",文昌里,高雄市新興區中正二路184號,2,1166.37,新興分局
QJ0441," 大樓"," 前金區",文西里,高雄市前金區文武三街145號,1,379.98,新興分局
XX1100," 大樓"," 新興區",永寧里,高雄市新興區仁愛二街113號,1,229.76,新興分局
QJ0445," 大樓"," 前金區",東金里,高雄市前金區六合二路166號,1,215.39,新興分局
XX1104," 大樓"," 新興區",永寧里,高雄市新興區德智街1號,1,361.42,新興分局
XX1105," 大樓"," 新興區",長驛里,高雄市新興區自立二路146號,1,231.02,新興分局
QJ0447," 大樓"," 前金區",復元里,高雄市前金區中華三路79號,1,312.14,新興分局
XX1111," 大樓"," 新興區",振華里,高雄市新興區新田路99號,1,699.33,新興分局
XX1112," 大樓"," 新興區",振華里,高雄市新興區新田路93號,1,376.43,新興分局
XX1120," 大樓"," 新興區",浩然里,高雄市新興區林森一路10之1號,1,595.25,新興分局
QJ0448," 大樓"," 前金區",文西里,高雄市前金區中華四路349號,2,359.09,新興分局
XX1121," 大樓"," 新興區",開平里,高雄市新興區開封路435號,1,989.25,新興分局
QJ0449," 大樓"," 前金區",文西里,高雄市前金區中華四路331號,1,191.69,新興分局
XX1122," 大樓"," 新興區",振華里,高雄市新興區新田路103號,1,744.32,新興分局
QJ0450," 大樓"," 前金區",復元里,高雄市前金區民生二路76巷42號,1,343.04,新興分局
XX1123," 大樓"," 新興區",南港里,高雄市新興區南華橫二路27號,1,285.96,新興分局
XX1124," 大樓"," 新興區",南港里,高雄市新興區忠孝一路476號,1,191.9,新興分局
XX1125,雲端精緻旅館," 新興區",秋山里,高雄市新興區民主路18號,1,305.6,新興分局
XX1127,高雄市立高雄商業職業學校," 新興區",浩然里,高雄市新興區五福二路3號,1,469.09,新興分局
XX1138," 大樓"," 新興區",德生里,高雄市新興區德順街12號,1,164.91,新興分局
XX1139," 大樓"," 新興區",浩然里,高雄市新興區五福二路45之1號,1,153.85,新興分局
XX1140," 大樓"," 新興區",建華里,高雄市新興區河南二路2號,1,1074.14,新興分局
QJ0456," 大樓"," 前金區",國民里,高雄市前金區大同二路135之1號,1,234.27,新興分局
XX1148," 大樓"," 新興區",漢民里,高雄市新興區民生一路350號,1,121.56,新興分局
XX1149," 大樓"," 新興區",漢民里,高雄市新興區民生一路352號,1,77.51,新興分局
QJ0457," 大樓"," 前金區",復元里,高雄市前金區大同二路23號,2,998.88,新興分局
QJ0458,高雄市政府警察局交通警察大隊," 前金區",民生里,高雄市前金區中正四路191號,1,598.65,新興分局
XX1154," 大樓"," 新興區",中東里,高雄市新興區中東里復興一路78號,1,482.17,新興分局
XX1155," 大樓"," 新興區",德生里,高雄市新興區德順街17號,2,1414.94,新興分局
XX1156," 大樓"," 新興區",仁聲里,高雄市新興區復興一路47之1號,1,772.53,新興分局
QJ0463," 大樓"," 前金區",草江里,高雄市前金區明星街153號,1,188.57,新興分局
QJ0464," 大樓"," 前金區",民生里,高雄市前金區大同二路18號,1,153.88,新興分局
QJ0465," 大樓"," 前金區",林投里,高雄市前金區中正四路259號,2,1777.11,新興分局
QJ0467," 大樓"," 前金區",文西里,高雄市前金區中華四路283號,1,124.9,新興分局
QJ0468," 大樓"," 前金區",復元里,高雄市前金區自強二路102之5號,1,329.89,新興分局
QJ0469," 大樓"," 前金區",新生里,高雄市前金區七賢二路389號,1,287.22,新興分局
XX1162," 大樓"," 新興區",蕉園里,高雄市新興區球庭路35號,1,282.58,新興分局
XX1164," 大樓"," 新興區",蕉園里,高雄市新興區復橫一路240號,1,253.1,新興分局
XX1165," 大樓"," 新興區",振成里,高雄市新興區文橫二路162之1號,2,470.93,新興分局
QJ0477," 大樓"," 前金區",文西里,高雄市前金區新田路303號,1,373.13,新興分局
QJ0478," 大樓"," 前金區",社西里,高雄市前金區市中一路109號,1,146.9,新興分局
QJ0482,前金國民中學," 前金區",後金里,高雄市前金區六合二路278號,1,1683.75,新興分局
QJ0483," 大樓"," 前金區",民生里,高雄市前金區前金一街19號,1,116.36,新興分局
XX1175," 大樓"," 新興區",南港里,高雄市新興區忠孝一路482號,1,289.5,新興分局
XX1176,高雄市新興區公所," 新興區",中東里,高雄市新興區中正三路34號,1,1437.04,新興分局
QJ0485," 大樓"," 前金區",青山里,高雄市前金區瑞源路35號,1,248,新興分局
QJ0487," 大樓"," 前金區",民生里,高雄市前金區自強二路182號,1,448.18,新興分局
XX1182," 大樓"," 前金區",振華里,高雄市新興區新田路71號,2,1692.06,新興分局
XX1184," 大樓"," 新興區",秋山里,高雄市新興區六合二路52號,2,168.81,新興分局
QJ0488," 大樓"," 前金區",榮復里,高雄市前金區成功一路308號,1,130.27,新興分局
QJ0490," 大樓"," 前金區",長城里,高雄市前金區河南二路109號,1,201.98,新興分局
XX1189," 大樓"," 新興區",光耀里,高雄市新興區復橫一路31號,1,612.28,新興分局
XX1193," 大樓"," 新興區",黎明里,高雄市新興區南華橫一路43號,1,407.44,新興分局
XX1199," 大樓"," 新興區",德生里,高雄市新興區德順街11號,2,234.96,新興分局
XX1205," 大樓"," 新興區",漢民里,高雄市新興區民生一路348號,1,54.42,新興分局
XX1206," 大樓"," 新興區",振華里,高雄市新興區民享街67號,1,374.25,新興分局
XX1210," 大樓"," 新興區",玉衡里,高雄市新興區玉竹二街14號,1,637.07,新興分局
QJ0492," 大樓"," 前金區",文東里,高雄市前金區中華四路314號,1,168.13,新興分局
XX1211,交通部電信總局," 新興區",順昌里,高雄市新興區七賢一路18號,2,318.24,新興分局
XX1212,交通部電信總局," 新興區",順昌里,高雄市新興區七賢一路18號,2,1055.78,新興分局
XX1213," 大樓"," 新興區",振華里,高雄市新興區民享街102號,1,332.92,新興分局
XX1214," 大樓"," 新興區",大明里,高雄市新興區自立二路8號,1,227.96,新興分局
XX1215," 大樓"," 新興區",愛平里,高雄市新興區林森一路187號,2,223.05,新興分局
QJ0493," 大樓"," 前金區",博孝里,高雄市前金區河東路8號,3,1331.05,新興分局
QJ0494," 大樓"," 前金區",文東里,高雄市前金區中華四路282號,2,380.95,新興分局
XX1218," 大樓"," 新興區",文昌里,高雄市新興區信守街104號,1,288.29,新興分局
XX1226," 大樓"," 新興區",秋山里,高雄市新興區七賢二路11號,3,915.82,新興分局
XX1227," 大樓"," 新興區",興昌里,高雄市新興區民族二路97號,2,559.41,新興分局
XX1236," 大樓"," 新興區",長驛里,高雄市新興區六合二路86號,2,345.85,新興分局
QJ0504," 大樓"," 前金區",新生里,高雄市前金區七賢二路396號,2,1873.43,新興分局
XX1237," 大樓"," 新興區",成功里,高雄市新興區仁愛一街167號,1,94.4,新興分局
XX1245," 大樓"," 新興區",德生里,高雄市新興區民生一路77號,2,292.51,新興分局
XX1246," 大樓"," 新興區",永寧里,高雄市新興區五福二路116號,2,367.52,新興分局
XX1247," 大樓"," 新興區",黎明里,高雄市新興區六合一路158號,2,506.52,新興分局
QJ0510," 大樓"," 前金區",林投里,高雄市前金區中正四路235號,4,2834.51,新興分局
XX1248,交通部電信總局," 新興區",順昌里,高雄市新興區七賢一路20號,2,1803.54,新興分局
QJ0511," 大樓"," 前金區",草江里,高雄市前金區瑞源路140號,2,900.67,新興分局
QJ0512," 大樓"," 前金區",新生里,高雄市前金區七賢二路249號,1,91.58,新興分局
XX1249," 大樓"," 新興區",成功里,高雄市新興區仁愛一街134號,2,407,新興分局
QJ0513," 大樓"," 前金區",民生里,高雄市前金區文武二街163號,2,256.82,新興分局
QJ0519," 大樓"," 前金區",新生里,高雄市前金區新生里旺盛街162號,1,149.82,新興分局
XX1255," 大樓"," 新興區",黎明里,高雄市新興區南華路136號,1,238.94,新興分局
XX1256," 大樓"," 新興區",浩然里,高雄市新興區五福二路49號,2,746.73,新興分局
QJ0521," 大樓"," 前金區",長城里,高雄市前金區中正四路148號,2,461.7,新興分局
XX1258," 大樓"," 新興區",興昌里,高雄市新興區興昌里中東街221號,1,119.14,新興分局
QJ0522," 大樓"," 前金區",社東里,高雄市前金區光復二街48號,1,1095.75,新興分局
XX1259," 大樓"," 新興區",振華里,高雄市新興區民享街127號,1,105.45,新興分局
XX1260," 大樓"," 新興區",文昌里,高雄市新興區和平一路199號,2,717.79,新興分局
XX1262," 大樓"," 新興區",浩然里,高雄市新興區仁愛二街75號,1,140.6,新興分局
QJ0523," 大樓"," 新興區",民生里,高雄市前金區文武二街168號,1,221.92,新興分局
XX1264,高市新興區信義國民小學," 新興區",興昌里,高雄市新興區中正三路32號,1,437.61,新興分局
QJ0524," 大樓"," 前金區",國民里,高雄市前金區市中一路167號,1,206.1,新興分局
XX1265," 大樓"," 新興區",光耀里,高雄市新興區光耀里民族二路13號,1,72.54,新興分局
XX1267," 大樓"," 新興區",新江里,高雄市新興區八德一路332號,1,388.45,新興分局
XX1268,高雄市立高雄商業職業學校," 新興區",浩然里,高雄市新興區五福二路3號,1,286.58,新興分局
QJ0530," 大樓"," 前金區",東金里,高雄市前金區文武一街52號,1,146.76,新興分局
XX1269," 大樓"," 新興區",永寧里,高雄市新興區仁愛二街218號,1,161.52,新興分局
XX1270," 大樓"," 新興區",浩然里,高雄市新興區復興二路157號,1,131.78,新興分局
QJ0531,高雄市大同醫院," 前金區",復元里,高雄市前金區中華三路68號,2,5051.62,新興分局
XX1271," 大樓"," 新興區",南港里,高雄市新興區仁愛一街311號,1,140.54,新興分局
XX1273," 大樓"," 新興區",文昌里,高雄市新興區六合路183號,2,456.55,新興分局
QJ0532," 大樓"," 前金區",新生里,高雄市前金區市中一路236號,1,138.45,新興分局
QJ0533," 大樓"," 前金區",林投里,高雄市前金區河東路188號,2,7412.36,新興分局
XX1274," 大樓"," 新興區",建華里,高雄市新興區同愛街28號,5,683.8,新興分局
XX1275," 大樓"," 新興區",浩然里,高雄市新興區復興二路260號,2,1419.08,新興分局
XX1276,大通大飯店有限公司," 新興區",榮治里,高雄市新興區大同一路205號,1,273.51,新興分局
QJ0534," 大樓"," 前金區",文東里,高雄市前金區中山二路505號,2,882.71,新興分局
QJ0535," 大樓"," 前金區",復元里,高雄市前金區大同二路11號,1,203.2,新興分局
QJ0536," 大樓"," 前金區",榮復里,高雄市前金區五福三路79號,2,722.71,新興分局
QJ0537," 大樓"," 前金區",長城里,高雄市前金區河南二路106號,1,785.14,新興分局
XX1279,國群大飯店有限公司," 新興區",光耀里,高雄市新興區民族二路35號,2,535.99,新興分局
XX1284," 大樓"," 新興區",德生里,高雄市新興區德生里五福二路28號,1,168.51,新興分局
XX1285," 大樓"," 新興區",興昌里,高雄市新興區中東街227號,1,136.48,新興分局
XX1300,南山人壽保險股份有限公司," 新興區",中東里,高雄市新興區中正三路38號,3,944.78,新興分局
XX1302," 大樓"," 新興區",南港里,高雄市新興區八德一路193號,1,152.39,新興分局
XX1303," 大樓"," 新興區",明莊里,高雄市新興區六合二路1號,2,1394.38,新興分局
XX1304," 大樓"," 新興區",德生里,高雄市新興區民生一路111號,2,783.8,新興分局
XX1305,麗景大酒店有限公司," 新興區",德生里,高雄市新興區五福一路106號,3,594.44,新興分局
XX1306," 大樓"," 新興區",開平里,高雄市新興區同心路34號,1,153.4,新興分局
XX1308," 大樓"," 新興區",秋山里,高雄市新興區六合二路10號,2,485.95,新興分局
QJ0543," 大樓"," 前金區",北金里,高雄市前金區文武一街141號,1,158.05,新興分局
QJ0544," 大樓"," 前金區",文西里,高雄市前金區中華四路293號,1,522.55,新興分局
XX1309," 大樓"," 新興區",長驛里,高雄市新興區七賢二路95之1號,1,89.48,新興分局
XX1310," 大樓"," 新興區",長驛里,高雄市新興區南台路89號,1,253.38,新興分局
XX1311," 大樓"," 新興區",黎明里,高雄市新興區七賢一路469號,3,1010.23,新興分局
XX1312," 大樓"," 新興區",華聲里,高雄市新興區新興路26號,1,129.2,新興分局
XX1313," 大樓"," 新興區",德望里,高雄市新興區民生一路206號,4,553.45,新興分局
QJ0545," 大樓"," 前金區",新生里,高雄市前金區旺盛街186之1號,1,464.88,新興分局
QJ0546," 大樓"," 前金區",民生里,高雄市前金區自強二路168號,1,210.21,新興分局
XX1315," 大樓"," 新興區",大明里,高雄市新興區大同一路188號,3,1546.49,新興分局
XX1316," 大樓"," 新興區",興昌里,高雄市新興區信守街123號,1,107.02,新興分局
XX1317," 大樓"," 新興區",浩然里,高雄市新興區文化路5號,1,377.28,新興分局
XX1318," 大樓"," 新興區",德生里,高雄市新興區五福二路26號,1,100.41,新興分局
QJ0547," 大樓"," 前金區",東金里,高雄市前金區榮安街35號,1,155.31,新興分局
QJ0548," 大樓"," 前金區",文西里,高雄市前金區新田路234號,1,157.68,新興分局
QJ0549," 大樓"," 前金區",復元里,高雄市前金區中華三路77之1號,2,499.55,新興分局
XX1319," 大樓"," 新興區",建華里,高雄市新興區南台橫路32號,1,355.23,新興分局
XX1320," 大樓"," 新興區",浩然里,高雄市新興區忠孝一路74號,2,138.37,新興分局
QJ0550," 大樓"," 前金區",長生里,高雄市前金區中華三路15號,2,230.28,新興分局
QJ0551," 大樓"," 前金區",長城里,高雄市前金區河南二路97之2號,1,441.25,新興分局
QJ0552," 大樓"," 前金區",東金里,高雄市前金區東金里七賢二路207號,2,390.34,新興分局
XX1321," 大樓"," 新興區",光耀里,高雄市新興區錦田路20號,2,680.28,新興分局
XX1322," 大樓"," 新興區",順昌里,高雄市新興區民族二路166號,1,358.05,新興分局
XX1323," 大樓"," 新興區",文昌里,高雄市新興區六合路138號,1,169.39,新興分局
QJ0553," 大樓"," 前金區",青山里,高雄市前金區中正四路139號,3,413.45,新興分局
QJ0554," 大樓"," 前金區",東金里,高雄市前金區六合二路160號,2,583.86,新興分局
XX1324," 大樓"," 新興區",成功里,高雄市新興區林森一路196號,2,415.2,新興分局
XX1325," 大樓"," 新興區",秋山里,高雄市新興區民主路26號,2,443.91,新興分局
XX1326," 大樓"," 新興區",德生里,高雄市新興區民生一路247號,3,910.18,新興分局
QJ0555," 大樓"," 前金區",社東里,高雄市前金區五福三路80號,2,1079.94,新興分局
QJ0556," 大樓"," 前金區",復元里,高雄市前金區復元里自強二路102之6號,1,101.27,新興分局
XX1327,皇家季節酒店," 新興區",玉衡里,高雄市新興區中山一路4號,3,1172.11,新興分局
QJ0557," 大樓"," 前金區",長城里,高雄市前金區中山橫路98號,1,148.82,新興分局
QJ0558," 大樓"," 前金區",新生里,高雄市前金區河南二路174號,1,800.25,新興分局
XX1328," 大樓"," 新興區",開平里,高雄市新興區八德一路59號,1,327.87,新興分局
QJ0559,高雄市政府警察局," 前金區",後金里,高雄市前金區中正四路260號,1,663.32,新興分局
QJ0562," 大樓"," 前金區",新生里,高雄市前金區市中一路290號,1,163.67,新興分局
XX1329," 大樓"," 新興區",德望里,高雄市新興區黃海街183號,1,450,新興分局
QJ0563," 大樓"," 前金區",東金里,高雄市前金區中華三路185號,1,89.07,新興分局
QJ0564," 大樓"," 前金區",新生里,高雄市前金區成功一路553號,1,125.68,新興分局
QJ0565,人生遠景大樓," 前金區",復元里,高雄市前金區福音街28號,2,544.53,新興分局
QJ0566," 大樓"," 前金區",新生里,高雄市前金區成功一路549號,1,412.89,新興分局
QJ0567," 大樓"," 前金區",社東里,高雄市前金區民生二路139號,2,1666.32,新興分局
XX1330,高雄市立新興國民中學," 新興區",玉衡里,高雄市新興區五福二路218號,1,1961.03,新興分局
QJ0568," 大樓"," 前金區",東金里,高雄市前金區中華三路149號,1,1059.64,新興分局
QJ0569," 大樓"," 前金區",長城里,高雄市前金區六合二路107之1號,3,778.53,新興分局
XX1331," 大樓"," 新興區",德望里,高雄市新興區南海街195號,1,228.16,新興分局
QJ0570," 大樓"," 前金區",北金里,高雄市前金區河南二路123號,1,720.44,新興分局
XX1332," 大樓"," 新興區",建華里,高雄市新興區八德二路98號,1,205.51,新興分局
XX1333," 大樓"," 新興區",玉衡里,高雄市新興區竹圍路2號,1,151.11,新興分局
QJ0571," 大樓"," 前金區",青山里,高雄市前金區中華三路108號,2,753.76,新興分局
XX1334," 大樓"," 新興區",光耀里,高雄市新興區民生一路54號,3,2017.37,新興分局
XX1336," 大樓"," 新興區",德政里,高雄市新興區忠孝一路233號,2,413.09,新興分局
QJ0572," 大樓"," 前金區",草江里,高雄市前金區七賢二路191號,1,490.39,新興分局
XX1337,透天," 新興區",建華里,高雄市新興區七賢二路58號,1,1016.29,新興分局
XX1338," 大樓"," 新興區",開平里,高雄市新興區河南一路19號,1,601.12,新興分局
XX1339,交通部電信總局," 新興區",順昌里,高雄市新興區七賢一路18號,2,708.13,新興分局
XX1340," 大樓"," 新興區",玉衡里,高雄市新興區文橫一路68號,2,135,新興分局
XX1341," 大樓"," 新興區",德望里,高雄市新興區東海街206號,1,370.54,新興分局
XX1342," 大樓"," 新興區",華聲里,高雄市新興區民生一路328號,2,191.35,新興分局
XX1343," 大樓"," 新興區",德生里,高雄市新興區民權一路251號地下室,4,1459.74,新興分局
XX1344," 大樓"," 新興區",蕉園里,高雄市新興區球庭路47號,1,56.02,新興分局
QJ0573,高雄市前金國民小學," 前金區",國民里,高雄市前金區大同二路61號,1,259.3,新興分局
XX1345," 大樓"," 新興區",黎明里,高雄市新興區中山一路200號,2,256.61,新興分局
QJ0574,高雄市前金國民小學," 前金區",國民里,高雄市前金區大同二路61號,1,2406.69,新興分局
QJ0575," 大樓"," 前金區",博孝里,高雄市前金區光復二街167號,3,1361.09,新興分局
XX1346," 大樓"," 新興區",浩然里,高雄市新興區民權街8之4號,1,101.96,新興分局
QJ0576," 大樓"," 前金區",草江里,高雄市前金區六合二路128號,2,215.28,新興分局
XX1347,高雄市新興區信義國民小學," 新興區",興昌里,高雄市新興區中正三路32號,1,1313.68,新興分局
XX1348," 大樓"," 新興區",文昌里,高雄市新興區尚義街156號,1,57.5,新興分局
XX1349," 大樓"," 新興區",秋山里,高雄市新興區七賢二路69號,1,117.06,新興分局
XX1350,高雄市新興區新興國民小學," 新興區",浩然里,高雄市新興區林森一路60號,1,1381.01,新興分局
XX1351," 大樓"," 新興區",華聲里,高雄市新興區大同一路67號,1,89.56,新興分局
QJ0577," 大樓"," 前金區",青山里,高雄市前金區自立橫路75號,1,552.22,新興分局
XX1352," 大樓"," 新興區",德政里,高雄市新興區復橫一路221號,1,168.43,新興分局
XX1353," 大樓"," 新興區",德望里,高雄市新興區渤海街163號,1,80.39,新興分局
XX1354," 大樓"," 新興區",文昌里,高雄市新興區信守街12號,2,817.61,新興分局
XX1355," 大樓"," 新興區",中東里,高雄市新興區中正三路68之5號,1,167.03,新興分局
XX1356," 大樓"," 新興區",振華里,高雄市新興區新田路145號,2,457.38,新興分局
XX1357," 大樓"," 新興區",德望里,高雄市新興區民生一路208號,2,249.23,新興分局
XX1358," 大樓"," 新興區",浩然里,高雄市新興區民權街8之15號,1,196.85,新興分局
QJ0578," 大樓"," 前金區",北金里,高雄市前金區文武一街89號,1,52.79,新興分局
QJ0579," 大樓"," 前金區",青山里,高雄市前金區瑞源路33號,1,43.86,新興分局
XX1359," 大樓"," 新興區",浩然里,高雄市新興區民權街8之9號,1,128.52,新興分局
XX1360," 大樓"," 新興區",文昌里,高雄市新興區尚義街159號地下層,2,406.49,新興分局
XX1361," 大樓"," 新興區",德政里,高雄市新興區復橫一路209號,1,481.6,新興分局
XX1362," 大樓"," 新興區",振華里,高雄市新興區新田路161號,1,77.88,新興分局
QJ0581," 大樓"," 前金區",北金里,高雄市前金區八德二路212號,1,682.54,新興分局
XX1363," 大樓"," 新興區",文昌里,高雄市新興區尚義街157號,1,47.26,新興分局
QJ0582," 大樓"," 前金區",社西里,高雄市前金區社西里民生二路203號,1,242.76,新興分局
QJ0583," 大樓"," 前金區",博孝里,高雄市前金區五福三路148號,1,488.77,新興分局
QJ0584," 大樓"," 前金區",新生里,高雄市前金區七賢二路295號,1,411.63,新興分局
XX1364," 大樓"," 新興區",德望里,高雄市新興區復橫一路143號,1,243.71,新興分局
XX1365," 大樓"," 新興區",開平里,高雄市新興區七賢一路216號,3,746.65,新興分局
QJ0585," 大樓"," 前金區",青山里,高雄市前金區瑞源路46號,1,121.55,新興分局
QJ0586," 大樓"," 前金區",青山里,高雄市前金區中正四路151號,3,655.07,新興分局
XX1366," 大樓"," 新興區",興昌里,高雄市新興區開封路114號,1,142.23,新興分局
XX1367," 大樓"," 新興區",仁聲里,高雄市新興區復興一路63號B,3,892.15,新興分局
XX1368," 大樓"," 新興區",振華里,高雄市新興區新田路7號,1,182.41,新興分局
XX1369," 大樓"," 新興區",明莊里,高雄市新興區六合二路37號,2,434.72,新興分局
XX1370," 大樓"," 新興區",黎明里,高雄市新興區南華橫一路11號,1,707.36,新興分局
QJ0588," 大樓"," 前金區",東金里,高雄市前金區六合二路173號,1,86.05,新興分局
XX1371," 大樓"," 新興區",秋山里,高雄市新興區南台路124號,1,193.9,新興分局
QJ0589," 大樓"," 前金區",青山里,高雄市前金區自立橫路52號,1,160.26,新興分局
XX1372," 大樓"," 新興區",浩然里,高雄市新興區復興二路171號,2,753.82,新興分局
QJ0590," 大樓"," 前金區",榮復里,高雄市前金區五福三路63號,3,748.84,新興分局
XX1373," 合作金庫銀行 東高雄分行"," 新興區",德望里,高雄市新興區民生一路176號,2,798.29,新興分局
XX1374," 大樓"," 新興區",光耀里,高雄市新興區開封路39號,1,352.06,新興分局
XX1375," 大樓"," 新興區",長驛里,高雄市新興區南台路99號,1,85.15,新興分局
QJ0593," 大樓"," 前金區",青山里,高雄市前金區瑞源路16號,1,191.61,新興分局
XX1376," 大樓"," 新興區",德望里,高雄市新興區達仁街101號,1,118.16,新興分局
XX1377,合作金庫," 新興區",建華里,高雄市新興區七賢二路110號,3,668.69,新興分局
XX1378," 大樓"," 新興區",東坡里,高雄市新興區大同一路116號,1,131.92,新興分局
XX1379," 大樓"," 新興區",順昌里,高雄市新興區七賢一路37號,2,309.79,新興分局
QJ0594," 大樓"," 前金區",長生里,高雄市前金區民生二路89號,2,195.52,新興分局
XX1380," 大樓"," 新興區",建華里,高雄市新興區河南二路46號,1,71.7,新興分局
XX1381," 大樓"," 新興區",東坡里,高雄市新興區林森一路165號,3,1576.89,新興分局
XX1382," 大樓"," 新興區",長驛里,高雄市新興區自立二路150號,2,276.37,新興分局
XX1383," 大樓"," 新興區",德望里,高雄市新興區達仁街32號,1,169.36,新興分局
XX1384," 大樓"," 新興區",德望里,高雄市新興區達仁街20號,2,844.89,新興分局
QJ0596," 大樓"," 前金區",東金里,高雄市前金區自強一路22號,2,960.99,新興分局
XX1385," 大樓"," 新興區",光耀里,高雄市新興區東海街73號,1,257.73,新興分局
XX1386," 大樓"," 新興區",榮治里,高雄市新興區大同一路185號,2,355.72,新興分局
QJ0597,漢來大飯店," 前金區",榮復里,高雄市前金區成功一路266號,7,7538.07,新興分局
XX1387," 大樓"," 前金區",振成里,高雄市新興區文化路103號,1,104.01,新興分局
XX1388," 大樓"," 新興區",仁聲里,高雄市新興區仁愛一街102號,2,374.67,新興分局
XX1389," 大樓"," 新興區",開平里,高雄市新興區開封路377號,1,200.33,新興分局
XX1390," 大樓"," 新興區",開平里,高雄市新興區開封路379號,1,325.02,新興分局
XX1391," 大樓"," 新興區",振成里,高雄市新興區新田路100號,2,1905.4,新興分局
QJ0599," 大樓"," 前金區",草江里,高雄市前金區中華三路196號,1,196.03,新興分局
XX1392," 大樓"," 新興區",秋山里,高雄市新興區明星街52號,1,81.12,新興分局
QJ0600," 大樓"," 前金區",北金里,高雄市前金區中華三路217號,2,391.04,新興分局
QJ0601," 大樓"," 前金區",北金里,高雄市前金區八德二路196號,2,654.14,新興分局
XX1393," 大樓"," 新興區",德生里,高雄市新興區復興二路316號,3,2688.92,新興分局
QJ0603," 大樓"," 前金區",新生里,高雄市前金區鼎盛街84號,2,356.08,新興分局
QJ0604," 大樓"," 前金區",北金里,高雄市前金區中華三路247號,1,457.55,新興分局
XX1394," 大樓"," 新興區",德望里,高雄市新興區東海街188號,1,352.01,新興分局
QJ0605," 大樓"," 前金區",林投里,高雄市前金區中正四路215號,4,2800.72,新興分局
XX1395," 大樓"," 新興區",愛平里,高雄市新興區林森一路195號,1,125.21,新興分局
QJ0606," 大樓"," 前金區",民生里,高雄市前金區大同二路20號,2,594.32,新興分局
QJ0607," 大樓"," 前金區",新生里,高雄市前金區河南二路158號,2,4115.26,新興分局
XX1396," 大樓"," 新興區",德望里,高雄市新興區復興一路18號,1,171.15,新興分局
XX1397," 大樓"," 新興區",成功里,高雄市新興區忠孝一路291號,1,66.84,新興分局
QJ0609," 大樓"," 前金區",國民里,高雄市前金區河東路176號,5,2063.97,新興分局
XX1398," 大樓"," 新興區",振華里,高雄市新興區新田路23號,1,198.97,新興分局
XX1399," 大樓"," 新興區",明莊里,高雄市新興區中山橫路42號,1,281.97,新興分局
XX1400," 大樓"," 新興區",漢民里,高雄市新興區新興路67號,1,185.14,新興分局
XX1401," 大樓"," 新興區",漢民里,高雄市新興區新興路55號,1,90.2,新興分局
XX1402," 國泰世華銀行 新興分行"," 新興區",德望里,高雄市新興區中正三路55號之1,4,1750.42,新興分局
XX1403," 大樓"," 新興區",建華里,高雄市新興區八德二路90號,1,239.96,新興分局
XX1404," 大樓"," 新興區",玉衡里,高雄市新興區文橫一路5巷30號,1,165.22,新興分局
QJ0610," 大樓"," 前金區",長城里,高雄市前金區中正四路118號,1,577.57,新興分局
QJ0611," 大樓"," 前金區",民生里,高雄市前金區文武二街196號,1,233.52,新興分局
XX1405," 大樓"," 新興區",建華里,高雄市新興區中山一路279號,2,484.98,新興分局
XX1406," 大樓"," 新興區",秋山里,高雄市新興區七賢二路21號,2,402.06,新興分局
XX1407," 大樓"," 新興區",開平里,高雄市新興區錦田路113號,1,3220.13,新興分局
XX1408," 大樓"," 新興區",浩然里,高雄市新興區五福二路65號,1,733.57,新興分局
QJ0613," 大樓"," 前金區",民生里,高雄市前金區文武二街210號,1,172.37,新興分局
QJ0614," 大樓"," 前金區",新生里,高雄市前金區七賢二路366號,2,506.69,新興分局
XX1409," 大樓"," 新興區",長驛里,高雄市新興區明星街70號之1,1,268.49,新興分局
QJ0615," 大樓"," 前金區",文東里,高雄市前金區中華四路302號,1,484.83,新興分局
XX1410,福華大飯店股份有限公司," 新興區",中東里,高雄市新興區七賢一路311號,5,2987.64,新興分局
QJ0616," 大樓"," 前金區",草江里,高雄市前金區七賢二路157號,3,435.77,新興分局
XX1414," 大樓"," 新興區",開平里,高雄市新興區七賢一路302號,4,1792.79,新興分局
QJ0617," 大樓"," 前金區",後金里,高雄市前金區成功一路436號,3,1197.88,新興分局
QJ0618," 大樓"," 前金區",榮復里,高雄市前金區允文街75號,1,210.3,新興分局
XX1415," 大樓"," 新興區",華聲里,高雄市新興區大同一路21號,1,81.63,新興分局
XX1416," 大樓"," 新興區",華聲里,高雄市新興區忠孝一路186號,1,123.2,新興分局
XX1417," 大樓"," 新興區",黎明里,高雄市新興區南華橫一路14號之1,2,461.52,新興分局
XX1418,高雄市政府警察局新興分局," 新興區",東坡里,高雄市新興區中山一路100號,2,723.6,新興分局
XX1420," 大樓"," 新興區",振華里,高雄市新興區民享街74之1號,1,188.28,新興分局
QJ0619,前金區前金幼稚園," 前金區",林投里,高雄市前金區大同二路76號,1,829.47,新興分局
QJ0620," 大樓"," 前金區",青山里,高雄市前金區中華三路86號,1,475.59,新興分局
XX1421," 大樓"," 新興區",文昌里,高雄市新興區尚義街132號,1,344.23,新興分局
XX1422," 大樓"," 新興區",興昌里,高雄市新興區民族二路95號,4,1383.48,新興分局
XX1423," 大樓"," 新興區",振華里,高雄市新興區民享街108號,1,183.77,新興分局
QJ0621," 大樓"," 前金區",新生里,高雄市前金區河東路300號,3,334.2,新興分局
XX1424," 大樓"," 新興區",蕉園里,高雄市新興區林森一路158巷25號,1,101.93,新興分局
QJ0623," 大樓"," 前金區",民生里,高雄市前金區自強二路188號,1,163.78,新興分局
XX1425," 大樓"," 新興區",成功里,高雄市新興區忠孝一路320巷11之2號,1,124.65,新興分局
QJ0624,太子名邸," 前金區",文東里,高雄市前金區仁義街281號,2,496.59,新興分局
XX1426,高雄市立新興國民中學," 新興區",玉衡里,高雄市新興區五福二路218號,1,2339.68,新興分局
XX1427," 大樓"," 新興區",德生里,高雄市新興區復興二路356號,1,313,新興分局
XX1428,高雄基督徒七賢路禮拜堂," 新興區",黎明里,高雄市新興區七賢一路467之1號,1,595.69,新興分局
XX1429," 大樓"," 新興區",永寧里,高雄市新興區五福二路166號,1,204.37,新興分局
XX1430,高雄市稅捐稽徵處," 新興區",德望里,高雄市新興區中正三路25號,4,3461.76,新興分局
XX1431," 大樓"," 新興區",文昌里,高雄市新興區中正二路222號,3,670.84,新興分局
XX1432," 大樓"," 新興區",興昌里,高雄市新興區信守街172號,2,384.34,新興分局
QJ0625," 大樓"," 前金區",青山里,高雄市前金區新盛二街87號,1,275.37,新興分局
XX1433," 大樓"," 新興區",興昌里,高雄市新興區七賢一路178號,2,293.19,新興分局
XX1434,交通部電信總局," 新興區",開平里,高雄市新興區錦田路142號,1,266.62,新興分局
XX1435," 大樓"," 新興區",開平里,高雄市新興區洛陽街66號,4,3183.55,新興分局
XX1436," 大樓"," 新興區",開平里,高雄市新興區興邦路88號,2,1245.69,新興分局
QJ0626," 大樓"," 前金區",博孝里,高雄市前金區河東路10號,3,562.19,新興分局
XX1437," 大樓"," 新興區",中東里,高雄市新興區六合一路90之1號,1,235.33,新興分局
XX1438," 大樓"," 新興區",德望里,高雄市新興區達仁街89號,2,302.01,新興分局
XX1440," 大樓"," 新興區",德望里,高雄市新興區復興一路10號,3,1018.61,新興分局
XX1441,高雄市立高雄高級商業職業學校," 新興區",浩然里,高雄市新興區五福二路3號,2,2171.32,新興分局
XX1442," 大樓"," 新興區",德政里,高雄市新興區忠孝一路262號,1,903.74,新興分局
QJ0628," 大樓"," 前金區",青山里,高雄市前金區中正四路111號,4,1374.5,新興分局
XX1443," 大樓"," 新興區",蕉園里,高雄市新興區球庭路46號之1,2,404.81,新興分局
QJ0629,中華電信高雄營運處," 前金區",草江里,高雄市前金區新盛一街57號,2,524.59,新興分局
XX1444," 大樓"," 新興區",文昌里,高雄市新興區民族二路38號,5,2469.58,新興分局
XX1445," 大樓"," 新興區",興昌里,高雄市新興區中東街201號,2,287.82,新興分局
XX1446," 大樓"," 新興區",華聲里,高雄市新興區林森一路134號,1,114.24,新興分局
XX1447," 大樓"," 新興區",榮治里,高雄市新興區民生二路36號,7,1402.87,新興分局
QJ0630," 大樓"," 前金區",社東里,高雄市前金區民生二路129號,4,1017.88,新興分局
XX1448," 大樓"," 新興區",德生里,高雄市新興區五福一路140號,5,2652.89,新興分局
XX1449," 大樓"," 新興區",長驛里,高雄市新興區民主路59號之1,2,800.39,新興分局
QJ0631,中華電信高雄營運處," 前金區",新生里,高雄市前金區河南二路167號,3,1703.59,新興分局
XX1450," 大樓"," 新興區",德望里,高雄市新興區黃海街188號,1,132.7,新興分局
XX1451," 大樓"," 新興區",仁聲里,高雄市新興區復興一路1號,2,239.83,新興分局
XX1452,高雄市政府社會局," 新興區",浩然里,高雄市新興區復興二路286號,1,565.33,新興分局
XX1453," 大樓"," 新興區",長驛里,高雄市新興區明星街71號,1,461.48,新興分局
XX1454," 大樓"," 新興區",成功里,高雄市新興區忠孝一路322號,2,936.99,新興分局
XX1455," 大樓"," 新興區",仁聲里,高雄市新興區中正三路69號,3,717.29,新興分局
QJ0632," 大樓"," 前金區",東金里,高雄市前金區東金里永恆街12號之1,1,300.54,新興分局
QJ0633," 大樓"," 前金區",榮復里,高雄市前金區允文街51號,2,469.49,新興分局
XX1456," 大樓"," 新興區",新江里,高雄市新興區南華路196號,2,289.76,新興分局
QJ0634," 大樓"," 前金區",博孝里,高雄市前金區市中一路15號之1,1,451.21,新興分局
XX1457,透天," 新興區",開平里,高雄市新興區八德一路125號,1,324.32,新興分局
QJ0635," 大樓"," 前金區",林投里,高雄市前金區前金二街30號,1,4298.54,新興分局
XX1458,大統百貨企業股份有限公司," 新興區",玉衡里,高雄市新興區五福二路262號,2,2159.57,新興分局
QJ0636," 大樓"," 前金區",社西里,高雄市前金區市中一路105號,1,199.1,新興分局
QJ0637," 大樓"," 前金區",青山里,高雄市前金區新盛二街86號,3,2843.97,新興分局
QJ0638,台灣基督長老教會," 前金區",長城里,高雄市前金區六合二路121號,1,477.59,新興分局
QJ0639," 大樓"," 前金區",國民里,高雄市前金區市中一路166號,1,239.36,新興分局
QJ0640," 大樓"," 前金區",新生里,高雄市前金區河南二路150號,2,1778.62,新興分局
QJ0641," 大樓"," 前金區",新生里,高雄市前金區鼎盛街88號,2,1877.75,新興分局
QJ0643," 大樓"," 前金區",榮復里,高雄市前金區五福三路68號,3,915.03,新興分局
QJ0644," 大樓"," 前金區",新生里,高雄市前金區市中一路268號,2,1203.36,新興分局
XX1459," 大樓"," 新興區",愛平里,高雄市新興區興華路67號,2,2799.27,新興分局
QJ0646," 大樓"," 前金區",復元里,高雄市前金區中華三路65號,3,700.96,新興分局
XX1461," 大樓"," 新興區",德望里,高雄市新興區黃海街171號,1,201.41,新興分局
QJ0649," 大樓"," 前金區",民生里,高雄市前金區文武二街200號,2,673.37,新興分局
QJ0651," 大樓"," 前金區",新生里,高雄市前金區新生里市中一路232號,2,1082.03,新興分局
XX1462,高雄市新興區信義國民小學," 新興區",興昌里,高雄市新興區中正三路32號,1,1376.45,新興分局
QJ0652," 大樓"," 前金區",長生里,高雄市前金區自強二路50巷12號,3,1979.65,新興分局
QJ0653,大立精品百貨," 前金區",文西里,高雄市前金區五福三路57號,6,2579.41,新興分局
XX1463," 大樓"," 新興區",振成里,高雄市新興區林森一路41號,4,530.74,新興分局
QJ0654," 大樓"," 前金區",東金里,高雄市前金區旺盛街28號,2,878.01,新興分局
QJ0655," 大樓"," 前金區",長城里,高雄市前金區新盛一街28號,3,1888.24,新興分局
QJ0656," 大樓"," 前金區",文東里,高雄市前金區仁義街293號,2,407.52,新興分局
XX1467," 大樓"," 新興區",開平里,高雄市新興區興邦路62號,1,413.1,新興分局
XX1468," 大樓"," 新興區",南港里,高雄市新興區七賢一路420號,1,609.75,新興分局
XX1469," 大樓"," 新興區",開平里,高雄市新興區同心路25號,3,2117.54,新興分局
XX1470," 大樓"," 新興區",新江里,高雄市新興區七賢一路510號,4,823.11,新興分局
QJ0658,法務部調查局," 前金區",後金里,高雄市前金區成功一路428號,2,1687.48,新興分局
XX1471," 大樓"," 新興區",黎明里,高雄市新興區林森一路237號,2,285.1,新興分局
QJ0660," 大樓"," 前金區",國民里,高雄市前金區民生二路200號,5,2382.44,新興分局
QJ0662," 大樓"," 前金區",長城里,高雄市前金區中正四路100號,1,531.56,新興分局
QJ0663," 大樓"," 前金區",復元里,高雄市前金區文武二街138號,2,589.83,新興分局
QJ0665," 大樓"," 前金區",新生里,高雄市前金區七賢二路289號,4,692.03,新興分局
XX1472," 大樓"," 新興區",成功里,高雄市新興區忠孝一路271號,3,465.16,新興分局
XX1475," 大樓"," 新興區",振華里,高雄市新興區民享街109號,2,588.67,新興分局
XX1477," 大樓"," 新興區",永寧里,高雄市新興區五福二路136號,5,765.1,新興分局
XX1482," 大樓"," 新興區",東坡里,高雄市新興區球庭路68號,2,340.55,新興分局
QJ0670," 大樓"," 前金區",新生里,高雄市前金區七賢二路288號,3,553.51,新興分局
QJ0673," 大樓"," 前金區",文西里,高雄市前金區文西里光明街1號,2,175.32,新興分局
QJ0675," 大樓"," 前金區",社東里,高雄市前金區社東里自強二路51號,3,627.39,新興分局
XX1484," 大樓"," 新興區",建華里,高雄市新興區建興里八德二路70號,3,749.5,新興分局
XX1485," 大樓"," 新興區",德生里,高雄市新興區德生里復興街22號,2,904.84,新興分局
QJ0679,中華郵政股份有限公司," 前金區",長興里,高雄市前金區六合二路147號,4,1205,新興分局
XX1487," 大樓"," 新興區",文昌里,高雄市新興區民族二路72號,6,2158.94,新興分局
QJ0680," 大樓"," 前金區",長生里,高雄市前金區長生街8號,5,630.92,新興分局
QJ0681," 大樓"," 前金區",新生里,高雄市前金區自強一路83巷21號,3,669.74,新興分局
XX1488," 大樓"," 新興區",華聲里,高雄市新興區新興路41號,1,382.78,新興分局
QJ0684," 大樓"," 前金區",榮復里,高雄市前金區青年二路150號,3,371.3,新興分局
XX1489," 大樓"," 新興區",新江里,高雄市新興區中山一路280號,4,646.71,新興分局
QJ0685," 大樓"," 前金區",民生里,高雄市前金區中華三路103號,3,545.61,新興分局
XX1493,透天," 新興區",德生里,高雄市新興區光華一路383號,1,11.48,新興分局
XX1494," 大樓"," 新興區",成功里,高雄市新興區復興一路89號之1,3,1115.49,新興分局
QJ0688," 大樓"," 前金區",青山里,高雄市前金區中華三路106號,7,1093.94,新興分局
QJ0689," 大樓"," 前金區",新生里,高雄市前金區旺盛街46號,3,669.74,新興分局
XX1497," 大樓"," 新興區",南港里,高雄市新興區林森一路252號,3,617.24,新興分局
XX1500," 大樓"," 新興區",秋山里,高雄市新興區七賢二路39號,3,494.35,新興分局
XX1503," 大樓"," 新興區",明莊里,高雄市新興區自立二路86號,5,787.12,新興分局
XX1508," 大樓"," 新興區",浩然里,高雄市新興區復興二路161號之1,3,578.9,新興分局
QJ0692," 大樓"," 前金區",東金里,高雄市前金區東金里六合二路161號,3,524.11,新興分局
QJ0695," 大樓"," 前金區",新生里,高雄市前金區新生里七賢二路358號,3,347.33,新興分局
QJ0698," 大樓"," 前金區",新生里,高雄市前金區七賢二路397號,3,552.66,新興分局
XX1511," 大樓"," 新興區",玉衡里,高雄市新興區玉衡里民生一路345號之1,3,778.49,新興分局
XX1514," 大樓"," 新興區",秋山里,高雄市新興區七賢二路57號,5,784.3,新興分局
QJ0701," 大樓"," 前金區",林投里,高雄市前金區成功一路412號,4,2491.32,新興分局
QJ0705," 大樓"," 前金區",長興里," 高雄市前金區新盛一街21號",3,2075.55,新興分局
QJ0706," 大樓"," 前金區",青山里," 高雄市前金區大同一路270號",5,5647.95,新興分局
QJ0707," 大樓"," 前金區",青山里," 高雄市前金區自立二路35號",3,395.07,新興分局
QJ0708," 大樓"," 前金區",長生里," 高雄市前金區五福三路38號",1,373.82,新興分局
QJ0704," 大樓"," 前金區",新生里," 高雄市前金區旺盛街126號",3,2775.39,新興分局
QJ0709," 大樓"," 前金區",文西里," 高雄市前金區光明街2號",4,2120.92,新興分局
XX1519," 大樓"," 新興區",愛平里," 高雄市新興區愛平里六合一路129號",2,378.18,新興分局
XX1521,駱駝旅棧股份有限公司," 新興區",新江里," 高雄市新興區中山一路306號",2,186.12,新興分局
XX1522," 大樓"," 新興區",順昌里," 高雄市新興區七賢一路1號",3,382.54,新興分局
XX1525,比歐旅館事業有限公司," 新興區",玉衡里," 高雄市新興區玉衡里中山一路14之26號",2,239.65,新興分局
XX1527,民生高峰會," 新興區",漢民里," 高雄市新興區民生一路362號",5,4847.75,新興分局
XX1528," 大樓"," 新興區",順昌里," 高雄市新興區七賢一路121號",7,614.77,新興分局
XX1529," 大樓"," 新興區",文昌里," 高雄市新興區中正二路196號",6,654.01,新興分局
XX1530," 大樓"," 新興區",南港里," 高雄市新興區八德一路210號",4,2151.36,新興分局
XX1531,忠孝醫院," 新興區",成功里," 高雄市新興區忠孝一路255號",2,106.13,新興分局
XX1532,仁愛逸捷," 新興區",仁聲里," 高雄市新興區仁愛一街86號",2,725.58,新興分局
QJ0710,郡都," 前金區",民生里," 高雄市前金區中正四路169號",4,3178.68,新興分局
QJ0711,福懋真湛真美館," 前金區",長生里," 高雄市前金區光復三街39號",4,2574.68,新興分局
XX1533,仰德-漾," 新興區",文昌里," 高雄市新興區中正二路186號",3,1090.68,新興分局
QJ0712," 大樓"," 前金區",三川里," 高雄市前金區七賢二路148號",6,7845,新興分局
QJ0713,達麗東京," 前金區",草江里," 高雄市前金區瑞源路101號暨六合二路98～112等號",6,10290.24,新興分局
QJ0714,國泰O2," 前金區",復元里," 高雄市前金區民生二路88號",6,8917.93,新興分局
QJ0715,福懋真湛-湛美館," 前金區",長生里," 高雄市前金區光復二街17號",3,2829.9,新興分局
QJ0716,文雄苑," 前金區",社西里," 高雄市前金區市中一路100號",3,4089.87,新興分局
QJ0717,捷韻都馨-城馨," 前金區",草江里," 高雄市前金區七賢二路193-10號",4,1479.8,新興分局
XX1534,愛上海樂," 新興區",永寧里," 高雄市新興區復興二路215號",4,2257.92,新興分局
QJ0718,城韻," 前金區",草江里," 高雄市前金區新盛二街89號",3,1521.66,新興分局
XX1535,明森msa," 新興區",東坡里," 高雄市新興區中山一路56號",2,257.98,新興分局
XX1536,高雄CBD經貿中心," 新興區",文昌里," 高雄市新興區六合路182號",6,7799.22,新興分局
YH0392,金桔村公司,鹽埕區,教仁里,高雄市鹽埕區建國四路197號,"  1 ",101,鹽埕分局
YH0393,春翠名廈,鹽埕區,教仁里,高雄市鹽埕區新樂街245號,"  1 ",322,鹽埕分局
YH0402,春樹行公司,鹽埕區,港都里,高雄市鹽埕區瀨南街43號,"  1 ",164,鹽埕分局
YH0406,港都金第,鹽埕區,江西里,高雄市鹽埕區建國四路145號,"  1 ",125,鹽埕分局
YH0410,麗景名廈,鹽埕區,教仁里,高雄市鹽埕區大安街115號,"  1 ",275,鹽埕分局
YH0411,協勝發大樓,鹽埕區,教仁里,高雄市鹽埕區建國四路175號,"  2 ",471,鹽埕分局
YH0413,御城大樓,鹽埕區,中山里,高雄市鹽埕區中山里五福四路307號,"  1 ",233,鹽埕分局
YH0416,蘭亭家園,鹽埕區,江南里,高雄市鹽埕區瀨南街30號,"  1 ",211,鹽埕分局
YH0418,駿德大樓,鹽埕區,江西里,高雄市鹽埕區五福四路295號,"  1 ",132,鹽埕分局
YH0420,石上大樓,鹽埕區,新樂里,高雄市鹽埕區瀨南街166之2號,"  2 ",246,鹽埕分局
YH0421,德耀大廈,鹽埕區,瀨南里,高雄市鹽埕區富野路25號,"  1 ",199,鹽埕分局
YH0423,鹽埕長老教會,鹽埕區,港都里,高雄市鹽埕區必忠街225號,"  1 ",180,鹽埕分局
YH0427,七海大亨,鹽埕區,港都里,高雄市鹽埕區必忠街248號,"  1 ",190,鹽埕分局
YH0428,派維爾公司,鹽埕區,港都里,高雄市鹽埕區必忠街247號,"  1 ",104,鹽埕分局
YH0430,高市動產質借所,鹽埕區,港都里,高雄市鹽埕區新興街40號,"  1 ",427,鹽埕分局
YH0431,慶安居大樓,鹽埕區,教仁里,高雄市鹽埕區新興街73號之1,"  1 ",325,鹽埕分局
YH0433,麗晶大廈,鹽埕區,中山里,高雄市鹽埕區大仁路196號,"  1 ",260,鹽埕分局
YH0435,彰化商銀,鹽埕區,新樂里,高雄市鹽埕區大勇路85號,"  1 ",784,鹽埕分局
YH0438,華南商銀,鹽埕區,新樂里,高雄市鹽埕區五福四路178號,"  2 ",913,鹽埕分局
YH0441,鹽埕寶第大樓,鹽埕區,江南里,高雄市鹽埕區堀江街31號之1,"  1 ",483,鹽埕分局
YH0442,鹽埕國寶大樓,鹽埕區,新樂里,高雄市鹽埕區鹽埕街10號,"  1 ",716,鹽埕分局
YH0443,七賢大亨,鹽埕區,港都里,高雄市鹽埕區七賢三路60號,"  1 ",428,鹽埕分局
YH0444,真善美大樓,鹽埕區,中原里,高雄市鹽埕區七賢三路196號,"  1 ",327,鹽埕分局
YH0446,鹽埕學苑大樓,鹽埕區,新樂里,高雄市鹽埕區鹽埕街5號之1,"  1 ",203,鹽埕分局
YH0450,海揚大樓-必信區,鹽埕區,新豐里,高雄市鹽埕區新興街6號," 1、2",1698,鹽埕分局
YH0452,海揚大樓-七賢區,鹽埕區,新豐里,高雄市鹽埕區新興街2號," 1、2",3284,鹽埕分局
YH0461,塩旅社,鹽埕區,港都里,高雄市鹽埕區七賢三路58號,"  1 ",107,鹽埕分局
YH0462,天子閣飯店,鹽埕區,中原里,高雄市鹽埕區七賢三路128號,"  1 ",288,鹽埕分局
YH0394,透天,鹽埕區,南端里,高雄市鹽埕區公園二路95之1號,"  1 ",29,鹽埕分局
YH0395,瑞銅大樓,鹽埕區,育仁里,高雄市鹽埕區大智路122號,"  1 ",226,鹽埕分局
YH0399,鹽埕國小,鹽埕區,河濱里,高雄市鹽埕區必忠街186號,"  1 ",1715,鹽埕分局
YH0401,國泰鹽埕大樓,鹽埕區,光明里,高雄市鹽埕區大勇路106號,"  3 ",599,鹽埕分局
YH0403,海洋美景大樓,鹽埕區,沙地里,高雄市鹽埕區必忠街39號之1,"  2 ",1219,鹽埕分局
YH0408,花旗銀行大樓,鹽埕區,河濱里,高雄市鹽埕區五福四路111號,"  3 ",475,鹽埕分局
YH0409,榮耀一生大樓,鹽埕區,光明里,高雄市鹽埕區光榮街72號之1,"  1 ",244,鹽埕分局
YH0419,鹽埕江山,鹽埕區,光明里,高雄市鹽埕區大仁路1號,"  1 ",260,鹽埕分局
YH0422,個性雅居大樓,鹽埕區,光明里,高雄市鹽埕區莒光街213號,"  1 ",187,鹽埕分局
YH0432,戀戀鹽埕大廈,鹽埕區,光明里,高雄市鹽埕區莒光街159號,"  1 ",685,鹽埕分局
YH0436,高雄市鹽埕區公所,鹽埕區,光明里,高雄市鹽埕區大仁路6號,"  2 ",2043,鹽埕分局
YH0439,華王儷園,鹽埕區,育仁里,高雄市鹽埕區五福四路16號,"  1 ",196,鹽埕分局
YH0447,星光城市,鹽埕區,沙地里,高雄市鹽埕區五福四路3號,"  4 ",1609,鹽埕分局
YH0448,光榮國小,鹽埕區,育仁里,高雄市鹽埕區大智路150號,"  1 ",371,鹽埕分局
YH0453,愛河灣大廈,鹽埕區,光明里,高雄市鹽埕區大仁路27號,"  1 ",304,鹽埕分局
YH0454,福容大飯店,鹽埕區,南端里,高雄市鹽埕區五福四路45號,"  3 ",1148,鹽埕分局
YH0456,海霸王股份有限公司,鹽埕區,新化里,高雄市鹽埕區大義街1號,"  1 ",1881,鹽埕分局
YH0457,鹽埕國中,鹽埕區,育仁里,高雄市鹽埕區新樂街46號,"  1 ",1305,鹽埕分局
YH0458,港灣麗池大樓,鹽埕區,南端里,高雄市鹽埕區五福四路81號,"  1 ",687,鹽埕分局
YH0460,高雄愛河智選假日酒店,鹽埕區,光明里,高雄市鹽埕區大智路129號,"  2 ",116,鹽埕分局
YH0464,鹽埕風華大樓,鹽埕區,光明里,高雄市鹽埕區大智路145號,"  1 ",140,鹽埕分局
YH0391,喜樂復興教會,鹽埕區,府北里,高雄市鹽埕區大勇路183巷5號,"  1 ",23,鹽埕分局
YH0396,陳富大樓,鹽埕區,府北里,高雄市鹽埕區富野路70號,"  1 ",160,鹽埕分局
YH0397,陳富大樓,鹽埕區,府北里,高雄市鹽埕區富野路68號,"  1 ",133,鹽埕分局
YH0398,大裕首席寶座大廈,鹽埕區,府北里,高雄市鹽埕區七賢二路472號,"  1 ",326,鹽埕分局
YH0404,巴中聖掏沙旅館,鹽埕區,府北里,高雄市鹽埕區七賢二路425號,"  1 ",474,鹽埕分局
YH0405,晨興天下,鹽埕區,藍橋里,高雄市鹽埕區藍橋里建國四路344號,"  1 ",133,鹽埕分局
YH0407,大裕首席寶座,鹽埕區,府北里,高雄市鹽埕區七賢二路468號,"  1 ",156,鹽埕分局
YH0412,透天,鹽埕區,博愛里,高雄市鹽埕區建國四路293號,"  1 ",170,鹽埕分局
YH0414,透天,鹽埕區,藍橋里,高雄市鹽埕區建國四路336之1號,"  1 ",68,鹽埕分局
YH0415,如意人生,鹽埕區,壽星里,高雄市鹽埕區興華街43號,"  1 ",146,鹽埕分局
YH0424,新鹽埕大廈,鹽埕區,府北里,高雄市鹽埕區大有街1號,"  1 ",146,鹽埕分局
YH0425,鹽埕寶座大樓,鹽埕區,藍橋里,高雄市鹽埕區新興街303號,"  1 ",322,鹽埕分局
YH0426,早安鹽埕大樓,鹽埕區,壽星里,高雄市鹽埕區新興街210號,"  1 ",244,鹽埕分局
YH0429,勝一大樓,鹽埕區,陸橋里,高雄市鹽埕區建國四路257號,"  1 ",267,鹽埕分局
YH0434,透天,鹽埕區,博愛里,高雄市鹽埕區建國四路287號,"  1 ",53,鹽埕分局
YH0440,山盟海誓大樓,鹽埕區,藍橋里,高雄市鹽埕區北端街72號,"  3 ",2130,鹽埕分局
YH0445,高雄國際會議中心,鹽埕區,府北里,高雄市鹽埕區中正四路274號,"  3 ",5254,鹽埕分局
YH0463,星愛河大樓,鹽埕區,府北里,高雄市鹽埕區府北里府北路32號,"  2 ",291,鹽埕分局
YH0464,馥寓大樓,鹽埕區,府北里,高雄市鹽埕區七賢二路437號,"  3 ",1393,鹽埕分局
YH0465,百達富埕大樓,鹽埕區,中山里,高雄市鹽埕區中山里大仁路193號," 1、2、3",2616,鹽埕分局
YH0466,國聯美河棧,鹽埕區,育仁里,高雄市鹽埕區大義街113號2樓之1,"  2 ",227,鹽埕分局
YH0467,文化部海音中心,鹽埕區,沙地里,高雄市鹽埕區真愛路1號,"  1 ",7909,鹽埕分局
YH0468,塩埕序大樓,鹽埕區,中山里,高雄市鹽埕區中山里大公路99號,"  3 ",2306,鹽埕分局
YH0469,台糖公司-華運大樓,鹽埕區,江南里,高雄市鹽埕區江南里大勇路11號,"  2 ",1897,鹽埕分局
YH0470,大仁路停車場,鹽埕區,光明里,高雄市鹽埕區光明里大仁路10號,"  1 ",2887,鹽埕分局
YH0471,高雄翰品酒店,鹽埕區,光明里,高雄市鹽埕區光明里大仁路43號,"  2 ",1134,鹽埕分局
LY0058,萬國商業大樓,苓雅區,博仁里,高雄市苓雅區五福三路101號,"  2 ",847,苓雅分局
LY0103,金龍大廈,苓雅區,意誠里,高雄市苓雅區三多四路79號,"  1 ",2191,苓雅分局
LY0140,新遠東名廈,苓雅區,意誠里,高雄市苓雅區新光路24巷1號,"  1 ",166,苓雅分局
LY0187,全聯福利中心,苓雅區,意誠里,高雄市苓雅區三多四路123號,"  1 ",870,苓雅分局
LY0244,金鼎大樓,苓雅區,人和里,高雄市苓雅區四維四路22之1號,"  1 ",719,苓雅分局
LY0357,原燒燒肉,苓雅區,仁政里,高雄市苓雅區中山二路410號,"  1 ",383,苓雅分局
LY0512,中華長安大樓,苓雅區,普照里,高雄市苓雅區永定街85號,"  1 ",1106,苓雅分局
LY0535,靉嗨三多行旅,苓雅區,華堂里,高雄市苓雅區林森二路84號,"  1 ",221,苓雅分局
LY0570,一般建築(華廈),苓雅區,鼓中里,高雄市苓雅區成功一路162號,"  1 ",346,苓雅分局
LY0601,一般建築(華廈),苓雅區,林中里,高雄市苓雅區五權街200號,"  1 ",22,苓雅分局
LY0611,一般建築(華廈),苓雅區,正言里,高雄市苓雅區中正一路478號,"  1 ",134,苓雅分局
LY0630,一般建築(華廈),苓雅區,意誠里,高雄市苓雅區自強三路62號,"  2 ",1252,苓雅分局
LY0721,書香大廈,苓雅區,林德里,高雄市苓雅區四維二路29號,"  1 ",422,苓雅分局
LY0772,佳聯大廈,苓雅區,五福里,高雄市苓雅區大順三路218號,"  1 ",664,苓雅分局
LY0773,巨園華廈,苓雅區,人和里,高雄市苓雅區中山二路489號,"  2 ",1216,苓雅分局
LY0823,一般建築(華廈),苓雅區,人和里,高雄市苓雅區中山二路463號,"  1 ",1261,苓雅分局
LY0826,三信家商,苓雅區,福祥里,高雄市苓雅區三多一路186號,"  1 ",2238,苓雅分局
LY1047,一般建築(華廈),苓雅區,城北里,高雄市苓雅區成功一路134號,"  1 ",113,苓雅分局
LY1122,弘泰家園華廈,苓雅區,林西里,高雄市苓雅區五權街113號,"  1 ",156,苓雅分局
LY1163,三和大樓,苓雅區,苓洲里,高雄市苓雅區海邊路46號,"  1 ",1514,苓雅分局
LY1228,真善美大廈,苓雅區,林圍里,高雄市苓雅區青年一路8之4號,"  1 ",473,苓雅分局
LY1258,三多三星大廈,苓雅區,鼓中里,高雄市苓雅區苓雅二路85之5號,"  1 ",95,苓雅分局
LY1327,國際商工,苓雅區,林靖里,高雄市苓雅區三多二路84號,"  1 ",1211,苓雅分局
LY1410,十宅民權華廈,苓雅區,意誠里,高雄市苓雅區新光路126號,"  1 ",1266,苓雅分局
LY1415,一般建築(華廈),苓雅區,衛武里,高雄市苓雅區澄清路9巷2號,"  1 ",714,苓雅分局
LY1416,一般建築(華廈),苓雅區,衛武里,高雄市苓雅區尚勇路9號,"  1 ",5473,苓雅分局
LY1484,友利園大廈,苓雅區,廣澤里,高雄市苓雅區三多三路222之2號,"  1 ",359,苓雅分局
LY1485,一般建築(華廈),苓雅區,苓雅里,高雄市苓雅區華新街86號,"  1 ",557,苓雅分局
LY1513,一般建築(華廈),苓雅區,林安里,高雄市苓雅區金門街53號,"  1 ",138,苓雅分局
LY1590,三信三多大廈,苓雅區,林西里,高雄市苓雅區三多二路224號,"  1 ",395,苓雅分局
LY1616,隆光大廈,苓雅區,普天里,高雄市苓雅區四維二路365號,"  1 ",390,苓雅分局
LY1627,超群大廈,苓雅區,苓昇里,高雄市苓雅區青年二路149號,"  1 ",126,苓雅分局
LY1637,新崛江商旅,苓雅區,城東里,高雄市苓雅區中華四路126號,"  1 ",141,苓雅分局
LY1666,翰林華廈,苓雅區,苓洲里,高雄市苓雅區光明街87號,"  1 ",280,苓雅分局
LY1702,巨園華廈,苓雅區,林華里,高雄市苓雅區三多二路249號,"  1 ",211,苓雅分局
LY1724,中正香榭大廈,苓雅區,正言里,高雄市苓雅區中正一路326號,"  1 ",593,苓雅分局
LY1730,一般建築(華廈),苓雅區,晴朗里,高雄市苓雅區永定街155號,"  1 ",122,苓雅分局
LY1737,一般建築(華廈),苓雅區,苓中里,高雄市苓雅區苓中路179號,"  1 ",986,苓雅分局
LY1749,和平樺園名廈,苓雅區,林華里,高雄市苓雅區和平二路307號,"  1 ",597,苓雅分局
LY1793,一般建築(華廈),苓雅區,城西里,高雄市苓雅區中華四路55號,"  1 ",278,苓雅分局
LY1824,一般建築(華廈),苓雅區,日中里,高雄市苓雅區忠孝二路63號,"  1 ",169,苓雅分局
LY1843,敦煌名宮華廈,苓雅區,廣澤里,高雄市苓雅區中山二路320號,"  1 ",196,苓雅分局
LY1868,一般建築(華廈),苓雅區,中正里,高雄市苓雅區林德街10巷4號,"  1 ",148,苓雅分局
LY1869,雙星名園大廈,苓雅區,華堂里,高雄市苓雅區林森二路17巷7號,"  1 ",1637,苓雅分局
LY1870,三和大樓,苓雅區,林興里,高雄市苓雅區三多二路293號,"  1 ",160,苓雅分局
LY1882,一般建築(華廈),苓雅區,中正里,高雄市苓雅區廣州一街141之8號,"  1 ",331,苓雅分局
LY1884,一般建築(華廈),苓雅區,中正里,高雄市苓雅區廣州一街143之1號,"  1 ",183,苓雅分局
LY1894,一般建築(華廈),苓雅區,林華里,高雄市苓雅區和平二路373號,"  1 ",190,苓雅分局
LY1897,三多三星大廈,苓雅區,華堂里,高雄市苓雅區三多三路220號,"  1 ",3914,苓雅分局
LY1905,一般建築(華廈),苓雅區,華堂里,高雄市苓雅區忠孝二路85號,"  1 ",200,苓雅分局
LY1914,十宅民權華廈,苓雅區,林安里,高雄市苓雅區民權一路92號,"  1 ",258,苓雅分局
LY1915,丁禾貿易有限公司,苓雅區,普照里,高雄市苓雅區永定街2號,"  1 ",243,苓雅分局
LY1920,一般建築(華廈),苓雅區,林南里,高雄市苓雅區林泉街80巷15號,"  1 ",183,苓雅分局
LY1921,宏威,苓雅區,尚義里,高雄市苓雅區中正二路83號,"  1 ",142,苓雅分局
LY1931,世紀双星大廈,苓雅區,苓洲里,高雄市苓雅區海邊路48號,"  1 ",506,苓雅分局
LY1963,一般建築(華廈),苓雅區,正文里,高雄市苓雅區褔德二路61號,"  1 ",245,苓雅分局
LY1964,中正翠園華廈,苓雅區,正言里,高雄市苓雅區武廟路129號,"  1 ",281,苓雅分局
LY1978,一般建築(華廈),苓雅區,正大里,高雄市苓雅區武廟路73號,"  1 ",303,苓雅分局
LY1983,萬和大廈,苓雅區,尚義里,高雄市苓雅區中正二路89號,"  1 ",284,苓雅分局
LY1991,文化皇家大樓,苓雅區,田西里,高雄市苓雅區中華四路193號,"  1 ",152,苓雅分局
LY1995,敦尚園華廈,苓雅區,廣澤里,高雄市苓雅區中山二路272號,"  1 ",254,苓雅分局
LY2001,友利園大廈,苓雅區,日中里,高雄市苓雅區興中一路212號,"  1 ",516,苓雅分局
LY2023,一般建築(華廈),苓雅區,中正里,高雄市苓雅區林德街10巷9號,"  1 ",183,苓雅分局
LY2024,一般建築(華廈),苓雅區,中正里,高雄市苓雅區林德街26巷12號,"  1 ",157,苓雅分局
LY2029,碼頭公寓,苓雅區,福西里,高雄市苓雅區明德街23號,"  1 ",868,苓雅分局
LY2058,友利園大廈,苓雅區,日中里,高雄市苓雅區林森二路48號,"  1 ",905,苓雅分局
LY2062,一般建築(華廈),苓雅區,日中里,高雄市苓雅區永樂街64號,"  1 ",144,苓雅分局
LY2073,鴛鴦雙子星大廈,苓雅區,普照里,高雄市苓雅區復興二路3號,"  1 ",1237,苓雅分局
LY2075,一般建築(華廈),苓雅區,永康里,高雄市苓雅區四維一路78號,"  1 ",91,苓雅分局
LY2088,一般建築(華廈),苓雅區,苓中里,高雄市苓雅區永平路42號,"  1 ",213,苓雅分局
LY2107,一般建築(華廈),苓雅區,正大里,高雄市苓雅區建國一路121之2號,"  1 ",339,苓雅分局
LY2109,以馬內利國際事業有限公司,苓雅區,普天里,高雄市苓雅區三多二路390號,"  1 ",180,苓雅分局
LY2130,一般建築(華廈),苓雅區,林興里,高雄市苓雅區林西街48巷12號,"  1 ",260,苓雅分局
LY2137,藍田大樓,苓雅區,林貴里,高雄市苓雅區和平二路324號,"  1 ",94,苓雅分局
LY2168,弘泰家園華廈,苓雅區,博仁里,高雄市苓雅區五福三路149之1號,"  1 ",606,苓雅分局
LY2173,超群大廈,苓雅區,普天里,高雄市苓雅區永靖街113號,"  1 ",1150,苓雅分局
LY2176,一般建築(華廈),苓雅區,中正里,高雄市苓雅區廣州一街159號,"  1 ",177,苓雅分局
LY2220,五權公寓,苓雅區,林德里,高雄市苓雅區五權街59號,"  1 ",509,苓雅分局
LY2267,華樹勝利大廈,苓雅區,人和里,高雄市苓雅區四維四路2號,"  2 ",437,苓雅分局
LY2281,一般建築(華廈),苓雅區,林泉里,高雄市苓雅區和平一路147之5號,"  1 ",206,苓雅分局
LY2287,武廟中醫診所,苓雅區,正文里,高雄市苓雅區武廟路124號,"  1 ",176,苓雅分局
LY2356,一般建築(華廈),苓雅區,林泉里,高雄市苓雅區廣州一街123號,"  1 ",200,苓雅分局
LY2377,高地商旅,苓雅區,正大里,高雄市苓雅區建民路37號,"  1 ",254,苓雅分局
LY2386,高雄師範大學,苓雅區,同慶里,高雄市苓雅區和平一路116號,"  1 ",3478,苓雅分局
LY2393,國家一品大廈,苓雅區,林泉里,高雄市苓雅區四維二路94之1號,"  1 ",318,苓雅分局
LY2397,一般建築(華廈),苓雅區,林南里,高雄市苓雅區和平一路149之15號,"  1 ",711,苓雅分局
LY2412,新崛江商旅,苓雅區,美田里,高雄市苓雅區林森二路73號,"  1 ",103,苓雅分局
LY2417,一般建築(華廈),苓雅區,林泉里,高雄市苓雅區四維二路96之4號,"  1 ",465,苓雅分局
LY2455,一般建築(華廈),苓雅區,林泉里,高雄市苓雅區廣東一街111號,"  1 ",222,苓雅分局
LY2456,一般建築(華廈),苓雅區,正大里,高雄市苓雅區輔仁路175號,"  1 ",174,苓雅分局
LY2469,一般建築(華廈),苓雅區,林泉里,高雄市苓雅區林泉街57號,"  1 ",788,苓雅分局
LY2488,宏碁建設,苓雅區,尚義里,高雄市苓雅區尚志街8號,"  1 ",414,苓雅分局
LY2489,鳳凰名厦,苓雅區,尚義里,高雄市苓雅區尚志街4號,"  1 ",203,苓雅分局
LY2495,中正華夏,苓雅區,中正里,高雄市苓雅區林南街18號,"  1 ",2087,苓雅分局
LY2508,文華大廈,苓雅區,林南里,高雄市苓雅區和平一路149之6號,"  1 ",326,苓雅分局
LY2528,高屋國家廣場,苓雅區,中正里,高雄市苓雅區廣州一街149之3號,"  1 ",613,苓雅分局
LY2529,歐帝聯合大廈,苓雅區,安祥里,高雄市苓雅區和平一路256之1號,"  1 ",198,苓雅分局
LY2542,翰林華廈,苓雅區,林中里,高雄市苓雅區和平一路131號,"  1 ",262,苓雅分局
LY2552,一般建築(華廈),苓雅區,中正里,高雄市苓雅區青年一路1之11號,"  1 ",241,苓雅分局
LY2553,一般建築(華廈),苓雅區,晴朗里,高雄市苓雅區永裕街29號,"  1 ",437,苓雅分局
LY2557,一般建築(華廈),苓雅區,林中里,高雄市苓雅區五權街244號,"  1 ",140,苓雅分局
LY2588,一般建築(華廈),苓雅區,凱旋里,高雄市苓雅區凱旋二路131號,"  1 ",127,苓雅分局
LY2606,中國庭園大廈,苓雅區,中正里,高雄市苓雅區林南街22號,"  1 ",453,苓雅分局
LY2644,宏威大廈,苓雅區,尚義里,高雄市苓雅區中正二路81號,"  1 ",134,苓雅分局
LY2666,鴻漢企業,苓雅區,福壽里,高雄市苓雅區河南路102號,"  1 ",233,苓雅分局
LY2681,一般建築(華廈),苓雅區,中正里,高雄市苓雅區青年一路1之7號,"  1 ",315,苓雅分局
LY2691,如茵樓,苓雅區,中正里,高雄市苓雅區青年一路6號,"  1 ",165,苓雅分局
LY2738,一般建築(華廈),苓雅區,日中里,高雄市苓雅區忠孝二路63之2號,"  1 ",230,苓雅分局
LY2788,家發大樓,苓雅區,正文里,高雄市苓雅區武廟路122號,"  1 ",128,苓雅分局
LY2794,一般建築(華廈),苓雅區,中正里,高雄市苓雅區青年一路1之5號,"  1 ",530,苓雅分局
LY2807,一般建築(華廈),苓雅區,林泉里,高雄市苓雅區廣州一街121號,"  1 ",257,苓雅分局
LY2814,中正長春,苓雅區,尚義里,高雄市苓雅區中正二路101號,"  1 ",243,苓雅分局
LY2821,一般建築(華廈),苓雅區,中正里,高雄市苓雅區青年一路1之18號,"  1 ",139,苓雅分局
LY2831,鳳凰翡翠樓,苓雅區,林泉里,高雄市苓雅區林泉街65號,"  1 ",444,苓雅分局
LY2835,民權雅砌大廈,苓雅區,苓雅里,高雄市苓雅區四維四路176號,"  1 ",513,苓雅分局
LY2863,一般建築(華廈),苓雅區,林泉里,高雄市苓雅區林泉街15號,"  1 ",111,苓雅分局
LY2864,一般建築(華廈),苓雅區,林泉里,高雄市苓雅區林泉街19號,"  1 ",133,苓雅分局
LY2865,一般建築(華廈),苓雅區,林泉里,高雄市苓雅區林泉街23號,"  1 ",133,苓雅分局
LY2866,一般建築(華廈),苓雅區,林泉里,高雄市苓雅區林泉街27號,"  1 ",213,苓雅分局
LY2867,一般建築(華廈),苓雅區,林泉里,高雄市苓雅區林泉街31號,"  1 ",213,苓雅分局
LY2868,一般建築(華廈),苓雅區,林泉里,高雄市苓雅區林泉街35號,"  1 ",197,苓雅分局
LY2873,中正文化DC大樓,苓雅區,廣澤里,高雄市苓雅區三多三路224號,"  1 ",105,苓雅分局
LY2912,麗尊酒店,苓雅區,人和里,高雄市苓雅區苓雅二路40號,"  1 ",796,苓雅分局
LY2914,一般建築(華廈),苓雅區,晴朗里,高雄市苓雅區永定街133號,"  1 ",211,苓雅分局
LY2916,一般建築(華廈),苓雅區,林泉里,高雄市苓雅區四維二路96之5號,"  1 ",179,苓雅分局
LY2917,中正虹庭名廈,苓雅區,林德里,高雄市苓雅區英明路300號,"  1 ",266,苓雅分局
LY2964,首府大廈,苓雅區,普天里,高雄市苓雅區民權一路30號,"  1 ",449,苓雅分局
LY2966,國家花園名厦,苓雅區,中正里,高雄市苓雅區林南街31號,"  1 ",488,苓雅分局
LY2968,一般建築(華廈),苓雅區,林中里,高雄市苓雅區五權街230號,"  1 ",113,苓雅分局
LY3029,百基建設,苓雅區,五權里,高雄市苓雅區武廟路205號,"  1 ",2416,苓雅分局
LY3048,聲都青年大廈,苓雅區,和煦里,高雄市苓雅區復興二路91號,"  1 ",265,苓雅分局
LY3066,敦煌名宮華廈,苓雅區,林富里,高雄市苓雅區四維二路124號,"  1 ",448,苓雅分局
LY3067,國泰中正廣場大廈,苓雅區,林南里,高雄市苓雅區林德街39號,"  1 ",3618,苓雅分局
LY3068,福康國小,苓雅區,福隆里,高雄市苓雅區漢陽街17號,"  1 ",801,苓雅分局
LY3102,榮富民華廈,苓雅區,林圍里,高雄市苓雅區青年一路98號,"  1 ",103,苓雅分局
LY3104,國泰建設中正廣場華厦,苓雅區,林南里,高雄市苓雅區林泉街38巷7之1號,"  1 ",3297,苓雅分局
LY3109,鳳凰香榭大廈,苓雅區,林富里,高雄市苓雅區苓雅一路29號,"  1 ",983,苓雅分局
LY3116,東坡名盧華廈,苓雅區,林富里,高雄市苓雅區苓雅一路35號,"  1 ",274,苓雅分局
LY3125,一般建築(華廈),苓雅區,林泉里,高雄市苓雅區林泉街73號,"  1 ",191,苓雅分局
LY3176,苓洲國民小學,苓雅區,城西里,高雄市苓雅區四維四路61號,"  1 ",696,苓雅分局
LY3177,裡文化大樓,苓雅區,城北里,高雄市苓雅區興中二路106號,"  1 ",539,苓雅分局
LY3178,財團法人中華基督教衛理公會,苓雅區,城東里,高雄市苓雅區城東里興中二路11號,"  1 ",197,苓雅分局
LY3179,彩虹藝術家,苓雅區,安祥里,高雄市苓雅區中正二路56巷4號,"  1.00 ",472,苓雅分局
LY3186,IDO大樓,苓雅區,苓東里,高雄市苓雅區四維四路237號,"  1 ",93,苓雅分局
LY3209,華谷馨園大樓,苓雅區,普天里,高雄市苓雅區興中一路52號之1,"  1 ",629,苓雅分局
LY3211,一般建築(華廈),苓雅區,林西里,高雄市苓雅區五權街65號,"  1 ",396,苓雅分局
LY3213,一般建築(華廈),苓雅區,安祥里,高雄市苓雅區中正二路56巷33弄8號,"  1 ",998,苓雅分局
LY3214,愛丁堡名廈,苓雅區,普天里,高雄市苓雅區興中一路22號,"  1 ",679,苓雅分局
LY3220,新都廳Ⅱ大樓,苓雅區,博仁里,高雄市苓雅區海邊路109號,"  1 ",1024,苓雅分局
LY3238,文化綻大樓,苓雅區,城北里,高雄市苓雅區四維四路69號,"  1 ",314,苓雅分局
LY3240,中國第一景大樓,苓雅區,和煦里,高雄市苓雅區仁愛三街308之1號,"  1 ",4579,苓雅分局
LY3241,一般建築(華廈),苓雅區,正大里,高雄市苓雅區武廟路66號,"  1 ",302,苓雅分局
LY3242,百成建設華廈,苓雅區,林中里,高雄市苓雅區廣東一街70號,"  1 ",446,苓雅分局
LY3244,一般建築(華廈),苓雅區,安祥里,高雄市苓雅區中正二路56巷25號,"  1 ",283,苓雅分局
LY3246,誼福企業有限公司,苓雅區,華堂里,高雄市苓雅區興中一路349號,"  1 ",133,苓雅分局
LY3284,"光華教會 - 台灣基督長老教會",苓雅區,林南里,高雄市苓雅區光華一路148之38號,"  1 ",251,苓雅分局
LY3288,一般建築(華廈),苓雅區,林富里,高雄市苓雅區福建街207之1號,"  1 ",124,苓雅分局
LY3302,阮綜合醫院,苓雅區,鼓中里,高雄市苓雅區四維四路166號,"  2 ",952,苓雅分局
LY3307,鳳凰麗榭華廈,苓雅區,林富里,高雄市苓雅區苓雅一路27號,"  1 ",467,苓雅分局
LY3330,台灣菸酒公司,苓雅區,仁政里,高雄市苓雅區文橫二路113號,"  1 ",598,苓雅分局
LY3376,台灣銀行苓雅分行,苓雅區,仁政里,高雄市苓雅區青年一路261號,"  1 ",663,苓雅分局
LY3380,長榮大樓,苓雅區,苓東里,高雄市苓雅區四維四路177號,"  2 ",476,苓雅分局
LY3392,文化白宮大廈,苓雅區,林富里,高雄市苓雅區四維二路118號,"  1 ",358,苓雅分局
LY3395,世紀双星大廈,苓雅區,林富里,高雄市苓雅區四維二路146號,"  1 ",1070,苓雅分局
LY3424,中正豪門天廈,苓雅區,林圍里,高雄市苓雅區青年一路32號,"  1 ",1302,苓雅分局
LY3425,諾貝爾名廈,苓雅區,林圍里,高雄市苓雅區民權一路90之1號,"  2 ",390,苓雅分局
LY3429,胡適名廈,苓雅區,同慶里,高雄市苓雅區四維二路28號,"  1 ",1024,苓雅分局
LY3430,大雅牙醫診所,苓雅區,林中里,高雄市苓雅區光華一路146號,"  1 ",70,苓雅分局
LY3444,道明高級中學,苓雅區,民主里,高雄市苓雅區建國一路354號,"  1 ",1162,苓雅分局
LY3445,國家一品大廈,苓雅區,林泉里,高雄市苓雅區四維二路94之18號,"  1 ",1092,苓雅分局
LY3446,國家四維新廈,苓雅區,仁政里,高雄市苓雅區四維三路198之5號,"  1 ",704,苓雅分局
LY3474,一般建築(華廈),苓雅區,同慶里,高雄市苓雅區同慶路90號,"  1 ",92,苓雅分局
LY3475,同心碧麗富邑,苓雅區,林南里,高雄市苓雅區林泉街36號,"  1 ",1578,苓雅分局
LY3476,鴻碩文化靜園華廈,苓雅區,林富里,高雄市苓雅區福建街194號,"  1 ",88,苓雅分局
LY3480,一般建築(華廈),苓雅區,安祥里,高雄市苓雅區泰順街3號十之1,"  1 ",1048,苓雅分局
LY3490,城中小貴族大廈,苓雅區,苓雅里,高雄市苓雅區四維四路172之3號,"  1 ",189,苓雅分局
LY3491,文化皇家大樓,苓雅區,林圍里,高雄市苓雅區廈門街23號,"  1 ",1736,苓雅分局
LY3502,長谷大樓,苓雅區,仁政里,高雄市苓雅區中山二路412號地下層,"  2 ",380,苓雅分局
LY3510,敦尚園華廈,苓雅區,林富里,高雄市苓雅區福建街225號,"  1 ",275,苓雅分局
LY3517,文化天下大廈,苓雅區,普天里,高雄市苓雅區福建街31號,"  1 ",808,苓雅分局
LY3520,百星凱撒天地大廈,苓雅區,普照里,高雄市苓雅區興中一路110號,"  1 ",599,苓雅分局
LY3526,四維山水大樓,苓雅區,苓中里,高雄市苓雅區四維四路196號地下室,"  1 ",305,苓雅分局
LY3532,"文化靜園 II華廈",苓雅區,普天里,高雄市苓雅區福建街24號,"  1 ",345,苓雅分局
LY3549,林森市銀大樓,苓雅區,華堂里,高雄市苓雅區林森二路23號,"  1 ",335,苓雅分局
LY3556,一般建築(華廈),苓雅區,林西里,高雄市苓雅區五權街121號,"  1 ",391,苓雅分局
LY3557,中正c大樓,苓雅區,林榮里,高雄市苓雅區英義街160號,"  1 ",224,苓雅分局
LY3561,文化生活綠第,苓雅區,林泉里,高雄市苓雅區林泉街179號,"  2 ",699,苓雅分局
LY3567,宏總2001廣場大樓,苓雅區,華堂里,高雄市苓雅區永樂街115號,"  2 ",3519,苓雅分局
LY3574,崇偉大廈,苓雅區,安祥里,高雄市苓雅區中正二路22號,"  1 ",404,苓雅分局
LY3575,皇甫世家,苓雅區,尚義里,高雄市苓雅區民族二路2號,"  1 ",123,苓雅分局
LY3576,鳳凰麗榭華廈,苓雅區,林富里,高雄市苓雅區福建街223巷4號,"  1 ",404,苓雅分局
LY3577,中正綠園華廈,苓雅區,林華里,高雄市苓雅區廣東二街83號,"  1 ",516,苓雅分局
LY3588,一般建築(華廈),苓雅區,林華里,高雄市苓雅區和平二路365號,"  1 ",144,苓雅分局
LY3603,王象東都大樓,苓雅區,正文里,高雄市苓雅區褔德二路20之4號,"  2 ",730,苓雅分局
LY3605,名門天下管理委員會,苓雅區,苓雅里,高雄市苓雅區四維四路170之7號,"  1 ",138,苓雅分局
LY3606,中正360生活廣場,苓雅區,林榮里,高雄市苓雅區英義街113號,"  1 ",952,苓雅分局
LY3607,亞歷山大企業中心,苓雅區,正大里,高雄市苓雅區中正一路284號,"  2 ",561,苓雅分局
LY3608,麗景天廈,苓雅區,林靖里,高雄市苓雅區三多二路62號,"  1 ",216,苓雅分局
LY3609,花想容服飾,苓雅區,正言里,高雄市苓雅區正言路37號,"  1 ",797,苓雅分局
LY3612,首府大廈,苓雅區,尚義里,高雄市苓雅區中正二路105號之1,"  2 ",918,苓雅分局
LY3613,安田婦產科診所,苓雅區,林興里,高雄市苓雅區三多二路353號,"  1 ",248,苓雅分局
LY3617,愛琴海大樓,苓雅區,苓中里,高雄市苓雅區四維四路226號,"  1 ",174,苓雅分局
LY3620,中正企業總部,苓雅區,福南里,高雄市苓雅區中正一路263號,"  2 ",656,苓雅分局
LY3622,鑽石大廈,苓雅區,苓雅里,高雄市苓雅區四維四路174之1號,"  1 ",221,苓雅分局
LY3624,市政財經銀座華廈,苓雅區,晴朗里,高雄市苓雅區苓雅一路195號,"  1 ",95,苓雅分局
LY3628,白雲大廈,苓雅區,尚義里,高雄市苓雅區中正二路91號,"  2 ",485,苓雅分局
LY3629,遠東商業總部大樓,苓雅區,城東里,高雄市苓雅區仁義街2之4號,"  2 ",297,苓雅分局
LY3630,中正翠園華廈,苓雅區,正言里,高雄市苓雅區武廟路129號之1,"  1 ",333,苓雅分局
LY3635,一般建築(華廈),苓雅區,林華里,高雄市苓雅區廣東二街76號,"  2 ",244,苓雅分局
LY3646,一般建築(華廈),苓雅區,正文里,高雄市苓雅區福德二路75巷11號,"  1 ",281,苓雅分局
LY3656,弘泰家園華廈,苓雅區,林西里,高雄市苓雅區五權街117號,"  1 ",150,苓雅分局
LY3658,財團法人高雄市基督教青年會,苓雅區,林華里,高雄市苓雅區和平二路431號,"  2 ",486,苓雅分局
LY3661,哈佛社區,苓雅區,正心里,高雄市苓雅區正言路111號,"  1 ",1305,苓雅分局
LY3662,康橋大廈,苓雅區,正心里,高雄市苓雅區正言路95號,"  1 ",2585,苓雅分局
LY3669,康橋商旅,苓雅區,福西里,高雄市苓雅區三多一路94號,"  1 ",189,苓雅分局
LY3670,一般建築(華廈),苓雅區,五權里,高雄市苓雅區河北路219號,"  1 ",203,苓雅分局
LY3671,一般建築(華廈),苓雅區,普天里,高雄市苓雅區永富街27號,"  1 ",396,苓雅分局
LY3674,種子商旅-光華館,苓雅區,林南里,高雄市苓雅區光華一路148之42號,"  1 ",187,苓雅分局
LY3684,聯邦企業廣場大樓,苓雅區,美田里,高雄市苓雅區林森二路89號,"  2 ",349,苓雅分局
LY3686,國泰世華銀行-東高雄分行,苓雅區,安祥里,高雄市苓雅區中正二路72號,"  2 ",779,苓雅分局
LY3687,華樹勝利大廈,苓雅區,華堂里,高雄市苓雅區四維三路174號,"  1 ",221,苓雅分局
LY3698,一般建築(華廈),苓雅區,正大里,高雄市苓雅區建民路76號,"  1 ",392,苓雅分局
LY3699,捷絲旅,苓雅區,正大里,高雄市苓雅區中正一路134號,"  2 ",493,苓雅分局
LY3701,遠見企業大樓,苓雅區,苓東里,高雄市苓雅區四維四路167號,"  2 ",354,苓雅分局
LY3702,泛美企業 ,苓雅區,尚義里,高雄市苓雅區光華一路226號,"  2 ",260,苓雅分局
LY3704,中正世家,苓雅區,福東里,高雄市苓雅區武嶺街92號地下室,"  1 ",455,苓雅分局
LY3705,王象中正大樓,苓雅區,福南里,高雄市苓雅區中正一路255號,"  2 ",160,苓雅分局
LY3708,世貿中心大樓,苓雅區,苓洲里,高雄市苓雅區青年二路210號,"  2 ",378,苓雅分局
LY3716,祥福大樓,苓雅區,英明里,高雄市苓雅區英明路120號,"  1 ",1523,苓雅分局
LY3717,藍天大廈,苓雅區,林圍里,高雄市苓雅區光華一路261號,"  2 ",1309,苓雅分局
LY3721,中正財經大樓,苓雅區,福南里,高雄市苓雅區中正一路305號,"  2 ",218,苓雅分局
LY3722,企業家資訊大樓,苓雅區,苓中里,高雄市苓雅區四維四路190之1號,"  2 ",522,苓雅分局
LY3736,漢陽門第,苓雅區,福隆里,高雄市苓雅區漢陽街116號,"  1 ",245,苓雅分局
LY3740,一般建築(華廈),苓雅區,林泉里,高雄市苓雅區四維二路94之21號,"  1 ",123,苓雅分局
LY3741,一般建築(華廈),苓雅區,福南里,高雄市苓雅區福安路470號,"  1 ",186,苓雅分局
LY3742,嘉年華大樓,苓雅區,美田里,高雄市苓雅區美田里青年一路191號,"  2 ",557,苓雅分局
LY3747,皇甫國際商業大樓,苓雅區,尚義里,高雄市苓雅區光華一路232號,"  2 ",389,苓雅分局
LY3750,御城明鴻大樓,苓雅區,人和里,高雄市苓雅區中華四路256號,"  2 ",382,苓雅分局
LY3759,摩登貴族大廈,苓雅區,林富里,高雄市苓雅區光華一路131號,"  1 ",131,苓雅分局
LY3760,前程出版社,苓雅區,正道里,高雄市苓雅區福德一路56號,"  1 ",127,苓雅分局
LY3765,一般建築(華廈),苓雅區,日中里,高雄市苓雅區永樂街48號,"  1 ",143,苓雅分局
LY3767,智慧星座大樓,苓雅區,苓雅里,高雄市苓雅區四維四路172之6號,"  1 ",327,苓雅分局
LY3769,黃讚中正名邸,苓雅區,福東里,高雄市苓雅區武嶺街46號,"  1 ",221,苓雅分局
LY3770,道明一品門第,苓雅區,民主里,高雄市苓雅區憲法路8之4號,"  1 ",131,苓雅分局
LY3774,華谷森園事業家,苓雅區,安祥里,高雄市苓雅區凱旋一路1號,"  2 ",193,苓雅分局
LY3776,雅園,苓雅區,五權里,高雄市苓雅區五權里河北路228號,"  1 ",145,苓雅分局
LY3777,一般建築(華廈),苓雅區,正義里,高雄市苓雅區正義路1號,"  1 ",112,苓雅分局
LY3780,清水室內設計,苓雅區,正文里,高雄市苓雅區建國一路175之3號,"  1 ",236,苓雅分局
LY3781,要盛建設,苓雅區,安祥里,高雄市苓雅區中正二路20號,"  2 ",511,苓雅分局
LY3782,宏基企業廣場,苓雅區,正大里,高雄市苓雅區輔仁路155號,"  2 ",1293,苓雅分局
LY3783,朝代大廈,苓雅區,正心里,高雄市苓雅區輔仁路357巷120號,"  2 ",1805,苓雅分局
LY3786,中正事業京華大廈,苓雅區,林富里,高雄市苓雅區光華一路129號,"  1 ",327,苓雅分局
LY3788,自由女神企業大廈,苓雅區,林西里,高雄市苓雅區光華一路12號,"  2 ",303,苓雅分局
LY3790,中正ICR華廈,苓雅區,正文里,高雄市苓雅區身修路31號,"  1 ",298,苓雅分局
LY3792,一般建築(華廈),苓雅區,晴朗里,高雄市苓雅區苓雅一路252號,"  1 ",76,苓雅分局
LY3793,名人新巷新銳樓,苓雅區,林富里,高雄市苓雅區林富街10號,"  2 ",1185,苓雅分局
LY3795,名人新巷卓越樓,苓雅區,林富里,高雄市苓雅區林富街11號,"  2 ",856,苓雅分局
LY3798,泛美企業寶座,苓雅區,林貴里,高雄市苓雅區三多二路171號,"  2 ",257,苓雅分局
LY3799,中正一品大樓,苓雅區,正言里,高雄市苓雅區中正一路372號,"  2 ",423,苓雅分局
LY3802,堅山中正大廈,苓雅區,福南里,高雄市苓雅區中正一路249號,"  2 ",653,苓雅分局
LY3803,市政首席王座大樓,苓雅區,和煦里,高雄市苓雅區四維三路80號,"  3 ",607,苓雅分局
LY3804,世紀之星大樓,苓雅區,華堂里,高雄市苓雅區永樂街139號,"  2 ",792,苓雅分局
LY3806,元大商業銀行股份有限公司,苓雅區,安祥里,高雄市苓雅區安祥里中正二路58號,"  2 ",786,苓雅分局
LY3808,四維國小,苓雅區,林富里,高雄市苓雅區青年一路103號,"  1 ",621,苓雅分局
LY3809,復興帝苑大廈,苓雅區,普照里,高雄市苓雅區復興二路9號,"  2 ",388,苓雅分局
LY3810,生活貴族,苓雅區,五福里,高雄市苓雅區福德一路293號,"  1 ",159,苓雅分局
LY3812,一般建築(華廈),苓雅區,五福里,高雄市苓雅區福德二路271號,"  1 ",356,苓雅分局
LY3813,青年商務大樓,苓雅區,苓洲里,高雄市苓雅區青年二路212號,"  1 ",366,苓雅分局
LY3814,京城大樓,苓雅區,正大里,高雄市苓雅區中正一路120號,"  3 ",915,苓雅分局
LY3815,國際港務聯盟大樓,苓雅區,博仁里,高雄市苓雅區海邊路65號地下室,"  2 ",489,苓雅分局
LY3818,翡翠大樓,苓雅區,福西里,高雄市苓雅區福西街64號,"  1 ",80,苓雅分局
LY3819,一般建築(華廈),苓雅區,五權里,高雄市苓雅區大順三路11巷30號,"  1 ",83,苓雅分局
LY3821,五權國小,苓雅區,林德里,高雄市苓雅區三多二路100號,"  1 ",1412,苓雅分局
LY3822,勞保大樓,苓雅區,正言里,高雄市苓雅區中正一路304號,"  2 ",584,苓雅分局
LY3825,高昇商務中心,苓雅區,苓中里,高雄市苓雅區四維四路216號,"  2 ",341,苓雅分局
LY3827,一般建築(華廈),苓雅區,美田里,高雄市苓雅區中興街127號,"  1 ",122,苓雅分局
LY3829,四維大樓,苓雅區,城東里,高雄市苓雅區四維四路7號,"  4 ",1627,苓雅分局
LY3830,加冕人生,苓雅區,中正里,高雄市苓雅區光華一路148之83號,"  3 ",1470,苓雅分局
LY3831,國泰人壽中正第二大樓,苓雅區,安祥里,高雄市苓雅區中正二路30號,"  4 ",817,苓雅分局
LY3834,華正大樓,苓雅區,正大里,高雄市苓雅區中正一路256號之B1,"  1 ",176,苓雅分局
LY3836,高雄市政府四維行政中心,苓雅區,晴朗里,高雄市苓雅區四維三路2號,"  2 ",8838,苓雅分局
LY3840,尖美溫哥華,苓雅區,安祥里,高雄市苓雅區河南路228號,"  2 ",2113,苓雅分局
LY3841,舊警察宿舍,苓雅區,林德里,高雄市苓雅區和平一路72號,"  1 ",633,苓雅分局
LY3842,宏碁財經廣場,苓雅區,正大里,高雄市苓雅區建國一路109號,"  2 ",368,苓雅分局
LY3843,遠東銀座,苓雅區,城西里,高雄市苓雅區興中二路69號,"  2 ",336,苓雅分局
LY3845,永信林園大樓,苓雅區,文昌里,高雄市苓雅區文昌路90號,"  1 ",1663,苓雅分局
LY3846,名貴大飯店,苓雅區,福西里,高雄市苓雅區三多一路146號,"  1 ",428,苓雅分局
LY3847,一般建築(華廈),苓雅區,和煦里,高雄市苓雅區忠孝二路118號,"  1 ",170,苓雅分局
LY3849,中正芳鄰,苓雅區,正道里,高雄市苓雅區福德一路63巷2號,"  1 ",695,苓雅分局
LY3850,康橋大飯店,苓雅區,日中里,高雄市苓雅區林森二路10號,"  2 ",512,苓雅分局
LY3852,唐榮中華大樓,苓雅區,城西里,高雄市苓雅區中華四路51號,"  2 ",724,苓雅分局
LY3854,寶成中正大樓(聯邦銀行高雄分行),苓雅區,尚義里,高雄市苓雅區光華一路204號,"  3 ",1101,苓雅分局
LY3856,聯安企業,苓雅區,意誠里,高雄市苓雅區新光路40號,"  5 ",1918,苓雅分局
LY3858,冠軍寶座,苓雅區,福東里,高雄市苓雅區三多一路69號,"  2 ",570,苓雅分局
LY3859,文化新家,苓雅區,林榮里,高雄市苓雅區英義街328號,"  1 ",375,苓雅分局
LY3860,台灣領航企業大樓,苓雅區,苓昇里,高雄市苓雅區海邊路29號,"  4 ",1332,苓雅分局
LY3861,GT智慧生活,苓雅區,正文里,高雄市苓雅區建國一路171號,"  1 ",379,苓雅分局
LY3862,荷蘭小貴族,苓雅區,福祥里,高雄市苓雅區河南路46號,"  1 ",132,苓雅分局
LY3863,中正翰林,苓雅區,文昌里,高雄市苓雅區正義路247號,"  1 ",567,苓雅分局
LY3864,高門大樓,苓雅區,正大里,高雄市苓雅區中正一路258號,"  1 ",62,苓雅分局
LY3866,生活富邑,苓雅區,林榮里,高雄市苓雅區英義街306號,"  1 ",316,苓雅分局
LY3867,國稅局,苓雅區,林南里,高雄市苓雅區廣州一街148號,"  3 ",2305,苓雅分局
LY3868,一般建築(華廈),苓雅區,中正里,高雄市苓雅區廣州一街143之6號,"  1 ",153,苓雅分局
LY3869,翰棠公園學府,苓雅區,民主里,高雄市苓雅區樂仁路122之1號,"  1 ",166,苓雅分局
LY3870,曼哈頓大樓,苓雅區,城北里,高雄市苓雅區三多四路110號,"  4 ",1193,苓雅分局
LY3871,尊邸,苓雅區,安祥里,高雄市苓雅區中正二路56巷5號,"  2 ",541,苓雅分局
LY3872,雪梨大廈,苓雅區,苓中里,高雄市苓雅區永平路27巷17號,"  2 ",730,苓雅分局
LY3874,漢總大樓,苓雅區,人和里,高雄市苓雅區四維四路8號,"  3 ",554,苓雅分局
LY3875,豐碩大樓,苓雅區,林榮里,高雄市苓雅區凱旋三路631巷2弄24號,"  1 ",312,苓雅分局
LY3877,警察一村,苓雅區,凱旋里,高雄市苓雅區五福一路31號,"  1 ",3312,苓雅分局
LY3878,中正旭城(武廟郵局),苓雅區,正言里,高雄市苓雅區武廟路83之1號,"  1 ",305,苓雅分局
LY3879,憲昌玉璽,苓雅區,民主里,高雄市苓雅區憲昌路41號,"  1 ",109,苓雅分局
LY3880,鳳凰情園,苓雅區,永康里,高雄市苓雅區四維一路57之1號,"  1 ",570,苓雅分局
LY3881,玉山銀行苓雅分行,苓雅區,林華里,高雄市苓雅區和平二路305號,"  2 ",586,苓雅分局
LY3882,嘉年華廈,苓雅區,文昌里,高雄市苓雅區正義路261號,"  1 ",752,苓雅分局
LY3883,橡木桶,苓雅區,正文里,高雄市苓雅區建國一路175號,"  1 ",220,苓雅分局
LY3886,高雄師範大學,苓雅區,同慶里,高雄市苓雅區和平一路116號,"  1 ",4501,苓雅分局
LY3887,荷蘭小皇族,苓雅區,正言里,高雄市苓雅區正言路39號,"  1 ",139,苓雅分局
LY3891,一般建築(華廈),苓雅區,正義里,高雄市苓雅區正義路17號,"  1 ",479,苓雅分局
LY3892,金巴黎舞廳,苓雅區,城東里,高雄市苓雅區中山二路361號,"  1 ",2259,苓雅分局
LY3893,禮碩建設,苓雅區,民主里,高雄市苓雅區行信路5號,"  1 ",159,苓雅分局
LY3894,慶大建設大樓,苓雅區,林德里,高雄市苓雅區五權街30號,"  1 ",264,苓雅分局
LY3899,百立企業大樓,苓雅區,普照里,高雄市苓雅區民權一路53號,"  3 ",234,苓雅分局
LY3900,萬應公文化大樓,苓雅區,苓中里,高雄市苓雅區苓中路203號,"  1 ",225,苓雅分局
LY3902,林德建設大樓,苓雅區,林圍里,高雄市苓雅區光華一路259號,"  2 ",187,苓雅分局
LY3903,泛美財經廣場,苓雅區,城西里,高雄市苓雅區中華四路45號,"  3 ",1226,苓雅分局
LY3905,樂仁大廈,苓雅區,民主里,高雄市苓雅區樂仁路118號,"  1 ",121,苓雅分局
LY3906,生活富邑,苓雅區,林榮里,高雄市苓雅區英義街301號,"  1 ",546,苓雅分局
LY3907,陽信銀行,苓雅區,田西里,高雄市苓雅區中華四路159號,"  2 ",464,苓雅分局
LY3908,英明國中,苓雅區,林貴里,高雄市苓雅區英明路147號,"  2 ",3386,苓雅分局
LY3911,一般建築(華廈),苓雅區,華堂里,高雄市苓雅區苓雅一路317號,"  1 ",94,苓雅分局
LY3912,高屋建設,苓雅區,正大里,高雄市苓雅區武廟路69之1號,"  2 ",775,苓雅分局
LY3913,王子花園,苓雅區,英明里,高雄市苓雅區英明路118之1號,"  1 ",188,苓雅分局
LY3914,一般建築(華廈),苓雅區,苓東里,高雄市苓雅區苓南路7號,"  1 ",470,苓雅分局
LY3915,一般建築(華廈),苓雅區,正大里,高雄市苓雅區正言路46之1號,"  1 ",74,苓雅分局
LY3916,書香庭,苓雅區,林榮里,高雄市苓雅區英義街240號,"  1 ",136,苓雅分局
LY3917,望子成龍,苓雅區,林榮里,高雄市苓雅區英祥街24號,"  1 ",517,苓雅分局
LY3918,彩虹富帝,苓雅區,安祥里,高雄市苓雅區中正二路56巷8號,"  3 ",924,苓雅分局
LY3919,豪邁名門,苓雅區,正義里,高雄市苓雅區建國一路19號之1,"  1 ",591,苓雅分局
LY3920,中正高中,苓雅區,正義里,高雄市苓雅區中正一路8號,"  1 ",2282,苓雅分局
LY3922,一般建築(華廈),苓雅區,普天里,高雄市苓雅區普天里福建街32號,"  1 ",221,苓雅分局
LY3923,一般建築(華廈),苓雅區,林西里,高雄市苓雅區五權街133之2號,"  1 ",74,苓雅分局
LY3924,中正國小,苓雅區,正大里,高雄市苓雅區輔仁路100號,"  1 ",1883,苓雅分局
LY3925,海德堡大樓,苓雅區,福東里,高雄市苓雅區武營路693號,"  1 ",1221,苓雅分局
LY3926,京華富邑大樓,苓雅區,日中里,高雄市苓雅區忠孝二路3號,"  4 ",1290,苓雅分局
LY3927,紅樓貴族,苓雅區,永康里,高雄市苓雅區中正一路177之2號,"  1 ",181,苓雅分局
LY3928,頂洲建設,苓雅區,苓中里,高雄市苓雅區苓中路159號,"  1 ",560,苓雅分局
LY3929,狀元大樓,苓雅區,福隆里,高雄市苓雅區漢陽街108號,"  1 ",151,苓雅分局
LY3932,匯成世家,苓雅區,林貴里,高雄市苓雅區英明路273號,"  1 ",280,苓雅分局
LY3933,碧廈大樓,苓雅區,苓雅里,高雄市苓雅區四維四路139號,"  1 ",145,苓雅分局
LY3934,松廈易居大樓,苓雅區,苓中里,高雄市苓雅區苓中路153號,"  1 ",433,苓雅分局
LY3935,一般建築(華廈),苓雅區,五福里,高雄市苓雅區憲政路2號,"  1 ",60,苓雅分局
LY3936,一般建築(華廈),苓雅區,同慶里,高雄市苓雅區凱旋二路75號,"  1 ",41,苓雅分局
LY3937,溫莎宮廷大廈,苓雅區,正大里,高雄市苓雅區建國一路113號之1,"  1 ",1126,苓雅分局
LY3938,一般建築(華廈),苓雅區,正心里,高雄市苓雅區建國一路90之15號,"  2 ",1098,苓雅分局
LY3939,三禾麗景大樓,苓雅區,正仁里,高雄市苓雅區正義路172巷8弄1號之1,"  1 ",2072,苓雅分局
LY3940,寒軒國際大飯店,苓雅區,普照里,高雄市苓雅區四維三路33號,"  5 ",2192,苓雅分局
LY3941,英明世家,苓雅區,林榮里,高雄市苓雅區英祥街19號,"  1 ",275,苓雅分局
LY3942,皇甫世家大樓,苓雅區,普天里,高雄市苓雅區福建街61號,"  1 ",903,苓雅分局
LY3945,首席名門,苓雅區,林榮里,高雄市苓雅區英明路258號,"  2 ",952,苓雅分局
LY3948,都會皇家,苓雅區,城東里,高雄市苓雅區中華四路100號,"  3 ",948,苓雅分局
LY3950,滿庭歡大樓,苓雅區,福隆里,高雄市苓雅區福德三路54號,"  1 ",224,苓雅分局
LY3951,玫瑰康庭,苓雅區,正大里,高雄市苓雅區建民路26號,"  2 ",440,苓雅分局
LY3952,愛琴海大廈,苓雅區,人和里,高雄市苓雅區青年二路29號,"  3 ",324,苓雅分局
LY3953,歌德商旅,苓雅區,正義里,高雄市苓雅區建國一路57號,"  1 ",156,苓雅分局
LY3954,一般建築(華廈),苓雅區,建軍里,高雄市苓雅區義勇路55號,"  1 ",112,苓雅分局
LY3955,百立首府宮廷大樓,苓雅區,普照里,高雄市苓雅區民權一路11號,"  2 ",715,苓雅分局
LY3956,鳳凰甘露天厦,苓雅區,正道里,高雄市苓雅區輔仁路186號,"  2 ",1476,苓雅分局
LY3958,一般建築(華廈),苓雅區,林安里,高雄市苓雅區金門街88號,"  1 ",124,苓雅分局
LY3959,一般建築(華廈),苓雅區,林中里,高雄市苓雅區廣東一街35號,"  1 ",115,苓雅分局
LY3960,一般建築(華廈),苓雅區,五福里,高雄市苓雅區福德二路260號,"  1 ",334,苓雅分局
LY3961,中正國小,苓雅區,正大里,高雄市苓雅區輔仁路100號,"  1 ",149,苓雅分局
LY3963,君富名廈,苓雅區,苓昇里,高雄市苓雅區昇平街104號,"  1 ",309,苓雅分局
LY3964,首長寶座大廈,苓雅區,普天里,高雄市苓雅區民權一路26巷1號之1,"  4 ",1090,苓雅分局
LY3965,望子成龍,苓雅區,林榮里,高雄市苓雅區英明路176號,"  2 ",1468,苓雅分局
LY3966,國家海景名廈,苓雅區,意誠里,高雄市苓雅區新光路142號,"  2 ",641,苓雅分局
LY3967,一般建築(華廈),苓雅區,民主里,高雄市苓雅區憲昌路53巷1之1號,"  1 ",262,苓雅分局
LY3968,中正觀邸大樓,苓雅區,正大里,高雄市苓雅區輔仁路128號,"  1 ",807,苓雅分局
LY3969,成功國小,苓雅區,苓東里,高雄市苓雅區華新街59號,"  1 ",875,苓雅分局
LY3971,一般建築(華廈),苓雅區,林中里,高雄市苓雅區五權街240之4號,"  1 ",222,苓雅分局
LY3972,名揚四海大廈,苓雅區,同慶里,高雄市苓雅區四維二路52號,"  1 ",1926,苓雅分局
LY3973,甜蜜麗園,苓雅區,福東里,高雄市苓雅區武嶺街50巷36號,"  1 ",768,苓雅分局
LY3974,三多貴族大廈,苓雅區,普天里,高雄市苓雅區三多二路348號,"  1 ",212,苓雅分局
LY3975,一般建築(華廈),苓雅區,安祥里,高雄市苓雅區中正二路56巷7號,"  1 ",239,苓雅分局
LY3976,歡喜新家,苓雅區,永康里,高雄市苓雅區四維一路92號,"  1 ",290,苓雅分局
LY3977,海景180大樓,苓雅區,苓雅里,高雄市苓雅區四維四路178號,"  2 ",710,苓雅分局
LY3978,陽光大飯店,苓雅區,城西里,高雄市苓雅區中華四路75號,"  2 ",282,苓雅分局
LY3979,松之國大廈,苓雅區,永康里,高雄市苓雅區福安路33號,"  2 ",866,苓雅分局
LY3980,大帝國舞廳,苓雅區,城東里,高雄市苓雅區中華四路140號,"  1 ",1142,苓雅分局
LY3981,三禾麗堡,苓雅區,文昌里,高雄市苓雅區文昌路62號,"  1 ",616,苓雅分局
LY3982,鳳凰怡園華廈,苓雅區,林安里,高雄市苓雅區惠安街48號,"  2 ",784,苓雅分局
LY3983,凱景富邸,苓雅區,正大里,高雄市苓雅區心正路5號,"  2 ",831,苓雅分局
LY3987,松之國大廈,苓雅區,永康里,高雄市苓雅區福安路21號,"  1 ",140,苓雅分局
LY3989,一般建築(華廈),苓雅區,安祥里,高雄市苓雅區泰豐街40號,"  1 ",198,苓雅分局
LY3992,一般建築(華廈),苓雅區,正心里,高雄市苓雅區正大路79號,"  1 ",174,苓雅分局
LY3993,歡喜大樓,苓雅區,正大里,高雄市苓雅區心正路28號,"  1 ",85,苓雅分局
LY3994,一般建築(華廈),苓雅區,安祥里,高雄市苓雅區中正二路56巷3號,"  1 ",234,苓雅分局
LY3995,尊客大樓,苓雅區,林圍里,高雄市苓雅區泉州街81號地下層,"  1 ",205,苓雅分局
LY3996,曾外科診所,苓雅區,正文里,高雄市苓雅區建國一路175之5號,"  1 ",279,苓雅分局
LY3997,貴族歐斯麥,苓雅區,正道里,高雄市苓雅區正大路33號,"  1 ",179,苓雅分局
LY3998,歡喜成家,苓雅區,建軍里,高雄市苓雅區澄清路173號,"  1 ",1006,苓雅分局
LY3999,土地銀行苓雅分行,苓雅區,日中里,高雄市苓雅區忠孝二路18號,"  2 ",788,苓雅分局
LY4001,民權雅砌大廈,苓雅區,普照里,高雄市苓雅區民權一路39巷40號,"  1 ",452,苓雅分局
LY4002,聯邦銀行,苓雅區,鼓中里,高雄市苓雅區四維四路30號,"  2 ",1777,苓雅分局
LY4003,中山凱悅大廈,苓雅區,人和里,高雄市苓雅區中山二路483號,"  2 ",260,苓雅分局
LY4004,南和興產辦公大樓,苓雅區,林中里,高雄市苓雅區和平一路87號,"  2 ",1899,苓雅分局
LY4005,苓雅大樓,苓雅區,美田里,高雄市苓雅區青年一路193號,"  2 ",569,苓雅分局
LY4008,百星尊爵大樓,苓雅區,普天里,高雄市苓雅區四維二路331號,"  2 ",468,苓雅分局
LY4009,溫莎宮廷大廈,苓雅區,正大里,高雄市苓雅區建國一路113之2號,"  2 ",966,苓雅分局
LY4010,家和萬世(高雄銀行1樓),苓雅區,五權里,高雄市苓雅區建國一路199號,"  2 ",1683,苓雅分局
LY4011,啟安你和我大廈,苓雅區,普照里,高雄市苓雅區復興二路22號,"  1 ",610,苓雅分局
LY4012,太極雲弧大廈,苓雅區,人和里,高雄市苓雅區仁義街166號,"  2 ",205,苓雅分局
LY4013,民權特區大樓,苓雅區,普照里,高雄市苓雅區民權一路39巷11號,"  1 ",392,苓雅分局
LY4014,靜軒大廈,苓雅區,仁政里,高雄市苓雅區仁智街117號,"  1 ",157,苓雅分局
LY4016,住宅大賞,苓雅區,城北里,高雄市苓雅區興中二路146號,"  1 ",425,苓雅分局
LY4017,四維公寓,苓雅區,林泉里,高雄市苓雅區四維二路110之6號,"  1 ",208,苓雅分局
LY4018,四維公寓,苓雅區,林泉里,高雄市苓雅區四維二路110之5號,"  1 ",145,苓雅分局
LY4019,諾貝爾大樓,苓雅區,意誠里,高雄市苓雅區新光路48號,"  5 ",5745,苓雅分局
LY4020,九福電子遊藝場,苓雅區,人和里,高雄市苓雅區中山二路455號,"  1 ",1227,苓雅分局
LY4021,百立皇冠大樓,苓雅區,林富里,高雄市苓雅區青年一路29號,"  4 ",2143,苓雅分局
LY4024,中正文化DC大樓,苓雅區,林安里,高雄市苓雅區光華一路321號,"  1 ",289,苓雅分局
LY4025,高雄市政府國民住宅處,苓雅區,林靖里,高雄市苓雅區四維一路157號,"  2 ",1344,苓雅分局
LY4026,高雄市政府國民住宅處,苓雅區,林靖里,高雄市苓雅區德安街3巷12號,"  2 ",4144,苓雅分局
LY4027,高雄市政府國民住宅處,苓雅區,林靖里,高雄市苓雅區德安街7巷11號,"  2 ",2767,苓雅分局
LY4028,鳳凰宏園,苓雅區,正道里,高雄市苓雅區福德一路48巷1號,"  1 ",1243,苓雅分局
LY4029,一般建築(華廈),苓雅區,同慶里,高雄市苓雅區凱旋二路55號,"  1 ",124,苓雅分局
LY4030,社會局長青綜合服務中心,苓雅區,林德里,高雄市苓雅區四維二路51號,"  2 ",2665,苓雅分局
LY4031,麗尊酒店,苓雅區,林安里,高雄市苓雅區五福一路105號,"  4 ",1057,苓雅分局
LY4032,憲政首府大樓,苓雅區,民主里,高雄市苓雅區憲政路233巷1號,"  2 ",1109,苓雅分局
LY4033,高雄市立凱旋醫院,苓雅區,奏捷里,高雄市苓雅區凱旋二路130號,"  3 ",13627,苓雅分局
LY4034,漢巢PC,苓雅區,苓洲里,高雄市苓雅區允文街133號,"  1 ",182,苓雅分局
LY4036,一般建築(華廈),苓雅區,日中里,高雄市苓雅區永樂街91號,"  1 ",114,苓雅分局
LY4037,一般建築(華廈),苓雅區,林中里,高雄市苓雅區光華一路100巷13號,"  1 ",98,苓雅分局
LY4038,苓雅區行政中心,苓雅區,晴朗里,高雄市苓雅區民權一路85號,"  4 ",4993,苓雅分局
LY4039,三商美邦人壽大樓,苓雅區,正大里,高雄市苓雅區中正一路192號,"  3 ",1184,苓雅分局
LY4041,崑庭雲星頂大廈,苓雅區,人和里,高雄市苓雅區仁義街151號,"  2 ",476,苓雅分局
LY4043,維士比大樓,苓雅區,尚義里,高雄市苓雅區中正二路175號,"  5 ",1052,苓雅分局
LY4044,高雄師範大學附屬中學,苓雅區,同慶里,高雄市苓雅區凱旋二路89號,"  1 ",1056,苓雅分局
LY4045,活動中心管委會,苓雅區,田西里,高雄市苓雅區青年二路101號,"  1 ",509,苓雅分局
LY4046,自然人大廈,苓雅區,福東里,高雄市苓雅區三多一路35號,"  3 ",899,苓雅分局
LY4047,哈佛世家大樓,苓雅區,民主里,高雄市苓雅區樂仁路107號,"  2 ",1019,苓雅分局
LY4048,聖田首府社區,苓雅區,晴朗里,高雄市苓雅區復興二路128號,"  2 ",448,苓雅分局
LY4049,同慶社區,苓雅區,奏捷里,高雄市苓雅區同慶路2號,"  1 ",1339,苓雅分局
LY4050,太普top大樓,苓雅區,苓洲里,高雄市苓雅區新田路391號,"  3 ",1060,苓雅分局
LY4051,中正綠園大樓,苓雅區,正道里,高雄市苓雅區建國一路64巷56號,"  2 ",735,苓雅分局
LY4052,中正公園館,苓雅區,福東里,高雄市苓雅區武智街58號,"  2 ",1101,苓雅分局
LY4054,阮綜合醫院健檢中心,苓雅區,鼓中里,高雄市苓雅區永昌街49號,"  1 ",165,苓雅分局
LY4055,大統和平店,苓雅區,安祥里,高雄市苓雅區和平一路218號,"  5 ",3127,苓雅分局
LY4058,85大樓,苓雅區,意誠里,高雄市苓雅區自強三路7號B之48,"  5 ",8051,苓雅分局
LY4060,中正生活館,苓雅區,正大里,高雄市苓雅區中正一路188號,"  2 ",388,苓雅分局
LY4063,歌德商旅,苓雅區,正義里,高雄市苓雅區建國一路55號,"  1 ",461,苓雅分局
LY4066,聖田大樓,苓雅區,廣澤里,高雄市苓雅區四維三路251號,"  5 ",1137,苓雅分局
LY4067,百立首府帝國大廈,苓雅區,晴朗里,高雄市苓雅區民權一路87號,"  3 ",1329,苓雅分局
LY4068,一般建築(華廈),苓雅區,民主里,高雄市苓雅區建國一路348號,"  1 ",103,苓雅分局
LY4069,國泰人壽四維財經大樓,苓雅區,晴朗里,高雄市苓雅區四維三路6號,"  5 ",1772,苓雅分局
LY4071,遠東百貨,苓雅區,意誠里,高雄市苓雅區三多四路21號,"  5 ",4730,苓雅分局
LY4073,圓夢大樓,苓雅區,正言里,高雄市苓雅區建民路171號,"  1 ",212,苓雅分局
LY4074,友為實業故份公司(好樂迪ktv),苓雅區,意誠里,高雄市苓雅區中華四路2號,"  4 ",606,苓雅分局
LY4075,阮綜合醫院,苓雅區,鼓中里,高雄市苓雅區四維四路136號,"  4 ",1025,苓雅分局
LY4077,天主教聖功醫院,苓雅區,民主里,高雄市苓雅區建國一路352號,"  4 ",1698,苓雅分局
LY4079,高雄師範大學附屬中學,苓雅區,同慶里,高雄市苓雅區凱旋二路89號,"  1 ",1351,苓雅分局
LY4080,琢真園,苓雅區,城東里,高雄市苓雅區仁德街29號,"  3 ",1061,苓雅分局
LY4081,一般建築(華廈),苓雅區,尚義里,高雄市苓雅區尚志街17號,"  1 ",140,苓雅分局
LY4082,中正之星大廈,苓雅區,正大里,高雄市苓雅區中正一路230號,"  2 ",300,苓雅分局
LY4084,城揚大樓,苓雅區,城東里,高雄市苓雅區興中二路35號,"  2 ",1176,苓雅分局
LY4085,美麗party住宅大樓,苓雅區,城東里,高雄市苓雅區仁義街23號,"  2 ",969,苓雅分局
LY4086,文化師苑社區,苓雅區,同慶里,高雄市苓雅區同慶里和平一路138號,"  2 ",3828,苓雅分局
LY4087,同慶師苑,苓雅區,同慶里,高雄市苓雅區同慶里同慶路82號,"  2 ",2254,苓雅分局
LY4088,實踐大學,苓雅區,苓東里,高雄市苓雅區苓南路2號,"  3 ",1003,苓雅分局
LY4090,和平賞,苓雅區,福地里,高雄市苓雅區和平一路76號,"  2 ",674,苓雅分局
LY4092,強崧音響,苓雅區,正文里,高雄市苓雅區建國一路167之2號,"  3 ",821,苓雅分局
LY4093,太子文化,苓雅區,林德里,高雄市苓雅區四維二路53號,"  2 ",3256,苓雅分局
LY4094,新四維大樓,苓雅區,普天里,高雄市苓雅區普天里四維二路329號,"  3 ",369,苓雅分局
LY4095,苓雅香榭大樓,苓雅區,正心里,高雄市苓雅區輔仁路345號,"  2 ",937,苓雅分局
LY4098,武昌教會,苓雅區,普天里,高雄市苓雅區民權一路38號,"  2 ",815,苓雅分局
LY4100,新馥華大廈,苓雅區,普天里,高雄市苓雅區三多二路308號,"  4 ",572,苓雅分局
LY4102,文學大道,苓雅區,林貴里,高雄市苓雅區英祥街42號,"  3 ",1376,苓雅分局
LY4105,中信房屋,苓雅區,中正里,高雄市苓雅區林南街27巷20號,"  4 ",641,苓雅分局
LY4106,至善一品大樓,苓雅區,正大里,高雄市苓雅區中正一路100號,"  4 ",1151,苓雅分局
LY4107,愛上悅讀,苓雅區,苓洲里,高雄市苓雅區光明街89號,"  2 ",747,苓雅分局
LY4109,柏林愛樂,苓雅區,苓洲里,高雄市苓雅區光明街83號,"  3 ",576,苓雅分局
LY4114,仰哲大樓,苓雅區,博仁里,高雄市苓雅區五福三路117號,"  3 ",1420,苓雅分局
LY4115,民生富韻大樓,苓雅區,尚義里,高雄市苓雅區光華一路210號,"  4 ",342,苓雅分局
LY4116,民生富韻大樓,苓雅區,尚義里,高雄市苓雅區光華一路210號,"  4 ",342,苓雅分局
LY4119,歐遊汽車旅館,苓雅區,正義里,高雄市苓雅區建國一路73號,"  1 ",1395,苓雅分局
LY4120,蘇黎世大樓,苓雅區,田西里,高雄市苓雅區自強三路177號,"  2 ",369,苓雅分局
LY4121,鳳凰交響曲大廈,苓雅區,日中里,高雄市苓雅區仁愛三街225號,"  2 ",1968,苓雅分局
LY4122,品學之道,苓雅區,林貴里,高雄市苓雅區英祥街46號,"  3 ",1292,苓雅分局
LY4129,四維國小,苓雅區,林富里,高雄市苓雅區青年一路103號,"  1 ",1257,苓雅分局
LY4130,福懋鼎盛大樓,苓雅區,田西里,高雄市苓雅區青年二路75號,"  4 ",643,苓雅分局
LY4131,都廳苑大樓,苓雅區,普照里,高雄市苓雅區民權一路63號,"  3 ",8099,苓雅分局
LY4132,福懋賦語大樓,苓雅區,林西里,高雄市苓雅區五權街137號,"  3 ",391,苓雅分局
LY4136,福懋首耀大樓,苓雅區,普天里,高雄市苓雅區三多二路372號,"  5 ",548,苓雅分局
LY4141,陽光大飯店,苓雅區,城西里,高雄市苓雅區中華四路71號,"  2 ",355,苓雅分局
LY4142,一般建築(華廈),苓雅區,林華里,高雄市苓雅區和平二路369號,"  1 ",137,苓雅分局
LY4143,裕藏富邑大樓,苓雅區,建軍里,高雄市苓雅區正仁里至誠路73號,"  1 ",948,苓雅分局
LY4144,太普君品大樓,苓雅區,普照里,高雄市苓雅區興中一路120號,"  3 ",1326,苓雅分局
LY4145,極品大樓,苓雅區,林圍里,高雄市苓雅區福建街308號,"  2 ",392,苓雅分局
LY4147,天潤大樓,苓雅區,正大里,高雄市苓雅區中正一路226之2號,"  4 ",978,苓雅分局
LY4148,康橋商旅,苓雅區,苓昇里,高雄市苓雅區青年二路169號,"  1 ",307,苓雅分局
LY4149,802醫院,苓雅區,正義里,高雄市苓雅區中正一路2號,"  2 ",1758,苓雅分局
LY4150,璟文化,苓雅區,林榮里,高雄市苓雅區英明路200號,"  2 ",521,苓雅分局
LY4152,高雄市衛生局,苓雅區,奏捷里,高雄市苓雅區奏捷里凱旋二路132之1號,"  2 ",1018,苓雅分局
LY4154,國硯大廈,苓雅區,苓洲里,高雄市苓雅區新田路378號,"  5 ",2954,苓雅分局
LY4155,捷韻A+,苓雅區,正大里,高雄市苓雅區正言里武廟路95號,"  2 ",175,苓雅分局
LY4156,五福國民中學,苓雅區,尚義里,高雄市苓雅區五福一路12號,"  1 ",1572,苓雅分局
LY4157,裡文化大樓,苓雅區,林安里,高雄市苓雅區金門街93號,"  2 ",140,苓雅分局
LY4158,園方大樓,苓雅區,城北里,高雄市苓雅區興中二路125號,"  4 ",693,苓雅分局
LY4159,如意大樓,苓雅區,正大里,高雄市苓雅區正言路73號,"  4 ",956,苓雅分局
LY4163,仰德建設股份有限公司,苓雅區,尚義里,高雄市苓雅區尚義里和平一路169號,"  4 ",867,苓雅分局
LY4167,築人間,苓雅區,正文里,高雄市苓雅區武廟路178號,"  3 ",406,苓雅分局
LY4209,南部聯合服務中心,苓雅區,福西里,高雄市苓雅區政南街6號,"  3 ",4492,苓雅分局
LY4210,財團法人中華基督教衛理公會,苓雅區,晴朗里,高雄市苓雅區永裕街42號,"  4 ",13383,苓雅分局
LY4211,文化藏美大樓,苓雅區,普天里,高雄市苓雅區光華一路109號,"  4 ",3472,苓雅分局
LY4212,如邑開發建設股份有限公司,苓雅區,正心里,高雄市苓雅區正大路117號,"  3 ",255,苓雅分局
LY4213,四季淳大樓,苓雅區,城東里,高雄市苓雅區興中二路140號,"  4 ",1804,苓雅分局
LY4214,頂誠建設有限公司,苓雅區,同慶里,高雄市苓雅區和平一路144巷21號,"  3 ",665,苓雅分局
LY4215,京城建設股份有限公司,苓雅區,安祥里,高雄市苓雅區和平一路302號,"  6 ",4751,苓雅分局
LY4216,高雄市立民生醫院,苓雅區,奏捷里,高雄市苓雅區凱旋二路132號,"  2 ",1554,苓雅分局
LY4217,法務部執行署高雄分署,苓雅區,福西里,高雄市苓雅區政南路2號,"  1 ",1291,苓雅分局
LY4218,勤寬建設股份有限公司,苓雅區,安祥里,高雄市苓雅區凱旋一路116巷45號,"  4 ",2817,苓雅分局
LY4219,勤寬建設股份有限公司,苓雅區,正文里,高雄市苓雅區身修路47號,"  3 ",2335,苓雅分局
LY4220,集泰建設股份有限公司,苓雅區,福西里,高雄市苓雅區明德街27號,"  3 ",1262,苓雅分局
LY4221,IDO大樓,苓雅區,普照里,高雄市苓雅區民權一路39巷19號,"  1 ",139,苓雅分局
LY4222,勤寬建設股份有限公司,苓雅區,正文里,高雄市苓雅區家齊路49號,"  3 ",1892,苓雅分局
LY4223,四季淳大樓,苓雅區,林富里,高雄市苓雅區青年一路3號,"  6 ",3654,苓雅分局
LY4224,民權永富大樓,苓雅區,普天里,高雄市苓雅區永靖街85號,"  4 ",867,苓雅分局
LY4225,居富開發股份有限公司,苓雅區,苓洲里,高雄市苓雅區允文街120號,"  2 ",714,苓雅分局
LY4226,東高建設有限公司,苓雅區,民主里,高雄市苓雅區憲政路130號,"  2 ",1556,苓雅分局
LY4227,新都廳大樓,苓雅區,晴朗里,高雄市苓雅區復興二路142號,"  3 ",432,苓雅分局
LY4228,興總建設大樓,苓雅區,田西里,高雄市苓雅區自強三路189號,"  5 ",1634,苓雅分局
LY4229,百立海洋帝國,苓雅區,苓東里,高雄市苓雅區四維四路239號,"  4 ",2389,苓雅分局
LY4230,台灣領袖企業大樓,苓雅區,苓昇里,高雄市苓雅區海邊路31號,"  3 ",2434,苓雅分局
LY4231,御海大樓,苓雅區,城北里,⾼雄市苓雅區成功⼀路6號,"  1 ",827,苓雅分局
LY4171,勤寬建設有限公司,苓雅區,五權里,高雄市苓雅區河北路235號,"  1 ",1389,苓雅分局
LY4175,香榭城堡大樓,苓雅區,林貴里,高雄市苓雅區和平二路336號,"  1 ",872,苓雅分局
LY4178,民生醫院,苓雅區,奏捷里,高雄市苓雅區凱旋二路134號,"  4 ",986,苓雅分局
LY4179,文化首馥大樓,苓雅區,林華里,高雄市苓雅區和平二路437號,"  2 ",430,苓雅分局
LY4180,樂仁幼兒園,苓雅區,博仁里,高雄市苓雅區五福三路149號,"  3 ",1726,苓雅分局
LY4181,新都廳Ⅱ大樓,苓雅區,林富里,高雄市苓雅區青年一路15號,"  3 ",693,苓雅分局
LY4185,文化綻大樓,苓雅區,普照里,高雄市苓雅區復興二路8號,"  1 ",211,苓雅分局
LY4187,i民權華廈,苓雅區,普天里,高雄市苓雅區光華一路53號,"  4 ",495,苓雅分局
LY4190,百利建設,苓雅區,仁政里,高雄市苓雅區苓雅一路365號,"  3 ",882,苓雅分局
LY4193,順心養護中心,苓雅區,英明里,高雄市苓雅區二聖一路16號,"  6 ",201,苓雅分局
LY4194,天睦大樓,苓雅區,普天里,高雄市苓雅區永富街51號,"  3 ",465,苓雅分局
LY4199,寶家大謙大樓,苓雅區,晴朗里,高雄市苓雅區青年一路115之1號,"  4 ",2453,苓雅分局
LY4202,青耘大樓,苓雅區,林富里,高雄市苓雅區光華一路209號,"  4 ",678,苓雅分局
LY4232,華尚STAR,苓雅區,苓雅里,⾼雄市苓雅區四維四路170號,"  4 ",968,苓雅分局
LY4233,文化瑞隆,苓雅區,福隆里,⾼雄市苓雅區三多二路7-1號,"  3 ",2505,苓雅分局
LY4234,永信朗境大樓,苓雅區,民主里,⾼雄市苓雅區憲政路175號,"  3 ",1651,苓雅分局
LV4235,太普尚海,苓雅區,苓東里,⾼雄市苓雅區永泰路8號,"  2 ",1796,苓雅分局
LY4236,四維鑲波大樓,苓雅區,鼓中里,⾼雄市苓雅區永昌街2號,"  4 ",526,苓雅分局
LV4237,環球企業中心,苓雅區,苓雅里,高雄市苓雅區苓雅二路203號,"  1 ",1193,苓雅分局
LY4238,台鳳帝門,苓雅區,田西里,高雄市苓雅區成功一路232號,"  4 ",800,苓雅分局
LV4239,鳳凰灣,苓雅區,田西里,高雄市苓雅區青年二路123號,"  4 ",1928,苓雅分局
LV4240,玉鎮建設,苓雅區,林靖里,高雄市苓雅區福德三路159號,"  3 ",1785,苓雅分局
LV4241,頂誠建設,苓雅區,福祥里,高雄市苓雅區明德街路129號,"  3 ",2625,苓雅分局
LV4242,仰德森管理委員會,苓雅區,安祥里,高雄市苓雅區中正二路36號,"  3 ",875,苓雅分局
LV4243,名陞開發,苓雅區,福東里,高雄市苓雅區三多一路68號,"  3 ",620,苓雅分局
LY4244,漢神棧(國聯土地開發股份有限公司),苓雅區,田西里,高雄市苓雅區成功一路226號,"  2 ",256,苓雅分局
LY4245,百達名人集大樓,苓雅區,林安里,高雄市苓雅區廈門街66號,"  3 ",3474,苓雅分局
LY4246,如邑開發建設股份有限公司,苓雅區,正言里,高雄市苓雅區中正一路260號,"  4 ",2168,苓雅分局
LY4247,鑫龍騰開發股份有限公司,苓雅區,正言里,高雄市苓雅區中正一路358號,"  5 ",3644,苓雅分局
LY4248,鳳凰綻,苓雅區,福南里,高雄市苓雅區中正一路251巷2弄2號,"  3 ",1401,苓雅分局
LY4249,玉山銀行高雄旗艦大樓,苓雅區,人和里,高雄市苓雅區四維四路22之2號,"  1 ",540,苓雅分局
LY4250,水晶湛大樓,苓雅區,林安里,高雄市苓雅區光華一路331號,"  6 ",4058,苓雅分局
LY4251,棋琴23大樓,苓雅區,文昌里,高雄市苓雅區建國一路93號,"  4 ",4628,苓雅分局
LY3644,啟悦辦公大樓,苓雅區,普照里,高雄市苓雅區民權一路59號,"  1 ","  593.15 ",苓雅分局
TL0001," 世紀星鑽"," 三民區"," 建東里",高雄市三民區河北二路100號," 2、3",2980,三民第一分局
SF2323," 薀莎貴族"," 三民區"," 安和里",高雄市三民區同盟一路315號,"  1 ",135,三民第一分局
SF2324," 大樓"," 三民區"," 建東里",高雄市三民區河北二路109號,"  1 ",71,三民第一分局
SF2326," 大樓"," 三民區"," 精華里",高雄市三民區九如二路583號," 1、2",209,三民第一分局
SF2327," 公寓"," 三民區"," 安生里",高雄市三民區察哈爾一街13號,"  1 ",280,三民第一分局
SF2328," 西悠巢旅"," 三民區"," 立業里",高雄市三民區安寧街454號地下室," 1、2",315,三民第一分局
SF2329," 公寓"," 三民區"," 安泰里",高雄市三民區天津街223號,"  1 ",148,三民第一分局
SF2330," 艾森豪投資大樓"," 三民區"," 精華里",高雄市三民區九如二路599號," 1、2",772,三民第一分局
SF2332," 透天"," 三民區"," 長明里",高雄市三民區長明街303號,"  1 ",164,三民第一分局
SF2333," 凱歌華廈"," 三民區"," 博惠里",高雄市三民區凱歌路162號,"  1 ",427,三民第一分局
SF2335," 公寓"," 三民區"," 德智里",高雄市三民區九如二路255號B," 1、2、3",678,三民第一分局
SF2336," 公寓"," 三民區"," 達德里",高雄市三民區瀋陽街112號,"  1 ",315,三民第一分局
SF2337," 站前希爾頓"," 三民區"," 博愛里",高雄市三民區建國二路192號," 1、2",212,三民第一分局
SF2338," 公寓"," 三民區"," 同德里",高雄市三民區山東街215號,"  1 ",136,三民第一分局
SF2339," 公寓"," 三民區"," 民享里",高雄市三民區熱河二街188號,"  1 ",331,三民第一分局
SF2340," 透天"," 三民區"," 達仁里",高雄市三民區大港街44號,"  1 ",29,三民第一分局
SF2341," 富甲中華大樓"," 三民區"," 精華里",高雄市三民區九如二路672號,"  1 ",62,三民第一分局
SF2342," 典藏家大樓"," 三民區"," 興德里",高雄市三民區建國三路439號,"  1 ",289,三民第一分局
SF2343," 公寓"," 三民區"," 安泰里",高雄市三民區天津街189號,"  1 ",100,三民第一分局
SF2344," 三民大廈"," 三民區"," 興德里",高雄市三民區建國三路437號," 1、2",527,三民第一分局
SF2345," 公寓"," 三民區"," 精華里",高雄市三民區九如二路68號,"  1 ",137,三民第一分局
SF2346," 公寓"," 三民區"," 精華里",高雄市三民區哈爾濱街112號,"  1 ",90,三民第一分局
SF2347," 佑親大第"," 三民區"," 博惠里",高雄市三民區憲政路255號," 1、2",754,三民第一分局
SF2349," 現代新象"," 三民區"," 興德里",高雄市三民區建國三路407號," 1、2",283,三民第一分局
SF2350," 公寓"," 三民區"," 力行里",高雄市三民區台安街26號,"  1 ",127,三民第一分局
SF2351," 公寓"," 三民區"," 同德里",高雄市三民區山東街166號,"  1 ",110,三民第一分局
SF2352," 公寓"," 三民區"," 安泰里",高雄市三民區天津街226號,"  1 ",591,三民第一分局
SF2353," 透天"," 三民區"," 德西里",高雄市三民區中華二路190號,"  1 ",89,三民第一分局
SF2354," 長谷榮冠"," 三民區"," 德智里",高雄市三民區九如二路331號,"  1 ",276,三民第一分局
SF2355," 博愛新境"," 三民區"," 安和里",高雄市三民區北安街83號,"  1 ",293,三民第一分局
SF2356," 大樓"," 三民區"," 安泰里",高雄市三民區開原街42號,"  1 ",85,三民第一分局
SF2358," 公寓"," 三民區"," 安泰里",高雄市三民區察哈爾二街14號之1,"  2 ",472,三民第一分局
SF2359," 公寓"," 三民區"," 港東里",高雄市三民區河北一路173號,"  1 ",99,三民第一分局
SF2360," 巴黎皇苑"," 三民區"," 德智里",高雄市三民區朝陽街31號,"  1 ",398,三民第一分局
SF2361," 公寓"," 三民區"," 安泰里",高雄市三民區北平二街75號,"  1 ",120,三民第一分局
SF2362," 上京正居"," 三民區"," 安宜里",高雄市三民區自立一路542之1號,"  1 ",235,三民第一分局
SF2363," 驛站華爾街"," 三民區"," 精華里",高雄市三民區九如二路446號,"  1 ",102,三民第一分局
SF2364," 公寓"," 三民區"," 安生里",高雄市三民區自忠街24號,"  1 ",124,三民第一分局
SF2365," 維富大廈"," 三民區"," 安生里",高雄市三民區察哈爾一街15號,"  1 ",102,三民第一分局
SF2366," 重慶新世家"," 三民區"," 民享里",高雄市三民區重慶街39號," 1、2",326,三民第一分局
SF2367," 金融機構"," 三民區"," 博惠里",高雄市三民區建國一路458號," 1、2",1222,三民第一分局
SF2369," 公寓"," 三民區"," 興德里",高雄市三民區三民街78號B," 1、2",703,三民第一分局
SF2370," 公寓"," 三民區"," 達勇里",高雄市三民區松江街187之1號,"  1 ",147,三民第一分局
SF2371," 透天"," 三民區"," 立德里",高雄市三民區中庸街20號,"  1 ",59,三民第一分局
SF2372," 公寓"," 三民區"," 安泰里",高雄市三民區察哈爾二街132號,"  1 ",426,三民第一分局
SF2373," 堅順吉鄰大樓"," 三民區"," 達勇里",高雄市三民區安寧街340號," 1、2",330,三民第一分局
SF2375," 泛美公園"," 三民區"," 安東里",高雄市三民區自由一路57號,"  1 ",433,三民第一分局
SF2376," 北吉林華廈"," 三民區"," 達德里",高雄市三民區吉林街319號,"  1 ",365,三民第一分局
SF2377," 公寓"," 三民區"," 安宜里",高雄市三民區興安街20號,"  1 ",74,三民第一分局
SF2378," 隆成建國"," 三民區"," 博愛里",高雄市三民區建國二路100號,"  1 ",228,三民第一分局
SF2379," 公寓"," 三民區"," 安泰里",高雄市三民區遼寧二街214號,"  1 ",158,三民第一分局
SF2380," 威尼斯大廈"," 三民區"," 裕民里",高雄市三民區同盟三路278號," 1、2",1739,三民第一分局
SF2382," 公寓"," 三民區"," 達仁里",高雄市三民區大連街282號,"  1 ",890,三民第一分局
SF2385," 公寓"," 三民區"," 達明里",高雄市三民區十全一路452號,"  1 ",120,三民第一分局
SF2386," 金石緣"," 三民區"," 德智里",高雄市三民區九如二路138號,"  1 ",211,三民第一分局
SF2387," 羅孚第"," 三民區"," 德西里",高雄市三民區中華二路355號," 1、2",979,三民第一分局
SF2388," 英雄世家"," 三民區"," 興德里",高雄市三民區建國三路297號," 1、2",233,三民第一分局
SF2389," 王家之戀"," 三民區"," 德智里",高雄市三民區九如二路38號,"  1 ",158,三民第一分局
SF2390," 十全錄"," 三民區"," 民享里",高雄市三民區十全二路2號,"  1 ",211,三民第一分局
SF2391," 公寓"," 三民區"," 興德里",高雄市三民區三民街50號,"  1 ",140,三民第一分局
SF2392," 翡翠園"," 三民區"," 民享里",高雄市三民區重慶街349巷8號," 1、2",603,三民第一分局
SF2394," 公寓"," 三民區"," 安泰里",高雄市三民區天津街12之4號,"  1 ",206,三民第一分局
SF2395," 宿善大廈"," 三民區"," 安宜里",高雄市三民區漢口街342號,"  1 ",86,三民第一分局
SF2396," 東帝士站前大樓"," 三民區"," 港東里",高雄市三民區南華路228號," 1、2",471,三民第一分局
SF2397," 公寓"," 三民區"," 達德里",高雄市三民區瀋陽街23號,"  1 ",55,三民第一分局
SF2398," 都會風采"," 三民區"," 港東里",高雄市三民區建國二路22號," 1、2",279,三民第一分局
SF2399," 公寓"," 三民區"," 博愛里",高雄市三民區長明街11號,"  1 ",131,三民第一分局
SF2401," 站前銀座"," 三民區"," 長明里",高雄市三民區長明街178之2號," 1、2",443,三民第一分局
SF2402," 公寓"," 三民區"," 安東里",高雄市三民區北平一街120號,"  1 ",111,三民第一分局
SF2403," 河北曉堤"," 三民區"," 港東里",高雄市三民區河北一路170號,"  1 ",126,三民第一分局
SF2406," 松江麗園"," 三民區"," 安東里",高雄市三民區萬全街121號,"  1 ",282,三民第一分局
SF2407," 美奇萊廣場"," 三民區"," 德智里",高雄市三民區十全一路161號," 1、2",1374,三民第一分局
SF2409," 大樓"," 三民區"," 力行里",高雄市三民區九如三路271號,"  1 ",76,三民第一分局
SF2410," 大樓"," 三民區"," 興德里",高雄市三民區建國三路6號B," 1、2、3",1383,三民第一分局
SF2411," 大樓"," 三民區"," 立德里",高雄市三民區市中一路385號之1," 1、2",1234,三民第一分局
SF2413," 公寓"," 三民區"," 安泰里",高雄市三民區天津街30號,"  1 ",105,三民第一分局
SF2414," 公寓"," 三民區"," 十美里",高雄市三民區自立一路315號,"  1 ",341,三民第一分局
SF2415," 公寓"," 三民區"," 安宜里",高雄市三民區漢口街215號,"  1 ",186,三民第一分局
SF2417," 公寓"," 三民區"," 鳳北里",高雄市三民區三德西街51號之1,"  1 ",195,三民第一分局
SF2418," 綠綠花花大樓"," 三民區"," 安和里",高雄市三民區同盟一路397號," 1、2",429,三民第一分局
SF2419," 奇異果商旅"," 三民區"," 達仁里",高雄市三民區大連街88號,"  1 ",196,三民第一分局
SF2421," 公寓"," 三民區"," 安東里",高雄市三民區十全一路215號,"  1 ",116,三民第一分局
SF2422," 龍誠后邑"," 三民區"," 民享里",高雄市三民區十全二路135號,"  1 ",279,三民第一分局
SF2423," 翰林十全"," 三民區"," 民享里",高雄市三民區十全二路341號,"  1 ",463,三民第一分局
SF2424," 公寓"," 三民區"," 德西里",高雄市三民區中華二路102巷8號,"  1 ",487,三民第一分局
SF2425," 高醫大學醫院"," 三民區"," 德智里",高雄市三民區十全一路100號,"  1 ",1193,三民第一分局
SF2426," 雅園大樓"," 三民區"," 港西里",高雄市三民區中山一路325巷2號,"  1 ",182,三民第一分局
SF2427," 公寓"," 三民區"," 民享里",高雄市三民區十全二路306號,"  1 ",82,三民第一分局
SF2428," 十全十美大樓"," 三民區"," 德智里",高雄市三民區十全一路191號,"  1 ",122,三民第一分局
SF2429," 大樓"," 三民區"," 興德里",高雄市三民區建國三路487號," 1、2",220,三民第一分局
SF2430," 自立龍邸"," 三民區"," 興德里",高雄市三民區自立一路305號,"  1 ",252,三民第一分局
SF2431," 大樓"," 三民區"," 民享里",高雄市三民區重慶街372號,"  1 ",129,三民第一分局
SF2432," 巴黎爵位"," 三民區"," 民享里",高雄市三民區重慶街1之5號,"  1 ",155,三民第一分局
SF2433," 大樓"," 三民區"," 精華里",高雄市三民區哈爾濱街290號," 1、2",646,三民第一分局
SF2436," 大樓"," 三民區"," 安宜里",高雄市三民區興安街85號," 1、2",1117,三民第一分局
SF2437," 聖田住家"," 三民區"," 德北里",高雄市三民區更新街120號," 1、2",323,三民第一分局
SF2438," 公寓"," 三民區"," 德北里",高雄市三民區更新街119號," 1、2",481,三民第一分局
SF2440," 健保局舊大樓"," 三民區"," 德智里",高雄市三民區九如二路157號," 1、2",981,三民第一分局
SF2441," 旅行家商旅"," 三民區"," 建東里",高雄市三民區河北二路50之7號,"  1 ",128,三民第一分局
SF2442," 公寓"," 三民區"," 精華里",高雄市三民區哈爾濱街358之3號,"  1 ",102,三民第一分局
SF2444," 公寓"," 三民區"," 精華里",高雄市三民區九如二路532號,"  1 ",141,三民第一分局
SF2445," 大樓"," 三民區"," 安泰里",高雄市三民區同盟二路21之2號,"  1 ",695,三民第一分局
SF2447," 新樓中樓"," 三民區"," 建東里",高雄市三民區南台路195巷15之1號," 1、2、3",959,三民第一分局
SF2448," 山集團"," 三民區"," 興德里",高雄市三民區自立一路71號," 1、2",2563,三民第一分局
SF2449," 梵塞荷大樓"," 三民區"," 興德里",高雄市三民區三民街1號," 1、2",2917,三民第一分局
SF2452," 大樓"," 三民區"," 民享里",高雄市三民區十全二路128號," 1、2、3",446,三民第一分局
SF2453," 三民華廈"," 三民區"," 安泰里",高雄市三民區同盟二路61號,"  1 ",1963,三民第一分局
SF2456," 大樓"," 三民區"," 港西里",高雄市三民區建國三路2之2號," 1、2、3",1134,三民第一分局
SF2460," 高雄醫學大學"," 三民區"," 安東里",高雄市三民區自由一路100號," 1、2",1007,三民第一分局
SF2461," 公寓"," 三民區"," 德北里",高雄市三民區通化街117號,"  1 ",192,三民第一分局
SF2462," 晶悅河畔"," 三民區"," 裕民里",高雄市三民區同盟三路246巷31號," 1、2",1186,三民第一分局
SF2464," 南和興產業大樓"," 三民區"," 安和里",高雄市三民區同盟一路365號," 1、2",1158,三民第一分局
SF2465," 大樓"," 三民區"," 千北里",高雄市三民區中和街185號,"  1 ",1723,三民第一分局
SF2466," 寬庭大廈"," 三民區"," 博惠里",高雄市三民區凱歌路85之2號,"  1 ",621,三民第一分局
SF2467," 大樓"," 三民區"," 德智里",高雄市三民區九如二路18號,"  1 ",118,三民第一分局
SF2469," 大樓"," 三民區"," 安東里",高雄市三民區合江街109號,"  2 ",768,三民第一分局
SF2470," 大樓"," 三民區"," 安東里",高雄市三民區合江街107號,"  2 ",768,三民第一分局
SF2471," 愛河之心大樓"," 三民區"," 達仁里",高雄市三民區大連街362號,"  1 ",278,三民第一分局
SF2472," 天鴻居公寓"," 三民區"," 德智里",高雄市三民區晉元街23號,"  1 ",147,三民第一分局
SF2474," 三民第一分局"," 三民區"," 安和里",高雄市三民區同盟一路367號," 1、2、3",608,三民第一分局
SF2475," 京緻大樓"," 三民區"," 德智里",高雄市三民區青島街26號," 1、2",1129,三民第一分局
SF2476," 富春大樓"," 三民區"," 德智里",高雄市三民區青島街16號," 1、2",743,三民第一分局
SF2477," 基督長老教會"," 三民區"," 同德里",高雄市三民區山東街142號," 1、2",864,三民第一分局
SF2480," 幸福川大樓"," 三民區"," 建東里",高雄市三民區建東里繼光街1號," 1、2",720,三民第一分局
SF2482," 德勒斯登"," 三民區"," 達明里",高雄市三民區博愛一路396號," 3、4、5",1000,三民第一分局
SF2483," 御盟建國"," 三民區"," 港西里",高雄市三民區港西里建國三路113號," 1、2、3",724,三民第一分局
SF2485," 大樓"," 三民區"," 千北里",高雄市三民區建國三路252之1號," 1、2、3",322,三民第一分局
SF2487," 百達儷景"," 三民區"," 十全里",高雄市三民區中華二路212號," 1、2、3",732,三民第一分局
SF2488," 帝景苑"," 三民區"," 興德里",高雄市三民區建國三路335號," 3、4、5",5800,三民第一分局
SF2494," 太普君臨"," 三民區"," 港西里",高雄市三民區六合路20號," 1、2、3",1194,三民第一分局
SF2496," 四季旅建築"," 三民區"," 安邦里",高雄市三民區中華二路358號," 1、2",388,三民第一分局
SF2497," 城真大樓"," 三民區"," 十全里",高雄市三民區中華二路292號," 1、2、3",244,三民第一分局
SF2498," 維格大樓"," 三民區"," 安邦里",高雄市三民區同協路199號,"  1 ",747,三民第一分局
SF2500," 文化尚品"," 三民區"," 博惠里",高雄市三民區民族一路2巷90號," 1、2",684,三民第一分局
SF2502," 棋琴18重奏"," 三民區"," 安邦里",高雄市三民區十全二路318之2號," 1、2、3",2326,三民第一分局
SF2506," 公寓"," 三民區"," 達勇里",高雄市三民區安寧街437號,"  1 ",196,三民第一分局
SF2508," 恆上沐悅"," 三民區"," 建東里",高雄市三民區河北二路228號," 1、2、3",1626,三民第一分局
SF2511," 大樓"," 三民區"," 安東里",高雄市三民區萬全街1號," 1、2",904,三民第一分局
SF2513," 透天"," 三民區"," 安邦里",高雄市三民區博愛一路267號,"  1 ",118,三民第一分局
SF2514," 公寓"," 三民區"," 千歲里",高雄市三民區自強一路207巷28號,"  1 ",159,三民第一分局
SF2515," 大樓"," 三民區"," 興德里",高雄市三民區建國三路241號," 1、2、3",3009,三民第一分局
SF2516," 大樓"," 三民區"," 安邦里",高雄市三民區康平街268號,"  1 ",956,三民第一分局
SF2517," 韻綠"," 三民區"," 德西里",高雄市三民區熱河三街52號," 1、2、3",556,三民第一分局
SF2518," 新站37"," 三民區"," 興德里",高雄市三民區三民街66號," 1、2、3",741,三民第一分局
SF2519," 大樓"," 三民區"," 德西里",高雄市三民區遼北街209號," 2、3",1501,三民第一分局
SF2520," 公寓"," 三民區"," 安邦里",高雄市三民區重慶街199號,"  1 ",571,三民第一分局
SF2521," 華友聯IN"," 三民區"," 安東里",高雄市三民區北平一街56號," 1、2、3",3075,三民第一分局
SF2522," 公寓"," 三民區"," 達明里",高雄市三民區十全一路259號," 1、2、3",504,三民第一分局
SF2523," 星帝標"," 三民區"," 鳳南里",高雄市三民區建國三路383號," 2、3、4、5",2905,三民第一分局
SF2524," 上銘蒔尚"," 三民區"," 德西里",高雄市三民區遼寧三街39號," 1、2、3",1922,三民第一分局
SF2525," 大樓"," 三民區"," 德西里",高雄市三民區德旺街103號," 1、2、3",2544,三民第一分局
SF2526," 大樓"," 三民區"," 安東里",高雄市三民區合江街57號,"  1 ",238,三民第一分局
SF2527," 大樓"," 三民區"," 安和里",高雄市三民區大連街369號,"  1 ",423,三民第一分局
SF2528," 甲六園淳白"," 三民區"," 安東里",高雄市三民區大連街385號," 1、2、3",2221,三民第一分局
SF2529," 美樹大悅"," 三民區"," 德西里",高雄市三民區十全三路2號," 1、2、3",3785,三民第一分局
SF2530," 上美術"," 三民區"," 德西里",高雄市三民區十全三路58號," 1、2",5816,三民第一分局
SF2531," 太普明日站"," 三民區"," 德北里",高雄市三民區通化街3號," 1、2、3、4",3015,三民第一分局
SF2532," 太普明日"," 三民區"," 德北里",高雄市三民區康平街3號," 2、3、4、5",4797,三民第一分局
SF2533," 三民區公所"," 三民區"," 安邦里",高雄市三民區哈爾濱街215號,"  1 ",1023,三民第一分局
SF2534," 十全國小"," 三民區"," 安邦里",高雄市三民區十全二路162號,"  1 ",1148,三民第一分局
SF2535," 高雄中學體育館"," 三民區"," 建東里",高雄市三民區建國三路50號,"  1 ",2408,三民第一分局
SF2536," 高雄中學"," 三民區"," 建東里",高雄市三民區建國三路50號,"  1 ",1223,三民第一分局
SF2537," 三民國中"," 三民區"," 安東里",高雄市三民區十全一路200號,"  1 ",2984,三民第一分局
SF2538," 大樓"," 三民區"," 安東里",高雄市三民區大連街336號," 1、2",1492,三民第一分局
SF2539," 棋琴文化苑"," 三民區"," 安和里",高雄市三民區北安街96號," 1、2、3",2725,三民第一分局
SF2540,大樓," 三民區"," 千歲里",高雄市三民區建國三路441號,1,289,三民第一分局
